week_date,regime_int,regime_label,regime_prob_0,regime_prob_1,regime_prob_2,regime_prob_3
2000-01-03,0.0,NORMAL,1.0,2.5179236751915234e-155,0.0,6.527745539507247e-57
2000-01-10,0.0,NORMAL,0.999941063422546,2.150660286225946e-12,0.0,5.893657535504507e-05
2000-01-17,0.0,NORMAL,0.9999396508769,2.7879913760501685e-12,0.0,6.034912034799383e-05
2000-01-24,0.0,NORMAL,0.9999226549354728,1.3478047071419414e-11,0.0,7.734505100941924e-05
2000-01-31,0.0,NORMAL,0.9994717097462033,1.457916802480823e-11,0.0,0.0005282902392458262
2000-02-07,0.0,NORMAL,0.9999437825406539,1.1648328925350256e-12,0.0,5.6217458190416917e-05
2000-02-14,0.0,NORMAL,0.9999536317692614,2.7304988360261348e-11,0.0,4.636820337788032e-05
2000-02-21,0.0,NORMAL,0.999038392044443,3.5140372434544767e-09,0.0,0.0009616044415645034
2000-02-28,0.0,NORMAL,0.9782342026084025,1.9130733177056275e-07,0.0,0.021765606084214646
2000-03-06,0.0,NORMAL,0.9451396330380866,5.921402661184797e-07,0.0,0.054859774821620154
2000-03-13,3.0,SUPPLY_SHOCK_3,0.05818527197394538,0.00018976461298880797,0.0,0.9416249634130481
2000-03-20,3.0,SUPPLY_SHOCK_3,0.28909182793995764,6.658591844825708e-06,0.0,0.7109015134681642
2000-03-27,0.0,NORMAL,0.9055331245557453,2.8652317786637154e-07,0.0,0.09446658892113208
2000-04-03,0.0,NORMAL,0.9815191303225969,2.987184651359613e-08,0.0,0.018480839805573954
2000-04-10,0.0,NORMAL,0.9972980084789321,9.744125125027058e-10,0.0,0.002701990546688178
2000-04-17,0.0,NORMAL,0.9943063087823054,1.491277633917496e-09,0.0,0.005693689726363475
2000-04-24,0.0,NORMAL,0.9946621405971671,2.994114964857405e-10,0.0,0.005337859103472583
2000-05-01,0.0,NORMAL,0.9978306929352144,4.55248254992092e-13,0.0,0.002169307064325248
2000-05-08,0.0,NORMAL,0.9999937339777809,7.16239586794551e-14,0.0,6.26602212238539e-06
2000-05-15,0.0,NORMAL,0.9993783892957894,1.743986590628737e-10,0.0,0.0006216105298204676
2000-05-22,0.0,NORMAL,0.9974380769843405,6.349139188185044e-09,0.0,0.0025619166664752747
2000-05-29,0.0,NORMAL,0.9917414389293632,5.8461694598328886e-08,0.0,0.008258502608938623
2000-06-05,0.0,NORMAL,0.969495219531963,1.5796864589658023e-06,0.0,0.03050320078158574
2000-06-12,0.0,NORMAL,0.8839990788580504,1.1894646148449568e-06,0.0,0.1159997316773598
2000-06-19,3.0,SUPPLY_SHOCK_3,0.25815866518211533,6.0189467890819983e-05,0.0,0.7417811453499976
2000-06-26,3.0,SUPPLY_SHOCK_3,0.22869768928488013,6.250825475348398e-05,0.0,0.7712398024603335
2000-07-03,3.0,SUPPLY_SHOCK_3,0.29331485075988356,6.358534739391794e-05,0.0,0.7066215638927235
2000-07-10,3.0,SUPPLY_SHOCK_3,0.27421015468446985,1.8175744753520655e-05,0.0,0.725771669570794
2000-07-17,3.0,SUPPLY_SHOCK_3,0.19844289774392374,1.1714449134340926e-06,0.0,0.8015559308112088
2000-07-24,3.0,SUPPLY_SHOCK_3,0.0019155309293134068,3.3828899150036967e-07,0.0,0.998084130781718
2000-07-31,3.0,SUPPLY_SHOCK_3,0.00012445702272947799,1.2508842441840849e-07,0.0,0.9998754178888523
2000-08-07,3.0,SUPPLY_SHOCK_3,0.0011326391661811766,2.8869545764250207e-08,0.0,0.9988673319642595
2000-08-14,0.0,NORMAL,0.8506736152684281,5.333594365975947e-12,0.0,0.14932638472625226
2000-08-21,0.0,NORMAL,0.9998308694132437,8.891087012983255e-14,0.0,0.00016913058668235897
2000-08-28,0.0,NORMAL,0.9999450385795308,3.9194124859831115e-12,0.0,5.496141651477871e-05
2000-09-04,0.0,NORMAL,0.9987075701224994,2.608459629389501e-09,0.0,0.0012924272690076025
2000-09-11,0.0,NORMAL,0.5180708578544423,8.395686327811007e-06,0.0,0.4819207464592726
2000-09-18,3.0,SUPPLY_SHOCK_3,0.016455489338238607,5.47076737385472e-05,0.0,0.9834898029880684
2000-09-25,3.0,SUPPLY_SHOCK_3,0.005333172144252611,2.5573538951250586e-05,0.0,0.9946412543168043
2000-10-02,3.0,SUPPLY_SHOCK_3,0.003108664430105747,4.759646301426846e-05,0.0,0.9968437391068306
2000-10-09,0.0,NORMAL,0.9906236784865637,2.5309080461184873e-09,0.0,0.009376318982481781
2000-10-16,0.0,NORMAL,0.997943323576639,3.254932464276679e-09,0.0,0.0020566731683975344
2000-10-23,0.0,NORMAL,0.9549481931618138,3.0202905853243044e-08,0.0,0.04505177663532965
2000-10-30,0.0,NORMAL,0.9992217222781036,6.333020522210979e-13,0.0,0.0007782777212456478
2000-11-06,0.0,NORMAL,0.9999838288417925,3.285119558427994e-14,0.0,1.6171158190877276e-05
2000-11-13,0.0,NORMAL,0.999993196397734,6.647517815289256e-13,0.0,6.803601653921417e-06
2000-11-20,0.0,NORMAL,0.9997268616318843,1.2444303865759287e-10,0.0,0.00027313824365041123
2000-11-27,0.0,NORMAL,1.0,3.631066523046779e-157,0.0,2.6399635319079647e-57
2000-12-04,0.0,NORMAL,0.9999698395477908,1.332022156723337e-12,0.0,3.0160450141065762e-05
2000-12-11,0.0,NORMAL,0.997198184211513,2.3821982819939526e-10,0.0,0.002801815550639256
2000-12-18,0.0,NORMAL,0.9905151625832004,1.336925917289242e-10,0.0,0.009484837283005709
2000-12-25,0.0,NORMAL,0.8639824890607524,1.1975004816095604e-08,0.0,0.13601749896466758
2001-01-01,3.0,SUPPLY_SHOCK_3,0.0031725166401456078,5.442310900774011e-08,0.0,0.9968274289362722
2001-01-08,3.0,SUPPLY_SHOCK_3,0.005335920954796444,5.114372093319732e-08,0.0,0.9946640279020115
2001-01-15,3.0,SUPPLY_SHOCK_3,0.0004034126900763424,6.802207252249301e-08,0.0,0.9995965192870296
2001-01-22,3.0,SUPPLY_SHOCK_3,1.0271084225048068e-06,9.10114695680218e-06,0.0,0.9999898717454881
2001-01-29,3.0,SUPPLY_SHOCK_3,8.752541074583899e-06,2.7296981638937777e-05,0.0,0.9999639504771606
2001-02-05,3.0,SUPPLY_SHOCK_3,0.0008146501556578352,0.001052389239414756,0.0,0.9981329606046415
2001-02-12,3.0,SUPPLY_SHOCK_3,0.3653500611364678,1.5581203077482789e-06,0.0,0.6346483807434079
2001-02-19,0.0,NORMAL,0.8911424968904624,1.1651076300848979e-07,0.0,0.10885738659880098
2001-02-26,0.0,NORMAL,0.9746379436585405,4.204491260838006e-08,0.0,0.025362014296626375
2001-03-05,0.0,NORMAL,0.9829778567136987,1.7214887801933644e-09,0.0,0.0170221415649748
2001-03-12,0.0,NORMAL,0.9879182372785293,1.4351973508076364e-09,0.0,0.012081761286259112
2001-03-19,0.0,NORMAL,0.9987034877560828,6.186507912446014e-11,0.0,0.0012965121825045474
2001-03-26,0.0,NORMAL,0.9932736455076595,9.860646090343583e-11,0.0,0.00672635439380612
2001-04-02,0.0,NORMAL,0.8694256180564676,2.4504789141032305e-08,0.0,0.1305743574384179
2001-04-09,3.0,SUPPLY_SHOCK_3,0.07804974587884285,1.2215189386033601e-08,0.0,0.9219502419060585
2001-04-16,3.0,SUPPLY_SHOCK_3,2.0286838884513197e-05,7.520867355898831e-07,0.0,0.999978961075017
2001-04-23,3.0,SUPPLY_SHOCK_3,3.375354257494788e-07,4.160237686158747e-07,0.0,0.9999992464402677
2001-04-30,3.0,SUPPLY_SHOCK_3,2.0658794846390473e-08,9.24803033357327e-08,0.0,0.9999998868606845
2001-05-07,3.0,SUPPLY_SHOCK_3,6.150319681188188e-08,1.5982294889243085e-08,0.0,0.9999999225146924
2001-05-14,3.0,SUPPLY_SHOCK_3,2.3812064050633342e-08,1.9754254040113996e-08,0.0,0.9999999564333858
2001-05-21,3.0,SUPPLY_SHOCK_3,2.41222565883979e-07,7.2288680477194886e-09,0.0,0.9999997515479062
2001-05-28,3.0,SUPPLY_SHOCK_3,1.7739119788742245e-07,1.2763934829061723e-07,0.0,0.9999996949700755
2001-06-04,3.0,SUPPLY_SHOCK_3,3.053760381446605e-05,3.3929787637379754e-08,0.0,0.9999694284668499
2001-06-11,3.0,SUPPLY_SHOCK_3,9.392230452764031e-13,1.0051807904122174e-07,0.0,0.9999998994808317
2001-06-18,3.0,SUPPLY_SHOCK_3,1.8726453455120241e-06,8.133461040708504e-08,0.0,0.9999980460198449
2001-06-25,3.0,SUPPLY_SHOCK_3,4.666404126163387e-05,6.019194255194954e-08,0.0,0.9999532757667466
2001-07-02,3.0,SUPPLY_SHOCK_3,9.306815587921572e-08,5.993634944677922e-08,0.0,0.999999846995718
2001-07-09,3.0,SUPPLY_SHOCK_3,0.00307150140999058,3.0703530229768262e-09,0.0,0.9969284955203835
2001-07-16,3.0,SUPPLY_SHOCK_3,0.3639062643893023,5.992199605326385e-09,0.0,0.6360937296180733
2001-07-23,0.0,NORMAL,0.8238485812343755,5.1941962031181697e-11,0.0,0.1761514187139933
2001-07-30,0.0,NORMAL,0.9994223893426627,3.064689599982008e-13,0.0,0.0005776106566422594
2001-08-06,0.0,NORMAL,0.9999129152633518,2.1550810795703516e-11,0.0,8.708471552850859e-05
2001-08-13,0.0,NORMAL,0.996524528049498,3.6100261437573124e-09,0.0,0.0034754683402826825
2001-08-20,3.0,SUPPLY_SHOCK_3,0.43093053273240345,3.290249171351875e-07,0.0,0.5690691382427349
2001-08-27,3.0,SUPPLY_SHOCK_3,0.00028824565825660283,9.861143898353477e-07,0.0,0.9997107682272167
2001-09-03,3.0,SUPPLY_SHOCK_3,3.148452180152027e-12,0.0004342802864570107,0.0,0.9995657197101796
2001-09-10,3.0,SUPPLY_SHOCK_3,8.814351786522744e-12,1.1054129377044447e-05,0.0,0.9999889458624033
2001-09-17,3.0,SUPPLY_SHOCK_3,1.1962208940366742e-08,2.5297257756458503e-05,0.0,0.9999746907798505
2001-09-24,3.0,SUPPLY_SHOCK_3,1.6448975205374505e-05,1.0754056140337534e-06,0.0,0.9999824756185572
2001-10-01,3.0,SUPPLY_SHOCK_3,5.270744305810029e-11,4.468463891589535e-06,0.0,0.999995531484253
2001-10-08,3.0,SUPPLY_SHOCK_3,1.8170819727174234e-13,0.00016771077323635651,0.0,0.9998322892267041
2001-10-15,3.0,SUPPLY_SHOCK_3,9.769557677599717e-15,4.797123605516905e-06,0.0,0.9999952028762448
2001-10-22,3.0,SUPPLY_SHOCK_3,6.806696393261627e-14,1.18397461509353e-06,0.0,0.9999988160259551
2001-10-29,3.0,SUPPLY_SHOCK_3,4.947885629167163e-07,5.8213993687981106e-08,0.0,0.9999994469982704
2001-11-05,0.0,NORMAL,0.564739943166259,2.0954921542967642e-10,0.0,0.4352600566246151
2001-11-12,0.0,NORMAL,0.9463086045800023,1.218214435324314e-11,0.0,0.0536913954082645
2001-11-19,0.0,NORMAL,0.9986889886330609,1.3610049815283965e-10,0.0,0.0013110112309136738
2001-11-26,0.0,NORMAL,0.9935554894729889,2.7868083840686383e-11,0.0,0.00644451049854808
2001-12-03,0.0,NORMAL,0.9996753076944576,1.7477904745318107e-11,0.0,0.00032469228827742907
2001-12-10,0.0,NORMAL,0.9999026598228147,1.1101766111793016e-11,0.0,9.734016596983805e-05
2001-12-17,0.0,NORMAL,0.9947030167316151,5.256886332210323e-11,0.0,0.00529698321563146
2001-12-24,0.0,NORMAL,0.7252969599012475,1.4230353480273331e-07,0.0,0.274702897795241
2001-12-31,0.0,NORMAL,0.599496755840003,1.5138902973264288e-08,0.0,0.40050322902099017
2002-01-07,3.0,SUPPLY_SHOCK_3,0.03784337358588353,2.2583630434635784e-07,0.0,0.9621564005781297
2002-01-14,3.0,SUPPLY_SHOCK_3,0.0014864071918756644,5.334705742805439e-07,0.0,0.9985130593379545
2002-01-21,3.0,SUPPLY_SHOCK_3,0.001329685761271951,4.176766264814272e-07,0.0,0.9986698965618788
2002-01-28,3.0,SUPPLY_SHOCK_3,0.054634887251719735,2.973668067792027e-07,0.0,0.9453648153812331
2002-02-04,3.0,SUPPLY_SHOCK_3,0.1299790553857028,1.3725486515934499e-06,0.0,0.8700195720659409
2002-02-11,0.0,NORMAL,0.7958252749574757,1.377462578464695e-08,0.0,0.2041747112679036
2002-02-18,0.0,NORMAL,0.9864213902126883,1.0347409453439188e-08,0.0,0.01357859944056274
2002-02-25,0.0,NORMAL,0.997185438188882,5.84599346038197e-09,0.0,0.002814555964324446
2002-03-04,0.0,NORMAL,0.9910860151469048,1.227222406245586e-09,0.0,0.008913983625063078
2002-03-11,3.0,SUPPLY_SHOCK_3,2.9016456416147056e-07,6.192563895467063e-05,0.0,0.9999377841960145
2002-03-18,3.0,SUPPLY_SHOCK_3,7.172323658015434e-08,5.611474058688155e-06,0.0,0.9999943168020368
2002-03-25,3.0,SUPPLY_SHOCK_3,2.0650803373869925e-08,3.926715102633432e-06,0.0,0.9999960526334382
2002-04-01,3.0,SUPPLY_SHOCK_3,2.9902342182221117e-10,1.1234883053324878e-05,0.0,0.9999887648185866
2002-04-08,3.0,SUPPLY_SHOCK_3,4.384131310811929e-10,4.212932831049661e-05,0.0,0.9999578702334461
2002-04-15,3.0,SUPPLY_SHOCK_3,5.8984146104412605e-06,2.654403204399595e-06,0.0,0.9999914471829608
2002-04-22,3.0,SUPPLY_SHOCK_3,6.027086574067065e-05,1.8857335558104897e-06,0.0,0.9999378434004377
2002-04-29,3.0,SUPPLY_SHOCK_3,0.00016613650332068732,8.62434398201504e-07,0.0,0.9998330010618266
2002-05-06,3.0,SUPPLY_SHOCK_3,0.006998969450633314,1.3454077705914057e-06,0.0,0.9929996851423087
2002-05-13,3.0,SUPPLY_SHOCK_3,0.15882485004657598,3.00709339557603e-08,0.0,0.8411751198831426
2002-05-20,0.0,NORMAL,0.6092693945028592,1.5451359609267141e-09,0.0,0.39073060395224546
2002-05-27,0.0,NORMAL,0.9922708059288042,2.156159185285022e-11,0.0,0.007729194048863902
2002-06-03,0.0,NORMAL,0.9993762411298138,3.1704875840958387e-12,0.0,0.0006237588664298484
2002-06-10,0.0,NORMAL,0.9999429289170462,4.604866474068698e-15,0.0,5.7071083765818605e-05
2002-06-17,0.0,NORMAL,0.9999571003570856,1.7438915885931375e-13,0.0,4.289964236706451e-05
2002-06-24,0.0,NORMAL,0.9998587456850061,1.2849824050027813e-12,0.0,0.00014125431434044799
2002-07-01,0.0,NORMAL,0.9998944958150201,2.473096525711536e-14,0.0,0.00010550418450870444
2002-07-08,0.0,NORMAL,0.9999050771892146,4.7158997405266803e-14,0.0,9.492281073517092e-05
2002-07-15,0.0,NORMAL,0.999888029523405,1.8294407028738113e-13,0.0,0.00011197047647295004
2002-07-22,0.0,NORMAL,0.9996775382558263,9.546857905221616e-14,0.0,0.0003224617442881977
2002-07-29,0.0,NORMAL,0.9999741741691459,1.6079081130698673e-15,0.0,2.582583141773555e-05
2002-08-05,0.0,NORMAL,0.9999973374832709,3.248604894074634e-15,0.0,2.6625162028625167e-06
2002-08-12,0.0,NORMAL,0.999982209274099,5.007571129547049e-16,0.0,1.7790726288897487e-05
2002-08-19,0.0,NORMAL,0.9999992317646724,4.3124974727288207e-16,0.0,7.682348370808096e-07
2002-08-26,0.0,NORMAL,0.9999963450275974,6.422974114273712e-15,0.0,3.6549726404594243e-06
2002-09-02,0.0,NORMAL,0.9999867977838426,1.723792430672826e-14,0.0,1.3202215250556606e-05
2002-09-09,0.0,NORMAL,0.9999979883452622,1.4393389902564585e-15,0.0,2.011654726071707e-06
2002-09-16,0.0,NORMAL,0.9999950521937158,1.9453644462892543e-16,0.0,4.947806196291546e-06
2002-09-23,0.0,NORMAL,0.9999985878376686,1.1399833527022833e-15,0.0,1.412162791497168e-06
2002-09-30,0.0,NORMAL,0.9999917551989446,1.2731963953184686e-14,0.0,8.244800562072957e-06
2002-10-07,0.0,NORMAL,0.9999880722991423,9.47950845341773e-15,0.0,1.1927701242284725e-05
2002-10-14,0.0,NORMAL,0.9999861852947285,3.714913505618852e-14,0.0,1.3814705372195801e-05
2002-10-21,0.0,NORMAL,0.9999742391981586,3.126238530664418e-13,0.0,2.5760802362707224e-05
2002-10-28,0.0,NORMAL,0.9998702206686718,1.5586886737547858e-11,0.0,0.00012977931554144655
2002-11-04,0.0,NORMAL,0.9971621800645205,1.5876343010170402e-09,0.0,0.002837818348398653
2002-11-11,0.0,NORMAL,0.9955855843132994,1.1096466628620309e-11,0.0,0.004414415675029284
2002-11-18,0.0,NORMAL,0.9982468390410872,4.2490072165005685e-12,0.0,0.0017531609554845096
2002-11-25,0.0,NORMAL,0.9987177604198327,8.35304225755678e-12,0.0,0.001282239571151502
2002-12-02,0.0,NORMAL,0.999174691776123,2.5377477500836944e-12,0.0,0.0008253082218337957
2002-12-09,0.0,NORMAL,0.9995132574054171,5.331995224874365e-12,0.0,0.0004867425883688601
2002-12-16,0.0,NORMAL,0.9978356213290986,7.936018480038094e-11,0.0,0.002164378591359546
2002-12-23,0.0,NORMAL,0.9821646007471738,6.4654000318018566e-09,0.0,0.017835392786718637
2002-12-30,0.0,NORMAL,0.9742509851087525,1.0170507561517863e-08,0.0,0.025749004720539037
2003-01-06,0.0,NORMAL,0.9627008105429047,1.447261346317376e-08,0.0,0.03729917498461907
2003-01-13,0.0,NORMAL,0.9745712530177087,1.4761077919307118e-09,0.0,0.025428745505868298
2003-01-20,0.0,NORMAL,0.9989532383802474,1.1742492380358754e-11,0.0,0.0010467616077198233
2003-01-27,0.0,NORMAL,0.999979520979255,7.886367718784587e-12,0.0,2.0479013116280958e-05
2003-02-03,0.0,NORMAL,0.9997480131313935,1.0831103810305459e-09,0.0,0.0002519857854002032
2003-02-10,0.0,NORMAL,0.9689061424570707,2.828975267252813e-07,0.0,0.03109357464527154
2003-02-17,0.0,NORMAL,0.8643248173930169,6.656172535190663e-06,0.0,0.13566852643421137
2003-02-24,0.0,NORMAL,0.8198762918225994,2.1831843368873156e-05,0.0,0.18010187633492145
2003-03-03,0.0,NORMAL,0.8650817397106604,5.024804739923474e-06,0.0,0.1349132354844134
2003-03-10,0.0,NORMAL,0.9745828799634539,4.316268630626881e-07,0.0,0.0254166884099797
2003-03-17,0.0,NORMAL,0.976200239747353,2.3121786682817066e-08,0.0,0.023799737131297606
2003-03-24,0.0,NORMAL,0.8379060724690242,6.602301223766936e-08,0.0,0.1620938615086245
2003-03-31,3.0,SUPPLY_SHOCK_3,4.367751282143376e-05,6.331337842160115e-07,0.0,0.9999556893539564
2003-04-07,3.0,SUPPLY_SHOCK_3,8.016519851646555e-08,1.3660655706207324e-05,0.0,0.9999862591792411
2003-04-14,3.0,SUPPLY_SHOCK_3,1.2965026946741525e-05,3.412263104071385e-08,0.0,0.9999870008495212
2003-04-21,3.0,SUPPLY_SHOCK_3,0.00012248997254988493,1.0532917668618498e-07,0.0,0.9998774046974085
2003-04-28,3.0,SUPPLY_SHOCK_3,0.00011501327229471182,5.399063004447777e-07,0.0,0.9998844468220344
2003-05-05,3.0,SUPPLY_SHOCK_3,2.111870929104242e-06,2.501194706638199e-07,0.0,0.9999976380104882
2003-05-12,3.0,SUPPLY_SHOCK_3,7.225437540218251e-06,9.765394452913574e-09,0.0,0.9999927647975517
2003-05-19,3.0,SUPPLY_SHOCK_3,0.0014853354765829209,5.150189468549078e-09,0.0,0.9985146593734249
2003-05-26,3.0,SUPPLY_SHOCK_3,0.0009799699017442197,4.483708244984607e-08,0.0,0.9990199852605526
2003-06-02,3.0,SUPPLY_SHOCK_3,0.004296613225672187,3.344438947125426e-08,0.0,0.9957033533305354
2003-06-09,3.0,SUPPLY_SHOCK_3,0.46912146874473154,1.264723659975731e-09,0.0,0.5308785299903053
2003-06-16,0.0,NORMAL,0.9641970624409595,3.744073584957772e-10,0.0,0.03580293718415406
2003-06-23,0.0,NORMAL,0.9936824180076755,9.158529375298086e-11,0.0,0.00631758190135712
2003-06-30,0.0,NORMAL,0.9961278747535074,1.3533963386810887e-11,0.0,0.0038721252332138867
2003-07-07,0.0,NORMAL,0.9999375846180208,1.5429978087089882e-14,0.0,6.241538228972054e-05
2003-07-14,0.0,NORMAL,0.9999917642974545,3.728959116927644e-14,0.0,8.235702928396257e-06
2003-07-21,0.0,NORMAL,0.999710337007835,4.3148725683536876e-13,0.0,0.0002896629923946876
2003-07-28,0.0,NORMAL,0.9999667818452864,2.562733650182641e-14,0.0,3.321815397224836e-05
2003-08-04,0.0,NORMAL,0.9999765432262315,5.556008182565077e-14,0.0,2.3456773947705213e-05
2003-08-11,0.0,NORMAL,0.9999074191804197,3.415289053180173e-12,0.0,9.258081701822594e-05
2003-08-18,0.0,NORMAL,0.9992057534717348,2.4015176184681744e-10,0.0,0.0007942462879007147
2003-08-25,0.0,NORMAL,0.8449870850954262,4.982149580138744e-08,0.0,0.15501286508256204
2003-09-01,3.0,SUPPLY_SHOCK_3,1.3412327220506396e-05,4.2192188513169686e-05,0.0,0.9999443954837555
2003-09-08,3.0,SUPPLY_SHOCK_3,0.00010077572120057037,1.491175611526564e-06,0.0,0.999897733103374
2003-09-15,3.0,SUPPLY_SHOCK_3,3.9827155281301233e-10,1.213785186786191e-07,0.0,0.9999998782223048
2003-09-22,3.0,SUPPLY_SHOCK_3,3.15633328910476e-05,2.721352092052681e-07,0.0,0.9999681645323906
2003-09-29,3.0,SUPPLY_SHOCK_3,1.1758181441878796e-08,1.1332462141927666e-07,0.0,0.9999998749172014
2003-10-06,3.0,SUPPLY_SHOCK_3,1.6386726591845073e-10,4.994602279386619e-06,0.0,0.9999950052330998
2003-10-13,3.0,SUPPLY_SHOCK_3,2.4945547332211597e-10,8.162166290128605e-07,0.0,0.9999991835342066
2003-10-20,3.0,SUPPLY_SHOCK_3,6.665832398127874e-07,5.932355099335773e-07,0.0,0.9999987401814656
2003-10-27,3.0,SUPPLY_SHOCK_3,0.12647679784193572,6.866710747567548e-09,0.0,0.873523195290454
2003-11-03,0.0,NORMAL,0.9629472453505235,4.897625128108024e-12,0.0,0.037052754643895604
2003-11-10,0.0,NORMAL,0.9997803609847483,8.55764085570386e-14,0.0,0.00021963901574079085
2003-11-17,0.0,NORMAL,0.9999329669011815,2.613759617259155e-13,0.0,6.703309898944807e-05
2003-11-24,0.0,NORMAL,0.9999704365131911,4.7229256515217565e-14,0.0,2.956348739802763e-05
2003-12-01,0.0,NORMAL,0.9999502763505771,5.865164680474737e-14,0.0,4.972364874070295e-05
2003-12-08,0.0,NORMAL,0.9998925834149435,1.2666922683103488e-13,0.0,0.00010741658555468908
2003-12-15,0.0,NORMAL,0.9997951315426687,2.1209255597463786e-13,0.0,0.00020486845747060367
2003-12-22,0.0,NORMAL,0.9999711059872245,3.9025221044156715e-13,0.0,2.8894013143472925e-05
2003-12-29,0.0,NORMAL,0.9994153133502323,6.348913146592008e-13,0.0,0.0005846866497759026
2004-01-05,0.0,NORMAL,0.9998543490653533,1.4653651647302771e-12,0.0,0.00014565093382015525
2004-01-12,0.0,NORMAL,0.9996640402789616,1.9152172455333462e-11,0.0,0.00033595970220860587
2004-01-19,0.0,NORMAL,0.999144352065132,2.4315197034348904e-11,0.0,0.0008556479101039358
2004-01-26,0.0,NORMAL,0.9999311037987704,8.326981793650771e-12,0.0,6.889619288744256e-05
2004-02-02,0.0,NORMAL,0.9999285766685704,6.6026602654700984e-12,0.0,7.142332488894897e-05
2004-02-09,0.0,NORMAL,0.9999673531655855,2.498425357733162e-12,0.0,3.26468313704005e-05
2004-02-16,0.0,NORMAL,0.999983864051629,5.925301485143806e-13,0.0,1.6135948408369763e-05
2004-02-23,0.0,NORMAL,0.9999363158201281,5.573581536750236e-13,0.0,6.368417940229065e-05
2004-03-01,0.0,NORMAL,0.9999829943235339,1.3876883782731534e-13,0.0,1.7005676035360224e-05
2004-03-08,0.0,NORMAL,0.9998431381304833,7.784708430522608e-13,0.0,0.00015686186841273774
2004-03-15,0.0,NORMAL,0.9999632178421942,4.713741557285096e-14,0.0,3.67821583460113e-05
2004-03-22,0.0,NORMAL,0.999937628236484,1.7492715563323518e-14,0.0,6.237176276579263e-05
2004-03-29,0.0,NORMAL,0.9999902611945268,2.6371839909248626e-15,0.0,9.738805628120586e-06
2004-04-05,0.0,NORMAL,0.9999731776383878,1.4862144622210307e-14,0.0,2.6822362361994125e-05
2004-04-12,0.0,NORMAL,0.9998679060803861,2.6570965004230258e-14,0.0,0.00013209391941885166
2004-04-19,0.0,NORMAL,0.9995451718948193,2.1942130963281038e-13,0.0,0.00045482810432782297
2004-04-26,0.0,NORMAL,0.9999816927831991,1.791204775185985e-14,0.0,1.8307216176419965e-05
2004-05-03,0.0,NORMAL,0.9996336759355287,1.6138761697524296e-12,0.0,0.00036632406244008843
2004-05-10,0.0,NORMAL,0.9546904536973295,1.6119158045711567e-10,0.0,0.045309546141304946
2004-05-17,3.0,SUPPLY_SHOCK_3,0.34717224095744975,2.5811854521931312e-08,0.0,0.6528277332309987
2004-05-24,3.0,SUPPLY_SHOCK_3,0.13275767591727705,3.3830556835437845e-08,0.0,0.8672422902512678
2004-05-31,3.0,SUPPLY_SHOCK_3,0.04228405482161138,3.290601954482276e-08,0.0,0.957715912272174
2004-06-07,3.0,SUPPLY_SHOCK_3,0.0016052225687779645,8.940887705313273e-08,0.0,0.9983946880232485
2004-06-14,3.0,SUPPLY_SHOCK_3,5.099993757269053e-08,2.7531770143646237e-08,0.0,0.9999999214687736
2004-06-21,3.0,SUPPLY_SHOCK_3,1.704424659777543e-05,7.165251924020487e-08,0.0,0.9999828841001136
2004-06-28,3.0,SUPPLY_SHOCK_3,2.9821835860360447e-07,2.7272675317888654e-07,0.0,0.999999429055769
2004-07-05,3.0,SUPPLY_SHOCK_3,8.506615996832911e-07,2.086432898902249e-07,0.0,0.999998940695711
2004-07-12,3.0,SUPPLY_SHOCK_3,0.00316950258540562,9.283339335407513e-08,0.0,0.9968304045810058
2004-07-19,3.0,SUPPLY_SHOCK_3,0.28253973250155673,3.7273359431742375e-09,0.0,0.7174602637718873
2004-07-26,0.0,NORMAL,0.9005977178941612,3.1072915701897327e-10,0.0,0.099402281794773
2004-08-02,0.0,NORMAL,0.9900090927484695,3.5430972888053234e-11,0.0,0.009990907215888686
2004-08-09,0.0,NORMAL,0.999685234397294,1.174038829824097e-12,0.0,0.0003147656018840421
2004-08-16,0.0,NORMAL,0.9999471362829233,2.350365722382743e-14,0.0,5.286371715423233e-05
2004-08-23,0.0,NORMAL,0.9999901429431843,3.313534879963531e-15,0.0,9.857057085347251e-06
2004-08-30,0.0,NORMAL,0.999996545712347,6.68138503955994e-16,0.0,3.4542882006604224e-06
2004-09-06,0.0,NORMAL,0.9999967111506943,7.076159205883456e-16,0.0,3.2888490750799396e-06
2004-09-13,0.0,NORMAL,0.9999984950147748,8.604126076760239e-16,0.0,1.5049857444609665e-06
2004-09-20,0.0,NORMAL,0.9999984692961226,1.5580630331673688e-15,0.0,1.5307047786807095e-06
2004-09-27,0.0,NORMAL,0.9999897464365852,5.042877762406011e-14,0.0,1.0253563116272413e-05
2004-10-04,0.0,NORMAL,0.9999679766440605,1.2663162489822131e-14,0.0,3.202335641443709e-05
2004-10-11,0.0,NORMAL,0.9999967389393045,3.0225279307593066e-14,0.0,3.2610613965921033e-06
2004-10-18,0.0,NORMAL,0.9999808247395254,1.8791323400768632e-13,0.0,1.9175260593493675e-05
2004-10-25,0.0,NORMAL,0.9999897349097676,1.3268474922093577e-13,0.0,1.0265089253384725e-05
2004-11-01,0.0,NORMAL,0.999985148556569,1.94004528555473e-13,0.0,1.4851443024184863e-05
2004-11-08,0.0,NORMAL,0.9999789890995976,6.689960909125272e-13,0.0,2.1010899540271932e-05
2004-11-15,0.0,NORMAL,0.999932816917381,9.698363245536932e-12,0.0,6.718307270900677e-05
2004-11-22,0.0,NORMAL,0.9996869523535428,1.0093014233771924e-11,0.0,0.00031304763649975026
2004-11-29,0.0,NORMAL,0.9998442417807415,1.239181500731965e-11,0.0,0.00015575820713721467
2004-12-06,0.0,NORMAL,0.9997631940291848,3.348962410380606e-12,0.0,0.0002368059679722451
2004-12-13,0.0,NORMAL,0.998536842610317,1.7028218399415297e-11,0.0,0.0014631573730922098
2004-12-20,0.0,NORMAL,0.9995330613178691,2.2110565459654406e-11,0.0,0.0004669386604091277
2004-12-27,0.0,NORMAL,0.996953298122999,2.5825576077796267e-10,0.0,0.0030467016195390452
2005-01-03,0.0,NORMAL,0.9992126992828472,3.150020475721079e-12,0.0,0.0007873007133756963
2005-01-10,0.0,NORMAL,0.9995696298921147,1.5666900940591338e-12,0.0,0.0004303701061533023
2005-01-17,0.0,NORMAL,0.9998864640921148,3.303146779167318e-13,0.0,0.0001135359075905264
2005-01-24,0.0,NORMAL,0.9999099653748241,4.305602271667189e-12,0.0,9.003462007514165e-05
2005-01-31,0.0,NORMAL,0.9995859370798071,3.4174482038732176e-10,0.0,0.0004140625790935805
2005-02-07,0.0,NORMAL,0.9984220674675679,4.759080323642427e-10,0.0,0.0015779320558887003
2005-02-14,0.0,NORMAL,0.9998470808468007,1.3214468344651146e-11,0.0,0.00015291913951897523
2005-02-21,0.0,NORMAL,0.9998495466785534,1.2053287278692414e-10,0.0,0.0001504532010000932
2005-02-28,0.0,NORMAL,0.999552567287331,3.4367496202327575e-10,0.0,0.0004474323695044018
2005-03-07,0.0,NORMAL,0.8743963776471161,1.2401143017246272e-07,0.0,0.1256034983406999
2005-03-14,3.0,SUPPLY_SHOCK_3,4.467380347357671e-05,8.442402923626956e-07,0.0,0.9999544819557463
2005-03-21,0.0,NORMAL,0.9818556163989303,7.830923995349419e-10,0.0,0.018144382817240217
2005-03-28,0.0,NORMAL,0.9984313264346771,8.544164438303911e-11,0.0,0.0015686734791552045
2005-04-04,0.0,NORMAL,0.9994870790447589,1.1144375251615371e-10,0.0,0.0005129208431750329
2005-04-11,0.0,NORMAL,0.9949860180533573,4.982535718455277e-10,0.0,0.005013981447519634
2005-04-18,0.0,NORMAL,0.9817196430238926,8.815952566707386e-10,0.0,0.01828035609438242
2005-04-25,0.0,NORMAL,0.950828155581604,6.749199797193567e-09,0.0,0.04917183766887338
2005-05-02,0.0,NORMAL,0.9260671819703102,1.5427494501985247e-08,0.0,0.07393280260276616
2005-05-09,0.0,NORMAL,0.9312510184394136,2.2395430642509865e-09,0.0,0.0687489793206028
2005-05-16,0.0,NORMAL,0.9007723116869735,1.5289719728498416e-09,0.0,0.09922768678362565
2005-05-23,0.0,NORMAL,0.9417158988159603,3.033680877140135e-10,0.0,0.05828410088048011
2005-05-30,0.0,NORMAL,0.9768264173580335,5.386720073972008e-11,0.0,0.023173582588513923
2005-06-06,0.0,NORMAL,0.9959395221245563,7.297744933101393e-13,0.0,0.004060477875090502
2005-06-13,0.0,NORMAL,0.9999162229639543,2.6230356826140977e-14,0.0,8.377703561389223e-05
2005-06-20,0.0,NORMAL,0.9999500343879348,1.7827892546801447e-13,0.0,4.99656122939674e-05
2005-06-27,0.0,NORMAL,0.9998683300290786,8.792832938097913e-13,0.0,0.00013166996953668371
2005-07-04,0.0,NORMAL,0.9999383834613468,7.342246879693637e-13,0.0,6.161653803370911e-05
2005-07-11,0.0,NORMAL,0.9999486014552534,1.1794405453849652e-11,0.0,5.139853237254361e-05
2005-07-18,0.0,NORMAL,0.9909082333277567,2.1316513625250735e-09,0.0,0.009091764540088448
2005-07-25,0.0,NORMAL,0.9979892222689022,1.4278816733890049e-10,0.0,0.0020107775889510837
2005-08-01,0.0,NORMAL,0.9979515829030239,1.867619648958033e-09,0.0,0.002048415230106114
2005-08-08,0.0,NORMAL,0.9760470984939839,6.828690740096062e-09,0.0,0.023952894676631812
2005-08-15,3.0,SUPPLY_SHOCK_3,0.17423806462459882,1.1972030090165317e-06,0.0,0.8257607381717645
2005-08-22,3.0,SUPPLY_SHOCK_3,1.2796700905318005e-08,0.0017028041822762488,0.0,0.9982971830213407
2005-08-29,3.0,SUPPLY_SHOCK_3,3.03060474134147e-08,1.884814821380495e-05,0.0,0.999981121545655
2005-09-05,3.0,SUPPLY_SHOCK_3,8.722624848089516e-11,0.002950706662210375,0.0,0.997049293250987
2005-09-12,1.0,SUPPLY_SHOCK,7.44217005315313e-72,1.0,0.0,1.591223643970079e-16
2005-09-19,1.0,SUPPLY_SHOCK,1.219493321648438e-65,0.9999999823266991,0.0,1.7673988974981247e-08
2005-09-26,1.0,SUPPLY_SHOCK,8.720439381792656e-66,0.9999999999836291,0.0,1.6464285112585943e-11
2005-10-03,1.0,SUPPLY_SHOCK,3.7271197246267045e-57,0.9999999998963176,0.0,1.0328773764761032e-10
2005-10-10,1.0,SUPPLY_SHOCK,2.0076384083737075e-70,1.0,0.0,8.161450963513089e-16
2005-10-17,1.0,SUPPLY_SHOCK,8.032325163176807e-68,0.999999999829015,0.0,1.7144976505360614e-10
2005-10-24,1.0,SUPPLY_SHOCK,1.0863391440889197e-64,0.9999999997653504,0.0,2.341269626162767e-10
2005-10-31,1.0,SUPPLY_SHOCK,3.079748422603248e-65,0.9999998893436047,0.0,1.106572261532042e-07
2005-11-07,3.0,SUPPLY_SHOCK_3,5.481630495043409e-23,0.001573225798555124,0.0,0.9984267742020921
2005-11-14,3.0,SUPPLY_SHOCK_3,1.739160811965956e-16,5.451982747444981e-06,0.0,0.9999945480179495
2005-11-21,3.0,SUPPLY_SHOCK_3,9.81442485650496e-13,2.8718267135092724e-07,0.0,0.9999997128161752
2005-11-28,3.0,SUPPLY_SHOCK_3,1.613933548089629e-10,1.2117060768593133e-07,0.0,0.9999998786679571
2005-12-05,3.0,SUPPLY_SHOCK_3,0.008050893315179787,3.1468656897281536e-09,0.0,0.991949103538777
2005-12-12,3.0,SUPPLY_SHOCK_3,0.00012051257224944689,3.7031633069346426e-07,0.0,0.9998791171110946
2005-12-19,3.0,SUPPLY_SHOCK_3,0.0006112734216326954,1.5178489700175688e-07,0.0,0.9993885747926078
2005-12-26,3.0,SUPPLY_SHOCK_3,0.004393879417404249,2.440916058630763e-07,0.0,0.9956058764911488
2006-01-02,3.0,SUPPLY_SHOCK_3,0.03078884515878851,4.5695001887179917e-07,0.0,0.9692106978912701
2006-01-09,3.0,SUPPLY_SHOCK_3,0.035371140433385684,1.76069103723869e-06,0.0,0.9646270988759876
2006-01-16,3.0,SUPPLY_SHOCK_3,0.06499516172415272,8.890928522777089e-08,0.0,0.9350047493657552
2006-01-23,0.0,NORMAL,0.9280748108700478,1.3203642369332087e-09,0.0,0.07192518780893503
2006-01-30,0.0,NORMAL,0.9972937395139412,3.893244212154023e-12,0.0,0.0027062604826262665
2006-02-06,0.0,NORMAL,0.999987289995998,1.7722661791900873e-12,0.0,1.2710002452942187e-05
2006-02-13,0.0,NORMAL,0.9997467982988395,2.1078272776793556e-10,0.0,0.00025320149092697544
2006-02-20,0.0,NORMAL,0.9433132676757184,3.0458166311141056e-08,0.0,0.056686701865640204
2006-02-27,0.0,NORMAL,0.680658890902184,5.014077786419472e-07,0.0,0.31934060769069855
2006-03-06,3.0,SUPPLY_SHOCK_3,0.08534450223566006,9.965251608735255e-07,0.0,0.9146545012386532
2006-03-13,3.0,SUPPLY_SHOCK_3,3.260723764632062e-11,0.001484865103610941,0.0,0.9985151348630974
2006-03-20,3.0,SUPPLY_SHOCK_3,0.0318362046758362,4.5793226759093353e-07,0.0,0.9681633373914316
2006-03-27,3.0,SUPPLY_SHOCK_3,6.106733867234457e-08,1.9726094541649216e-05,0.0,0.999980212837954
2006-04-03,3.0,SUPPLY_SHOCK_3,1.0058592360793881e-07,1.8252728531562796e-05,0.0,0.9999816466853957
2006-04-10,3.0,SUPPLY_SHOCK_3,3.635459061172772e-06,5.388588687082497e-06,0.0,0.9999909759524315
2006-04-17,3.0,SUPPLY_SHOCK_3,3.123473630506561e-05,1.192211110514695e-06,0.0,0.9999675730524219
2006-04-24,3.0,SUPPLY_SHOCK_3,0.0003802935696940773,2.647638388619292e-07,0.0,0.9996194416657057
2006-05-01,3.0,SUPPLY_SHOCK_3,1.0419826977069548e-05,2.517745166222155e-07,0.0,0.9999893283989952
2006-05-08,3.0,SUPPLY_SHOCK_3,3.04754826971626e-05,4.922440427800144e-07,0.0,0.999969032274045
2006-05-15,3.0,SUPPLY_SHOCK_3,6.928072642362895e-06,4.81035719734291e-07,0.0,0.9999925908925242
2006-05-22,3.0,SUPPLY_SHOCK_3,0.0002450598921101694,4.542433086846057e-08,0.0,0.999754894683853
2006-05-29,3.0,SUPPLY_SHOCK_3,8.548769887653805e-05,4.780106335839936e-08,0.0,0.9999144644993248
2006-06-05,3.0,SUPPLY_SHOCK_3,0.014084704843774378,1.4377673775726882e-07,0.0,0.9859151513795084
2006-06-12,3.0,SUPPLY_SHOCK_3,0.31913091631426704,8.943474008448939e-09,0.0,0.6808690747425371
2006-06-19,0.0,NORMAL,0.8499141456073575,3.7114427465416323e-11,0.0,0.15008585435573588
2006-06-26,0.0,NORMAL,0.9976210520431998,1.7415937823864778e-13,0.0,0.0023789479570837024
2006-07-03,0.0,NORMAL,0.9998407743726867,3.150169022575506e-13,0.0,0.00015922562756141864
2006-07-10,0.0,NORMAL,0.9998218289020212,2.9466414664631985e-13,0.0,0.00017817109700648978
2006-07-17,0.0,NORMAL,0.9999249933999412,1.7337593395000202e-14,0.0,7.500659957839764e-05
2006-07-24,0.0,NORMAL,0.999971516046612,8.302359871054298e-15,0.0,2.8483953956192965e-05
2006-07-31,0.0,NORMAL,0.9999875363841063,1.5037867800237847e-15,0.0,1.246361605359804e-05
2006-08-07,0.0,NORMAL,0.9999915115691802,2.0361854937337407e-15,0.0,8.488431495354263e-06
2006-08-14,0.0,NORMAL,0.9999360811272621,1.848518461442092e-13,0.0,6.39188733752852e-05
2006-08-21,0.0,NORMAL,0.9996524672754662,1.0205777903339588e-12,0.0,0.00034753272412018835
2006-08-28,0.0,NORMAL,0.9986981360497965,6.192118469525708e-11,0.0,0.0013018638887528156
2006-09-04,0.0,NORMAL,0.9724406380567941,5.91055070799155e-10,0.0,0.027559361352786756
2006-09-11,3.0,SUPPLY_SHOCK_3,0.45641121661349493,3.0004947268548834e-08,0.0,0.5435887533823982
2006-09-18,3.0,SUPPLY_SHOCK_3,0.012325316851356308,1.1817692260974494e-08,0.0,0.9876746713309682
2006-09-25,3.0,SUPPLY_SHOCK_3,0.00015379018390426408,4.543774164201411e-08,0.0,0.9998461643786184
2006-10-02,3.0,SUPPLY_SHOCK_3,0.0003630712715107362,2.5183762948494737e-09,0.0,0.9996369262096545
2006-10-09,3.0,SUPPLY_SHOCK_3,0.25954117533667714,1.1706786233402188e-09,0.0,0.7404588234924653
2006-10-16,0.0,NORMAL,0.8786068665149179,1.4884765170791205e-11,0.0,0.12139313347048014
2006-10-23,0.0,NORMAL,0.9969094119334273,6.054253248846882e-13,0.0,0.003090588065614718
2006-10-30,0.0,NORMAL,0.9998906258415873,3.840527155696163e-13,0.0,0.00010937415840509893
2006-11-06,0.0,NORMAL,0.999284853900376,1.998146128585177e-12,0.0,0.0007151460984080887
2006-11-13,0.0,NORMAL,0.9997424507441389,8.339268122502931e-12,0.0,0.0002575492466802579
2006-11-20,0.0,NORMAL,0.9995661188377666,4.746805631368698e-13,0.0,0.00043388116239214
2006-11-27,0.0,NORMAL,0.9999657043869152,2.5233149494738024e-14,0.0,3.42956123970148e-05
2006-12-04,0.0,NORMAL,0.9999739672462769,3.7387095387907155e-13,0.0,2.6032752751660918e-05
2006-12-11,0.0,NORMAL,0.9994678418805497,6.051380738697038e-13,0.0,0.0005321581197263407
2006-12-18,0.0,NORMAL,0.9999693457290117,3.396354841794803e-14,0.0,3.065427093759036e-05
2006-12-25,0.0,NORMAL,0.9999425582464201,7.434373713213287e-14,0.0,5.744175263744555e-05
2007-01-01,0.0,NORMAL,0.9999782659539881,7.919626555934331e-15,0.0,2.1734045723598863e-05
2007-01-08,0.0,NORMAL,0.9999889754915946,3.6295400961940766e-13,0.0,1.102450855183721e-05
2007-01-15,0.0,NORMAL,0.9978538081277049,5.284714873456178e-11,0.0,0.0021461918195122397
2007-01-22,0.0,NORMAL,0.897170318732531,1.9171753979485447e-08,0.0,0.10282966209484935
2007-01-29,0.0,NORMAL,0.7223355063079344,1.550305147866178e-08,0.0,0.27766447818832496
2007-02-05,0.0,NORMAL,0.6400587382754805,1.2235090310658033e-07,0.0,0.3599411393734973
2007-02-12,0.0,NORMAL,0.6138651128835454,1.0195549748305453e-07,0.0,0.38613478516099814
2007-02-19,0.0,NORMAL,0.4995668991827402,1.6762066271599513e-07,0.0,0.5004329331957281
2007-02-26,3.0,SUPPLY_SHOCK_3,0.05071374828418335,1.1524377661344738e-06,0.0,0.9492850992775159
2007-03-05,3.0,SUPPLY_SHOCK_3,5.486948337808108e-05,3.075199152524976e-06,0.0,0.9999420553175913
2007-03-12,3.0,SUPPLY_SHOCK_3,5.1762686471868893e-11,2.4886634750602965e-05,0.0,0.999975113313208
2007-03-19,3.0,SUPPLY_SHOCK_3,4.825918201704784e-09,1.3335648321311761e-06,0.0,0.9999986616085014
2007-03-26,3.0,SUPPLY_SHOCK_3,7.598882875938422e-08,8.484170919118136e-08,0.0,0.9999998391686078
2007-04-02,3.0,SUPPLY_SHOCK_3,2.8544556253200487e-06,1.200414814540191e-06,0.0,0.9999959451297755
2007-04-09,3.0,SUPPLY_SHOCK_3,8.713790547486278e-05,1.0553369963910124e-07,0.0,0.9999127565612657
2007-04-16,3.0,SUPPLY_SHOCK_3,1.0158780584055982e-07,1.0039663777651112e-07,0.0,0.9999997980157991
2007-04-23,3.0,SUPPLY_SHOCK_3,2.347993749865292e-07,3.6624332746878254e-08,0.0,0.999999728575895
2007-04-30,3.0,SUPPLY_SHOCK_3,2.454052384791849e-06,5.098167004306503e-08,0.0,0.9999974949655096
2007-05-07,3.0,SUPPLY_SHOCK_3,1.657045308191228e-08,9.720436135196296e-08,0.0,0.9999998862258572
2007-05-14,3.0,SUPPLY_SHOCK_3,1.0211193362845496e-07,1.5906286366518378e-09,0.0,0.9999998962976004
2007-05-21,3.0,SUPPLY_SHOCK_3,1.8083596097082551e-06,4.089221599391076e-10,0.0,0.9999981912313147
2007-05-28,3.0,SUPPLY_SHOCK_3,3.752024960785641e-09,1.0268129174117566e-08,0.0,0.9999999859792298
2007-06-04,3.0,SUPPLY_SHOCK_3,2.8262790595233227e-06,2.3992883483797205e-09,0.0,0.9999971713208641
2007-06-11,3.0,SUPPLY_SHOCK_3,3.1615092701758245e-08,5.167186635155842e-08,0.0,0.9999999167139356
2007-06-18,3.0,SUPPLY_SHOCK_3,5.986016067395356e-08,1.8372912722168337e-07,0.0,0.9999997564100637
2007-06-25,3.0,SUPPLY_SHOCK_3,2.1855725332659345e-08,5.635251131216105e-07,0.0,0.9999994146184584
2007-07-02,3.0,SUPPLY_SHOCK_3,3.7297090056841016e-07,2.4884073753055086e-07,0.0,0.9999993781877606
2007-07-09,3.0,SUPPLY_SHOCK_3,4.576519009174822e-06,8.191326794894892e-08,0.0,0.9999953415680741
2007-07-16,3.0,SUPPLY_SHOCK_3,7.593723759467253e-05,1.728646499352895e-07,0.0,0.9999238898969983
2007-07-23,3.0,SUPPLY_SHOCK_3,1.3628278800341157e-05,6.494960870639385e-08,0.0,0.999986306772446
2007-07-30,3.0,SUPPLY_SHOCK_3,0.016096122541846898,2.3585385031968437e-07,0.0,0.9839036416040426
2007-08-06,3.0,SUPPLY_SHOCK_3,0.1662487025019724,1.213601509234333e-07,0.0,0.8337511761381285
2007-08-13,0.0,NORMAL,0.42543402137286557,1.2942700091862001e-08,0.0,0.5745659656843631
2007-08-20,0.0,NORMAL,0.5396105936227403,5.0418769056550345e-09,0.0,0.460389401335697
2007-08-27,0.0,NORMAL,0.7809431196004675,5.7269340501109905e-09,0.0,0.21905687467323362
2007-09-03,0.0,NORMAL,0.9176070502340427,1.9061716039546202e-08,0.0,0.0823929307046007
2007-09-10,0.0,NORMAL,0.9448933954939087,6.079818661638182e-09,0.0,0.05510659842587045
2007-09-17,0.0,NORMAL,0.9642592256131935,7.543034212044516e-10,0.0,0.03574077363183829
2007-09-24,0.0,NORMAL,0.9936458621349314,2.926646468569268e-11,0.0,0.006354137835853819
2007-10-01,0.0,NORMAL,0.9998358643536659,7.070399159912892e-13,0.0,0.0001641356451005667
2007-10-08,0.0,NORMAL,0.9998999026198708,1.1556317861415655e-13,0.0,0.00010009737976559522
2007-10-15,0.0,NORMAL,0.9999785512144799,7.157216049345184e-14,0.0,2.1448785032749766e-05
2007-10-22,0.0,NORMAL,0.9999638999420011,3.077265637036753e-13,0.0,3.610005685054618e-05
2007-10-29,0.0,NORMAL,0.9999698840407496,8.936277309142522e-13,0.0,3.0115958549068115e-05
2007-11-05,0.0,NORMAL,0.9997269895569345,1.2950580697419816e-10,0.0,0.00027301031265821883
2007-11-12,0.0,NORMAL,0.9881862961474468,3.3052951163154824e-08,0.0,0.011813670800259676
2007-11-19,0.0,NORMAL,0.9896137071847836,1.506099427373269e-08,0.0,0.01038627775398784
2007-11-26,0.0,NORMAL,0.9932463746685526,7.559858061424615e-09,0.0,0.006753617771532345
2007-12-03,0.0,NORMAL,0.9985742394739459,2.0543696196702153e-09,0.0,0.0014257584719698892
2007-12-10,0.0,NORMAL,0.9985687314827218,4.467840334416916e-09,0.0,0.0014312640500956087
2007-12-17,0.0,NORMAL,0.9855770678009592,1.1993602158629e-08,0.0,0.014422920206289245
2007-12-24,0.0,NORMAL,0.9837584682882272,5.469941916047577e-09,0.0,0.01624152624138675
2007-12-31,0.0,NORMAL,0.9862776888597621,4.683308819038842e-10,0.0,0.013722310672609614
2008-01-07,0.0,NORMAL,0.9985957536916021,3.0230397284741673e-12,0.0,0.0014042463058890615
2008-01-14,0.0,NORMAL,0.9999695449713851,1.2644740113004915e-13,0.0,3.0455028422295325e-05
2008-01-21,0.0,NORMAL,0.9999537366754121,2.7291243993129863e-13,0.0,4.6263324967144476e-05
2008-01-28,0.0,NORMAL,0.9999701798686826,8.098351890024679e-13,0.0,2.982013089651845e-05
2008-02-04,0.0,NORMAL,0.9999678593903084,6.417018049048455e-13,0.0,3.2140609850453415e-05
2008-02-11,0.0,NORMAL,0.9999628501579925,3.67160053239389e-13,0.0,3.714984131959388e-05
2008-02-18,0.0,NORMAL,0.999982120812765,1.3588141657343298e-12,0.0,1.787918600213359e-05
2008-02-25,0.0,NORMAL,0.9998860768405758,1.0043827270169348e-11,0.0,0.00011392314956591591
2008-03-03,0.0,NORMAL,0.9999553625888622,4.100835871242715e-12,0.0,4.46374069303478e-05
2008-03-10,0.0,NORMAL,0.9999300611354789,9.491957850786596e-12,0.0,6.993885422153663e-05
2008-03-17,0.0,NORMAL,0.9998385872649292,9.458974505914734e-11,0.0,0.00016141264043854475
2008-03-24,0.0,NORMAL,0.9985255758645518,1.8342915632523e-09,0.0,0.001474422301769743
2008-03-31,0.0,NORMAL,0.9830783871192696,1.0221135409683125e-09,0.0,0.01692161185826496
2008-04-07,0.0,NORMAL,0.9998387138006972,5.286780241524823e-13,0.0,0.00016128619841002025
2008-04-14,0.0,NORMAL,0.9999445581233002,6.007938438583192e-14,0.0,5.544187639046879e-05
2008-04-21,0.0,NORMAL,0.9999869984375727,1.2826766743735763e-14,0.0,1.3001563038783292e-05
2008-04-28,0.0,NORMAL,0.9998977876347385,9.331974221072653e-14,0.0,0.00010221236578821557
2008-05-05,0.0,NORMAL,0.9999643578325109,8.48991777116081e-14,0.0,3.564216711126302e-05
2008-05-12,0.0,NORMAL,0.9999651334477136,7.656627291141268e-14,0.0,3.486655153844647e-05
2008-05-19,0.0,NORMAL,0.9999354612300253,6.914010140001341e-14,0.0,6.453876944765308e-05
2008-05-26,0.0,NORMAL,0.9999862998876654,1.624226077284068e-14,0.0,1.3700111972598065e-05
2008-06-02,0.0,NORMAL,0.9998969116120635,2.4017912203111e-13,0.0,0.0001030883873344319
2008-06-09,0.0,NORMAL,0.9999298039102028,5.326529596506012e-13,0.0,7.019608905071823e-05
2008-06-16,0.0,NORMAL,0.9999014273817802,4.523563869605157e-14,0.0,9.857261784919573e-05
2008-06-23,0.0,NORMAL,0.9999881025594896,7.69932505802362e-15,0.0,1.1897441387172385e-05
2008-06-30,0.0,NORMAL,0.9999857180593034,7.414044462271947e-15,0.0,1.4281940237170759e-05
2008-07-07,0.0,NORMAL,0.9999809254950596,3.351032873171336e-15,0.0,1.9074504374222035e-05
2008-07-14,0.0,NORMAL,0.9999928324998498,2.6277837308390463e-15,0.0,7.1675003155987625e-06
2008-07-21,0.0,NORMAL,0.9999824754930492,2.7346999406148435e-14,0.0,1.7524507566218595e-05
2008-07-28,0.0,NORMAL,0.999936402491276,5.2075524764553376e-14,0.0,6.359750907078875e-05
2008-08-04,0.0,NORMAL,0.9999563175616004,2.8871602683974814e-14,0.0,4.3682437578055705e-05
2008-08-11,0.0,NORMAL,0.999942861752879,8.935721468133747e-14,0.0,5.713824623496323e-05
2008-08-18,0.0,NORMAL,0.9997304525060425,8.26357025278471e-14,0.0,0.0002695474945956795
2008-08-25,0.0,NORMAL,0.999766065159165,4.56029787294836e-15,0.0,0.0002339348400876467
2008-09-01,0.0,NORMAL,0.9999208520567393,9.167069790379671e-14,0.0,7.914794295526547e-05
2008-09-08,0.0,NORMAL,0.9979529021501693,1.2879854707443495e-11,0.0,0.0020470978378137454
2008-09-15,0.0,NORMAL,0.8688644691696574,4.852979571569485e-11,0.0,0.1311355307817987
2008-09-22,3.0,SUPPLY_SHOCK_3,2.206183778962858e-11,0.020223768712962203,0.0,0.9797762312656849
2008-09-29,1.0,SUPPLY_SHOCK,2.324459143006208e-23,0.9676293685763123,0.0,0.03237063142340112
2008-10-06,3.0,SUPPLY_SHOCK_3,3.84004990657881e-11,0.007450329956522032,0.0,0.9925496700055895
2008-10-13,3.0,SUPPLY_SHOCK_3,6.568480907518864e-11,3.53705931058426e-05,0.0,0.9999646293415996
2008-10-20,3.0,SUPPLY_SHOCK_3,4.422357681078369e-29,0.027706082266953584,0.0,0.9722939177331861
2008-10-27,3.0,SUPPLY_SHOCK_3,3.802673922719057e-29,6.48085900035531e-05,0.0,0.9999351914094937
2008-11-03,3.0,SUPPLY_SHOCK_3,3.749401288729248e-37,5.016590034073492e-07,0.0,0.9999994983410382
2008-11-10,3.0,SUPPLY_SHOCK_3,2.102009738310812e-38,2.8728333815304632e-05,0.0,0.9999712716669197
2008-11-17,3.0,SUPPLY_SHOCK_3,5.883524497450703e-16,1.4122932940182446e-08,0.0,0.9999999858773664
2008-11-24,3.0,SUPPLY_SHOCK_3,8.58164875769274e-15,6.622085899078656e-10,0.0,0.9999999993378879
2008-12-01,3.0,SUPPLY_SHOCK_3,2.3417564586746502e-12,3.678048701904279e-08,0.0,0.999999963216397
2008-12-08,3.0,SUPPLY_SHOCK_3,7.407238404414882e-10,5.619938417560197e-08,0.0,0.9999999430601764
2008-12-15,3.0,SUPPLY_SHOCK_3,3.5098378523868486e-08,5.198873228998822e-09,0.0,0.9999999597021095
2008-12-22,3.0,SUPPLY_SHOCK_3,2.5307538534695324e-10,3.82394551656478e-06,0.0,0.999996175802189
2008-12-29,3.0,SUPPLY_SHOCK_3,5.709723071300888e-12,5.818793835897058e-07,0.0,0.9999994181145541
2009-01-05,3.0,SUPPLY_SHOCK_3,1.482593628302772e-07,9.720800332241492e-05,0.0,0.9999026437372384
2009-01-12,1.0,SUPPLY_SHOCK,3.175007896494121e-26,0.998942236614082,0.0,0.0010577633864975403
2009-01-19,1.0,SUPPLY_SHOCK,1.4698085235832952e-33,0.9999983331886391,0.0,1.6668121446241662e-06
2009-01-26,1.0,SUPPLY_SHOCK,1.2116140765550965e-27,0.997416114383941,0.0,0.0025838856153941095
2009-02-02,1.0,SUPPLY_SHOCK,3.9019338442263616e-52,0.9999999594110712,0.0,4.058803062084242e-08
2009-02-09,3.0,SUPPLY_SHOCK_3,1.128498744618761e-22,0.1955305435416485,0.0,0.8044694564580376
2009-02-16,3.0,SUPPLY_SHOCK_3,2.144845349342513e-11,0.0034729618402217807,0.0,0.9965270381386206
2009-02-23,3.0,SUPPLY_SHOCK_3,2.0689044984660718e-08,8.804001663870367e-06,0.0,0.999991175310072
2009-03-02,3.0,SUPPLY_SHOCK_3,4.1081587923362e-17,4.986337802419029e-05,0.0,0.999950136622769
2009-03-09,3.0,SUPPLY_SHOCK_3,4.055329625058305e-15,0.0017650604966707028,0.0,0.9982349395036295
2009-03-16,3.0,SUPPLY_SHOCK_3,7.053488019058943e-12,0.0004013885586812441,0.0,0.9995986114339726
2009-03-23,3.0,SUPPLY_SHOCK_3,1.12312108507876e-08,0.0004298081852456778,0.0,0.999570180583398
2009-03-30,3.0,SUPPLY_SHOCK_3,6.364154078528433e-10,0.0020226458200358643,0.0,0.9979773535439193
2009-04-06,3.0,SUPPLY_SHOCK_3,2.4725856962594003e-08,0.00011655327370605022,0.0,0.9998834220004925
2009-04-13,3.0,SUPPLY_SHOCK_3,1.7863331700026654e-06,1.643908382819843e-06,0.0,0.9999965697593041
2009-04-20,3.0,SUPPLY_SHOCK_3,4.3155836162087916e-05,3.700136064557008e-07,0.0,0.999956474149751
2009-04-27,3.0,SUPPLY_SHOCK_3,0.00029006172151944915,5.070632929770652e-07,0.0,0.999709431215703
2009-05-04,3.0,SUPPLY_SHOCK_3,1.030089545034977e-05,4.751263405141283e-07,0.0,0.9999892239773904
2009-05-11,3.0,SUPPLY_SHOCK_3,0.0002189929171891926,1.0652267817445287e-06,0.0,0.9997799418562445
2009-05-18,3.0,SUPPLY_SHOCK_3,1.7308570615312147e-12,0.0001795134535379781,0.0,0.9998204865442367
2009-05-25,3.0,SUPPLY_SHOCK_3,4.007847833050981e-10,2.5216031888121094e-05,0.0,0.9999747835677938
2009-06-01,3.0,SUPPLY_SHOCK_3,1.7856056729928926e-13,2.843490968754591e-06,0.0,0.9999971565088754
2009-06-08,3.0,SUPPLY_SHOCK_3,1.0240361360161935e-15,1.630022032583766e-05,0.0,0.9999836997795412
2009-06-15,3.0,SUPPLY_SHOCK_3,4.069506444453174e-09,2.9874371730445468e-06,0.0,0.9999970084926825
2009-06-22,3.0,SUPPLY_SHOCK_3,3.083803358276361e-09,7.877146523891916e-06,0.0,0.9999921197687753
2009-06-29,3.0,SUPPLY_SHOCK_3,8.733885719363578e-06,7.238364277191892e-07,0.0,0.9999905422784424
2009-07-06,3.0,SUPPLY_SHOCK_3,7.120419008521073e-08,9.688211786909995e-06,0.0,0.9999902405837588
2009-07-13,3.0,SUPPLY_SHOCK_3,0.00031912946965185715,2.0076201996989155e-07,0.0,0.9996806697686454
2009-07-20,3.0,SUPPLY_SHOCK_3,1.2469252869512727e-06,6.191118199073841e-07,0.0,0.9999981339623576
2009-07-27,3.0,SUPPLY_SHOCK_3,1.1714151251381977e-06,9.942663816251328e-07,0.0,0.9999978343190182
2009-08-03,3.0,SUPPLY_SHOCK_3,3.090988278581129e-05,9.186918028543462e-07,0.0,0.9999681714261409
2009-08-10,3.0,SUPPLY_SHOCK_3,0.0005221302426097471,1.0057919957279756e-07,0.0,0.9994777691776032
2009-08-17,3.0,SUPPLY_SHOCK_3,0.0005835084590916584,9.792903822665654e-07,0.0,0.9994155122513388
2009-08-24,3.0,SUPPLY_SHOCK_3,0.003954391073243205,9.087445375380564e-07,0.0,0.9960447001814229
2009-08-31,3.0,SUPPLY_SHOCK_3,0.016801606090112258,5.437126983359262e-07,0.0,0.9831978501973795
2009-09-07,0.0,NORMAL,0.7817076567230109,6.776558713442487e-08,0.0,0.21829227551059033
2009-09-14,0.0,NORMAL,0.8749329207017045,2.438329253684906e-10,0.0,0.1250670790548614
2009-09-21,0.0,NORMAL,0.9907344620576939,2.4155531317857886e-12,0.0,0.009265537940072658
2009-09-28,0.0,NORMAL,0.9997664829524807,7.078201388357117e-13,0.0,0.0002335170462572539
2009-10-05,0.0,NORMAL,0.9998634775324651,4.984222792456524e-13,0.0,0.00013652246658002405
2009-10-12,0.0,NORMAL,0.9996854752084477,7.083327470528093e-12,0.0,0.00031452478398794195
2009-10-19,0.0,NORMAL,0.9977789599779769,8.438167110833742e-11,0.0,0.0022210399381733512
2009-10-26,0.0,NORMAL,0.866957588872438,1.140447416744909e-07,0.0,0.1330422970826227
2009-11-02,0.0,NORMAL,0.8013498812658527,7.460947584740573e-07,0.0,0.19864937264010868
2009-11-09,0.0,NORMAL,0.8231161229942244,3.4321965450162163e-07,0.0,0.17688353378690003
2009-11-16,0.0,NORMAL,0.864475253200783,2.4329127268809384e-07,0.0,0.13552450350760045
2009-11-23,0.0,NORMAL,0.9658740316506839,2.023616474538343e-08,0.0,0.03412594811265176
2009-11-30,0.0,NORMAL,0.994632613272538,2.943275455565155e-10,0.0,0.005367386432427147
2009-12-07,0.0,NORMAL,0.9989165207079579,2.8452393860294234e-11,0.0,0.001083479262761647
2009-12-14,0.0,NORMAL,0.999668588653493,5.407139090322448e-12,0.0,0.00033141134088128917
2009-12-21,0.0,NORMAL,0.9998870075227625,3.4142162231493695e-13,0.0,0.00011299247754647047
2009-12-28,0.0,NORMAL,0.9999722199538805,2.2113003012631855e-14,0.0,2.7780046904663335e-05
2010-01-04,0.0,NORMAL,0.9999552607190944,5.430252618105005e-14,0.0,4.473928093779851e-05
2010-01-11,0.0,NORMAL,0.9999670176148886,2.350257033294605e-13,0.0,3.29823849858298e-05
2010-01-18,0.0,NORMAL,0.999877103853484,2.524026167156252e-12,0.0,0.00012289614463339947
2010-01-25,0.0,NORMAL,0.9999582686445407,1.2437819637102885e-12,0.0,4.173135385824724e-05
2010-02-01,0.0,NORMAL,0.9999750652003179,5.353234246916245e-12,0.0,2.493479514643551e-05
2010-02-08,0.0,NORMAL,0.9999258428810296,2.153035886201172e-11,0.0,7.415709747955182e-05
2010-02-15,0.0,NORMAL,0.99979069731203,3.5045629219836025e-11,0.0,0.0002093026530307793
2010-02-22,0.0,NORMAL,0.9992334975022679,3.1034851239418893e-10,0.0,0.0007665021865147047
2010-03-01,0.0,NORMAL,0.9976719393776343,2.7092640055506363e-10,0.0,0.0023280603516928518
2010-03-08,0.0,NORMAL,0.9997759041128067,7.339733604293116e-12,0.0,0.00022409587913434022
2010-03-15,0.0,NORMAL,0.9999022903784446,1.2348554040466257e-12,0.0,9.770962025266983e-05
2010-03-22,0.0,NORMAL,0.9999381055296548,4.4216240713252586e-13,0.0,6.189446947912204e-05
2010-03-29,0.0,NORMAL,0.9999364060690006,1.9448284857122106e-13,0.0,6.35939312122554e-05
2010-04-05,0.0,NORMAL,0.9999737282882504,2.2091401469112764e-14,0.0,2.62717125911338e-05
2010-04-12,0.0,NORMAL,0.999984816455928,6.803731514321482e-15,0.0,1.5183544731504047e-05
2010-04-19,0.0,NORMAL,0.9999923527394915,8.508714923200275e-16,0.0,7.647260020534756e-06
2010-04-26,0.0,NORMAL,0.9999904152905442,5.396362006948646e-16,0.0,9.584710283505489e-06
2010-05-03,0.0,NORMAL,0.9999880794967976,1.35262597811535e-15,0.0,1.192050373729463e-05
2010-05-10,0.0,NORMAL,0.9999892814622947,5.990468546129447e-14,0.0,1.071853789678312e-05
2010-05-17,0.0,NORMAL,0.9996475970829286,3.5744572284551617e-13,0.0,0.0003524029164689073
2010-05-24,0.0,NORMAL,0.9942248385386294,1.1085715836428807e-12,0.0,0.0057751614608695405
2010-05-31,0.0,NORMAL,0.9743757217226218,5.2035857573166075e-11,0.0,0.025624278226059012
2010-06-07,0.0,NORMAL,0.9826761304377736,9.282239702100398e-11,0.0,0.01732386946969157
2010-06-14,0.0,NORMAL,0.9959910896607944,2.9302732757606944e-12,0.0,0.004008910336488938
2010-06-21,0.0,NORMAL,0.9973448659708559,8.140400038848914e-12,0.0,0.002655134021043693
2010-06-28,0.0,NORMAL,0.9990084525170504,6.607505103011397e-13,0.0,0.0009915474825584049
2010-07-05,0.0,NORMAL,0.9999502620194723,5.647983766565409e-13,0.0,4.9737980315229094e-05
2010-07-12,0.0,NORMAL,0.9985435178012622,9.787843989190647e-13,0.0,0.0014564821978157463
2010-07-19,0.0,NORMAL,0.9998181913852352,1.749265889129717e-13,0.0,0.00018180861435647386
2010-07-26,0.0,NORMAL,0.9999092285306369,3.923104379484024e-14,0.0,9.077147017025743e-05
2010-08-02,0.0,NORMAL,0.9999041283493479,8.680118724789655e-14,0.0,9.587165115315196e-05
2010-08-09,0.0,NORMAL,0.9998460820874695,2.1262334885574052e-13,0.0,0.00015391791245287467
2010-08-16,0.0,NORMAL,0.9998961569350626,1.4648633475410744e-14,0.0,0.00010384306546563572
2010-08-23,0.0,NORMAL,0.9999819515279192,2.2300374907075663e-15,0.0,1.8048472161891474e-05
2010-08-30,0.0,NORMAL,0.9999913950584477,6.760085392587938e-16,0.0,8.604940919762558e-06
2010-09-06,0.0,NORMAL,0.9999906759310717,3.8729606138002266e-15,0.0,9.32406812413324e-06
2010-09-13,0.0,NORMAL,0.9999841322154885,9.117538596764736e-15,0.0,1.5867784296858326e-05
2010-09-20,0.0,NORMAL,0.9998580333605033,3.481820433684975e-13,0.0,0.00014196663989945096
2010-09-27,0.0,NORMAL,0.9997333243294078,1.2473128789008033e-12,0.0,0.00026667566928465804
2010-10-04,0.0,NORMAL,0.9990753133862385,1.0009077207998774e-11,0.0,0.0009246866029363821
2010-10-11,0.0,NORMAL,0.9973505800969636,7.108744660160604e-11,0.0,0.0026494198325102965
2010-10-18,0.0,NORMAL,0.9938141995735884,6.222428980339308e-11,0.0,0.006185800363693127
2010-10-25,0.0,NORMAL,0.9990941740366913,8.03284957935455e-13,0.0,0.0009058259619684946
2010-11-01,0.0,NORMAL,0.9999090960656726,7.344898053770829e-14,0.0,9.090393371579971e-05
2010-11-08,0.0,NORMAL,0.9999805872950491,7.326391477540694e-14,0.0,1.941270555815171e-05
2010-11-15,0.0,NORMAL,0.999903201339779,1.9865246242969853e-13,0.0,9.679865952923911e-05
2010-11-22,0.0,NORMAL,0.9999716150022787,4.0437250829923045e-14,0.0,2.8384997663776155e-05
2010-11-29,0.0,NORMAL,0.9999611903677367,2.0657795322238574e-13,0.0,3.880963213342709e-05
2010-12-06,0.0,NORMAL,0.9997581046184286,1.1953321815263422e-11,0.0,0.0002418953703007527
2010-12-13,0.0,NORMAL,0.9988423144274029,1.6628384248443163e-11,0.0,0.001157685556002603
2010-12-20,0.0,NORMAL,0.9999626948857426,2.52236117094361e-13,0.0,3.7305113402665584e-05
2010-12-27,0.0,NORMAL,0.9998153555129238,3.2097862437489483e-13,0.0,0.00018464448734492557
2011-01-03,0.0,NORMAL,0.9999025754208314,1.0825134594735783e-13,0.0,9.74245798575774e-05
2011-01-10,0.0,NORMAL,0.999968713120461,5.436159218446379e-14,0.0,3.128688035011427e-05
2011-01-17,0.0,NORMAL,0.9998955600285565,4.453179465750133e-14,0.0,0.00010443997075388488
2011-01-24,0.0,NORMAL,0.9999595502954644,1.092459876677913e-13,0.0,4.044970448590435e-05
2011-01-31,0.0,NORMAL,0.9999170611989885,1.614053872142779e-13,0.0,8.293880088871373e-05
2011-02-07,0.0,NORMAL,0.9999550875972626,2.136498476574796e-11,0.0,4.491238166039167e-05
2011-02-14,0.0,NORMAL,0.9931257711922749,2.649840896869254e-09,0.0,0.006874226158316611
2011-02-21,0.0,NORMAL,0.9051488601939083,3.010445892136713e-09,0.0,0.09485113679629835
2011-02-28,0.0,NORMAL,0.5112524146168828,1.1580973847463942e-10,0.0,0.4887475852679004
2011-03-07,3.0,SUPPLY_SHOCK_3,1.1098600570980596e-05,7.717947849769459e-05,0.0,0.9999117219217712
2011-03-14,3.0,SUPPLY_SHOCK_3,0.0004904924277696354,9.274932046517858e-07,0.0,0.9995085800783164
2011-03-21,3.0,SUPPLY_SHOCK_3,0.0001005592268398805,7.828160134548496e-07,0.0,0.9998986579580459
2011-03-28,3.0,SUPPLY_SHOCK_3,0.004612439116129846,1.5992245268518474e-07,0.0,0.9953874009606472
2011-04-04,0.0,NORMAL,0.7335979320570045,1.3159919574018241e-08,0.0,0.26640205478324663
2011-04-11,0.0,NORMAL,0.9062227285999979,5.602606476961453e-08,0.0,0.09377721537343965
2011-04-18,0.0,NORMAL,0.9549942495231747,7.49757067033195e-09,0.0,0.045005742979155286
2011-04-25,0.0,NORMAL,0.9568227287970208,1.8277260802819192e-09,0.0,0.04317726937502242
2011-05-02,0.0,NORMAL,0.9646568977778622,5.389157313381712e-10,0.0,0.035343101682336474
2011-05-09,0.0,NORMAL,0.8993329045045861,8.106361919192776e-10,0.0,0.10066709468418514
2011-05-16,3.0,SUPPLY_SHOCK_3,0.0778349544411455,8.467458419354951e-10,0.0,0.9221650447129639
2011-05-23,3.0,SUPPLY_SHOCK_3,0.00030620590806339866,1.7491779240603755e-11,0.0,0.9996937940748168
2011-05-30,3.0,SUPPLY_SHOCK_3,1.3240124976891502e-05,1.1236174438245526e-09,0.0,0.999986758750665
2011-06-06,3.0,SUPPLY_SHOCK_3,0.00030629887872704245,4.722659071637005e-09,0.0,0.9996936963977243
2011-06-13,3.0,SUPPLY_SHOCK_3,0.000349583378347247,8.75235642087196e-10,0.0,0.9996504157469215
2011-06-20,3.0,SUPPLY_SHOCK_3,0.0003565504669582674,3.733536340852172e-09,0.0,0.9996434458003638
2011-06-27,3.0,SUPPLY_SHOCK_3,0.015552659919953004,1.3630332106296964e-09,0.0,0.9844473387177849
2011-07-04,3.0,SUPPLY_SHOCK_3,0.07600652912579588,1.390788059531083e-10,0.0,0.9239934707354415
2011-07-11,3.0,SUPPLY_SHOCK_3,0.08508913804871046,3.6741540556687657e-09,0.0,0.9149108582773543
2011-07-18,3.0,SUPPLY_SHOCK_3,0.06958734970418019,9.510193056748679e-09,0.0,0.9304126407856312
2011-07-25,3.0,SUPPLY_SHOCK_3,0.06938972355438264,4.751513933390579e-09,0.0,0.9306102716944818
2011-08-01,3.0,SUPPLY_SHOCK_3,0.04899671589893974,1.4445270391473185e-08,0.0,0.951003269655056
2011-08-08,3.0,SUPPLY_SHOCK_3,0.030960650349510215,5.271813119085437e-09,0.0,0.9690393443784477
2011-08-15,3.0,SUPPLY_SHOCK_3,0.00024323604946275513,3.762026731132722e-10,0.0,0.9997567635737193
2011-08-22,3.0,SUPPLY_SHOCK_3,0.0005113629424549651,4.449398846166133e-08,0.0,0.9994885925633181
2011-08-29,3.0,SUPPLY_SHOCK_3,0.009727856108019444,6.757869904445519e-10,0.0,0.9902721432156546
2011-09-05,3.0,SUPPLY_SHOCK_3,0.004224412451874775,4.973553108816375e-09,0.0,0.9957755825748494
2011-09-12,3.0,SUPPLY_SHOCK_3,0.0031942010788580557,3.908642708235514e-09,0.0,0.9968057950116153
2011-09-19,3.0,SUPPLY_SHOCK_3,0.002795995596840595,1.0043901347874985e-09,0.0,0.9972040033983545
2011-09-26,3.0,SUPPLY_SHOCK_3,0.004443827980340716,4.583484490358772e-09,0.0,0.9955561674363983
2011-10-03,3.0,SUPPLY_SHOCK_3,0.0031074140790490067,9.33921343105013e-10,0.0,0.9968925849864858
2011-10-10,3.0,SUPPLY_SHOCK_3,0.0030572401495236076,6.787425684336348e-10,0.0,0.9969427591708743
2011-10-17,3.0,SUPPLY_SHOCK_3,0.005450960645928528,1.0651498868634445e-07,0.0,0.994548932839496
2011-10-24,3.0,SUPPLY_SHOCK_3,0.02740685724220373,7.58873100977951e-08,0.0,0.9725930668696119
2011-10-31,3.0,SUPPLY_SHOCK_3,0.0670452481189712,3.108658330898988e-07,0.0,0.9329544410160608
2011-11-07,3.0,SUPPLY_SHOCK_3,0.3680624728253712,1.2856168537806628e-07,0.0,0.6319373986130074
2011-11-14,0.0,NORMAL,0.9674074097106824,4.652022608943973e-08,0.0,0.03259254376833012
2011-11-21,0.0,NORMAL,0.9836862797121492,6.314179873216251e-10,0.0,0.016313719655770692
2011-11-28,0.0,NORMAL,0.9997672842869427,2.130017794735305e-12,0.0,0.00023271571103620123
2011-12-05,0.0,NORMAL,0.9999643317800546,3.469597164710856e-14,0.0,3.5668220630184056e-05
2011-12-12,0.0,NORMAL,0.9999912748533936,7.853159623255072e-15,0.0,8.725147148271577e-06
2011-12-19,0.0,NORMAL,0.9999941451122555,2.0172667887541977e-15,0.0,5.85488830181726e-06
2011-12-26,0.0,NORMAL,0.9999952360271681,9.065323093866628e-15,0.0,4.763972255954659e-06
2012-01-02,0.0,NORMAL,0.9999740013114241,5.87057461202013e-14,0.0,2.5998688008812364e-05
2012-01-09,0.0,NORMAL,0.999987987975441,9.241916319940055e-14,0.0,1.2012024146104612e-05
2012-01-16,0.0,NORMAL,0.9999343666007102,1.5851843355611002e-13,0.0,6.563339989839216e-05
2012-01-23,0.0,NORMAL,0.9999923348826092,2.5620222605075758e-14,0.0,7.665116530234217e-06
2012-01-30,0.0,NORMAL,0.999999437659584,6.128688423099814e-14,0.0,5.623410944945306e-07
2012-02-06,0.0,NORMAL,0.9999995918770688,7.154411470471783e-13,0.0,4.0812217949601566e-07
2012-02-13,0.0,NORMAL,0.9999994130868702,1.8280477704943153e-12,0.0,5.869110181935444e-07
2012-02-20,0.0,NORMAL,0.9999994714709406,6.89751632703524e-13,0.0,5.285278941778472e-07
2012-02-27,0.0,NORMAL,0.9999987500549277,5.834344462398377e-13,0.0,1.2499437002155324e-06
2012-03-05,0.0,NORMAL,0.9999898446664676,6.202922298931535e-12,0.0,1.0155327069892407e-05
2012-03-12,0.0,NORMAL,0.9999620570938385,2.8321475229670073e-12,0.0,3.7942903812552296e-05
2012-03-19,0.0,NORMAL,0.9999843466709593,6.816502515335161e-14,0.0,1.5653328077005474e-05
2012-03-26,0.0,NORMAL,0.9999940467291565,4.916319681965997e-14,0.0,5.953271217396618e-06
2012-04-02,0.0,NORMAL,0.9999895359198463,2.9755326905856916e-14,0.0,1.0464079553719606e-05
2012-04-09,0.0,NORMAL,0.9999833267473445,7.238868488629254e-15,0.0,1.667325314871126e-05
2012-04-16,0.0,NORMAL,0.9999744965712861,5.404076820110438e-15,0.0,2.550342889673761e-05
2012-04-23,0.0,NORMAL,0.9999639931418388,6.838747054097053e-15,0.0,3.6006858091791565e-05
2012-04-30,0.0,NORMAL,0.9999687119308792,4.438038731451132e-15,0.0,3.128806953095105e-05
2012-05-07,0.0,NORMAL,0.9999744819306139,1.5725982829570918e-14,0.0,2.5518069540157272e-05
2012-05-14,0.0,NORMAL,0.9999105352748969,2.0061632291164538e-14,0.0,8.946472433993452e-05
2012-05-21,0.0,NORMAL,0.9999284663092772,4.187034068133e-15,0.0,7.153369074312557e-05
2012-05-28,0.0,NORMAL,0.9999757726079165,5.028226682829687e-16,0.0,2.422739260658096e-05
2012-06-04,0.0,NORMAL,0.999985981898164,7.162849420630703e-16,0.0,1.4018100932325945e-05
2012-06-11,0.0,NORMAL,0.9999506072956592,3.640480269545934e-16,0.0,4.9392704815402565e-05
2012-06-18,0.0,NORMAL,0.9999630615039988,7.692072752876539e-16,0.0,3.6938495715737106e-05
2012-06-25,0.0,NORMAL,0.9999682013839433,3.6367992048432805e-15,0.0,3.179861536204229e-05
2012-07-02,0.0,NORMAL,0.9999527429679513,1.7655774217181e-13,0.0,4.725703253665852e-05
2012-07-09,0.0,NORMAL,0.9996618403764068,1.5780676896611304e-12,0.0,0.00033815962237075957
2012-07-16,0.0,NORMAL,0.9991001562001436,2.597770412603417e-11,0.0,0.0008998437744633362
2012-07-23,0.0,NORMAL,0.9977222328638374,9.173914492707584e-11,0.0,0.0022777670439060216
2012-07-30,0.0,NORMAL,0.941306233520803,9.813236276448088e-09,0.0,0.05869375666571563
2012-08-06,0.0,NORMAL,0.8049395116328785,1.5507306890458093e-08,0.0,0.1950604728597726
2012-08-13,3.0,SUPPLY_SHOCK_3,0.020255880773268065,8.928768774808304e-07,0.0,0.9797432263493905
2012-08-20,3.0,SUPPLY_SHOCK_3,0.047379551058294285,1.4277828485365892e-07,0.0,0.9526203061627193
2012-08-27,0.0,NORMAL,0.5028290566559338,7.63414432147957e-09,0.0,0.49717093571004783
2012-09-03,0.0,NORMAL,0.9327406507812911,1.3138496741528447e-10,0.0,0.06725934908778229
2012-09-10,0.0,NORMAL,0.9976707606407196,5.825001273085797e-12,0.0,0.0023292393537867064
2012-09-17,0.0,NORMAL,0.9992738924368929,1.5062612868937722e-12,0.0,0.0007261075624825588
2012-09-24,0.0,NORMAL,0.9969496031961397,7.327456253483047e-12,0.0,0.0030503967964909716
2012-10-01,0.0,NORMAL,0.993770854948851,1.0675324507842116e-11,0.0,0.006229145040531381
2012-10-08,0.0,NORMAL,0.9988122281822542,2.947742679102653e-13,0.0,0.0011877718166989199
2012-10-15,0.0,NORMAL,0.9992837875448626,2.420692922656624e-13,0.0,0.0007162124542873442
2012-10-22,0.0,NORMAL,0.9991006105765606,2.3510698877180016e-12,0.0,0.0008993894208665282
2012-10-29,0.0,NORMAL,0.9954665746657578,2.0297938516471527e-11,0.0,0.004533425314504881
2012-11-05,0.0,NORMAL,0.9973222875770581,1.4164617722811674e-11,0.0,0.002677712409623262
2012-11-12,0.0,NORMAL,0.9991412465222511,2.926994956964965e-13,0.0,0.0008587534768137152
2012-11-19,0.0,NORMAL,0.9998013510457998,3.639811596798218e-14,0.0,0.00019864895451937093
2012-11-26,0.0,NORMAL,0.999945046667791,2.460862274854489e-14,0.0,5.495333287146018e-05
2012-12-03,0.0,NORMAL,0.999924816623818,3.191179883964564e-14,0.0,7.518337539679881e-05
2012-12-10,0.0,NORMAL,0.999952168292849,3.1320385275623576e-14,0.0,4.783170623685442e-05
2012-12-17,0.0,NORMAL,0.9999609618478982,2.56640270579211e-14,0.0,3.90381526225303e-05
2012-12-24,0.0,NORMAL,0.9999530113271824,2.2084462220086624e-13,0.0,4.698867218765442e-05
2012-12-31,0.0,NORMAL,0.999959613033511,2.863625918084058e-14,0.0,4.038696714473173e-05
2013-01-07,0.0,NORMAL,0.9999569904948449,7.578056408732069e-15,0.0,4.300950566038977e-05
2013-01-14,0.0,NORMAL,0.9999865957677478,3.517138847855042e-15,0.0,1.3404232578467697e-05
2013-01-21,0.0,NORMAL,0.9999927257805121,8.023190382357072e-15,0.0,7.27421978556502e-06
2013-01-28,0.0,NORMAL,0.9999928940376411,3.1534933771366746e-12,0.0,7.105959590356449e-06
2013-02-04,0.0,NORMAL,0.9981193817986207,6.906916022848781e-09,0.0,0.0018806112949557642
2013-02-11,3.0,SUPPLY_SHOCK_3,0.2415961591205512,9.989046063658491e-06,0.0,0.7583938518331821
2013-02-18,3.0,SUPPLY_SHOCK_3,0.24407816881139238,1.222932754004129e-06,0.0,0.7559206082563475
2013-02-25,3.0,SUPPLY_SHOCK_3,0.0018147701952898527,5.898687843819865e-06,0.0,0.9981793311170516
2013-03-04,3.0,SUPPLY_SHOCK_3,3.7753873255452015e-05,1.072190467309968e-06,0.0,0.9999611739356243
2013-03-11,3.0,SUPPLY_SHOCK_3,0.0016495168339019939,3.098226587797469e-07,0.0,0.9983501733437535
2013-03-18,3.0,SUPPLY_SHOCK_3,0.028204093927594463,3.56410852147167e-07,0.0,0.9717955496608253
2013-03-25,3.0,SUPPLY_SHOCK_3,0.24068789017748718,7.485763601224901e-08,0.0,0.7593120349640928
2013-04-01,3.0,SUPPLY_SHOCK_3,0.5281177943439627,1.0792607434902178e-08,0.0,0.4718821948633648
2013-04-08,0.0,NORMAL,0.9625724075346503,2.4860383532803064e-10,0.0,0.03742759221687806
2013-04-15,0.0,NORMAL,0.9986402993608988,1.3803827475265302e-12,0.0,0.001359700637154228
2013-04-22,0.0,NORMAL,0.9999606595655339,1.435516026079014e-14,0.0,3.934043474563191e-05
2013-04-29,0.0,NORMAL,0.9999619288854243,1.1988285537249435e-14,0.0,3.807111490133756e-05
2013-05-06,0.0,NORMAL,0.9999548736264393,2.3298193386945475e-14,0.0,4.512637418245926e-05
2013-05-13,0.0,NORMAL,0.999992162767528,3.996915901866277e-15,0.0,7.837232686779595e-06
2013-05-20,0.0,NORMAL,0.999984842317927,6.11923456116927e-14,0.0,1.5157682787603067e-05
2013-05-27,0.0,NORMAL,0.9999012541910598,4.578446650338254e-13,0.0,9.87458083511037e-05
2013-06-03,0.0,NORMAL,0.9999414842554762,1.193472385379207e-13,0.0,5.851574404515529e-05
2013-06-10,0.0,NORMAL,0.9999528061566589,1.9020979320435995e-14,0.0,4.719384249785535e-05
2013-06-17,0.0,NORMAL,0.9999763570206716,1.350859926173834e-14,0.0,2.3642978599540183e-05
2013-06-24,0.0,NORMAL,0.9999649225141656,1.2846058723387007e-14,0.0,3.507748652710623e-05
2013-07-01,0.0,NORMAL,0.9999709388942429,2.961641221514725e-14,0.0,2.9061105817493384e-05
2013-07-08,0.0,NORMAL,0.9999459076267477,7.766598831926292e-14,0.0,5.409237242056693e-05
2013-07-15,0.0,NORMAL,0.999962154447919,1.0321642602037686e-11,0.0,3.7845540986792196e-05
2013-07-22,0.0,NORMAL,0.9926979976127841,5.569588771567844e-10,0.0,0.007302001829604012
2013-07-29,0.0,NORMAL,0.9998342707852831,8.885141779136359e-12,0.0,0.0001657292057578333
2013-08-05,0.0,NORMAL,0.9997310919341744,1.7639142755753005e-10,0.0,0.0002689078900919164
2013-08-12,0.0,NORMAL,0.9995527300885992,1.5385352208908596e-11,0.0,0.0004472698965657485
2013-08-19,0.0,NORMAL,0.9999151086977306,1.3040758884377991e-12,0.0,8.489130014790768e-05
2013-08-26,0.0,NORMAL,0.9999771748793315,5.725766851905897e-14,0.0,2.2825121122462184e-05
2013-09-02,0.0,NORMAL,0.999993433384321,7.968530035921961e-14,0.0,6.566614953628339e-06
2013-09-09,0.0,NORMAL,0.999970782369309,8.717977786237654e-13,0.0,2.9217630537864246e-05
2013-09-16,0.0,NORMAL,0.9999352513394931,2.2640300592674317e-14,0.0,6.474866059937869e-05
2013-09-23,0.0,NORMAL,0.9999976527551816,1.884999154499298e-15,0.0,2.3472452788470756e-06
2013-09-30,0.0,NORMAL,0.9999963251060985,4.291981691880415e-15,0.0,3.67489334596187e-06
2013-10-07,0.0,NORMAL,0.9999740579823861,1.5694960216238876e-14,0.0,2.5942018199160874e-05
2013-10-14,0.0,NORMAL,0.9999796643927288,7.092309472264933e-15,0.0,2.033560694589628e-05
2013-10-21,0.0,NORMAL,0.9999804884803729,1.065519959486215e-14,0.0,1.95115195497426e-05
2013-10-28,0.0,NORMAL,0.9999754108943317,1.211568628306197e-15,0.0,2.4589104941536795e-05
2013-11-04,0.0,NORMAL,0.99999733653558,3.2811030048190913e-16,0.0,2.663463910035079e-06
2013-11-11,0.0,NORMAL,0.9999986272405622,1.7213265589653762e-16,0.0,1.372759680378821e-06
2013-11-18,0.0,NORMAL,0.9999987170421308,6.181318076234298e-15,0.0,1.282956967384009e-06
2013-11-25,0.0,NORMAL,0.9999899041213531,2.3252722949771666e-13,0.0,1.0095878921427249e-05
2013-12-02,0.0,NORMAL,0.9997080288105776,5.07125115794777e-13,0.0,0.0002919711890889716
2013-12-09,0.0,NORMAL,0.9999817312104665,2.0614573133360504e-13,0.0,1.826878850169048e-05
2013-12-16,0.0,NORMAL,0.9997702540898055,3.340466296281337e-13,0.0,0.00022974591029953367
2013-12-23,0.0,NORMAL,0.9999677082862698,6.834221118690461e-14,0.0,3.229171444083991e-05
2013-12-30,0.0,NORMAL,0.999941083346468,1.7412714333702766e-13,0.0,5.891665284475709e-05
2014-01-06,0.0,NORMAL,0.99989011306467,4.0769364656964075e-14,0.0,0.00010988693453442723
2014-01-13,0.0,NORMAL,0.9999781190374178,7.597705229316788e-14,0.0,2.1880962934781233e-05
2014-01-20,0.0,NORMAL,0.9998901876841504,4.98079041242154e-13,0.0,0.00010981231531525493
2014-01-27,0.0,NORMAL,0.9999653752248412,2.327381236466832e-13,0.0,3.462477565012014e-05
2014-02-03,0.0,NORMAL,0.999996366089599,2.3287258120593832e-14,0.0,3.6339104067389663e-06
2014-02-10,0.0,NORMAL,0.9999970438319036,1.638779487334069e-14,0.0,2.956168627329568e-06
2014-02-17,0.0,NORMAL,0.9999928095898427,6.732845721259714e-14,0.0,7.190410848939181e-06
2014-02-24,0.0,NORMAL,0.9999845393626039,1.2558831250124633e-13,0.0,1.546063721810261e-05
2014-03-03,0.0,NORMAL,0.9999894281676853,2.7128661125420714e-13,0.0,1.0571832017905677e-05
2014-03-10,0.0,NORMAL,0.9999701831318523,1.8284308699487463e-12,0.0,2.98168661919178e-05
2014-03-17,0.0,NORMAL,0.9999804862394217,2.4626934529353023e-13,0.0,1.951376112885713e-05
2014-03-24,0.0,NORMAL,0.9999201477454699,4.2415002576730453e-14,0.0,7.985225508343093e-05
2014-03-31,0.0,NORMAL,0.9999530411681208,1.4289279348636568e-14,0.0,4.695883268069767e-05
2014-04-07,0.0,NORMAL,0.9999473387876043,8.533473494308912e-15,0.0,5.266121195100511e-05
2014-04-14,0.0,NORMAL,0.9999689105328619,3.063685225285537e-15,0.0,3.108946802640111e-05
2014-04-21,0.0,NORMAL,0.9999337277828435,9.658505747418834e-15,0.0,6.627221690592615e-05
2014-04-28,0.0,NORMAL,0.9999142040023419,3.472820059964225e-14,0.0,8.579599716374731e-05
2014-05-05,0.0,NORMAL,0.9997224510001826,4.9366279384847405e-14,0.0,0.00027754900002511146
2014-05-12,0.0,NORMAL,0.9995855028487256,2.783603632660205e-14,0.0,0.0004144971513605721
2014-05-19,0.0,NORMAL,0.9998748480007238,2.785425751137055e-15,0.0,0.00012515199859918942
2014-05-26,0.0,NORMAL,0.999952311180375,6.160026592260582e-16,0.0,4.7688819337132044e-05
2014-06-02,0.0,NORMAL,0.9999763648821579,3.895890261688585e-16,0.0,2.3635117195670916e-05
2014-06-09,0.0,NORMAL,0.9999793665665997,4.46992059633269e-16,0.0,2.0633433923040024e-05
2014-06-16,0.0,NORMAL,0.9999608413045457,4.1283594898245035e-16,0.0,3.9158695755771064e-05
2014-06-23,0.0,NORMAL,0.9999796840355961,1.4613412085971933e-15,0.0,2.031596494370563e-05
2014-06-30,0.0,NORMAL,0.999937843071221,3.886768070869424e-15,0.0,6.215692942324693e-05
2014-07-07,0.0,NORMAL,0.9998861411436218,1.5150157169150862e-15,0.0,0.0001138588565264833
2014-07-14,0.0,NORMAL,0.9999582305201147,7.538688596711299e-16,0.0,4.176948036800352e-05
2014-07-21,0.0,NORMAL,0.9999509849101923,5.017754337550766e-16,0.0,4.9015090380379075e-05
2014-07-28,0.0,NORMAL,0.9999722774232558,1.0088705433490984e-15,0.0,2.772257651757602e-05
2014-08-04,0.0,NORMAL,0.999986372973661,5.7496347296291585e-16,0.0,1.362702624013419e-05
2014-08-11,0.0,NORMAL,0.9999785716849477,1.9070394952737423e-16,0.0,2.1428314942033673e-05
2014-08-18,0.0,NORMAL,0.9999812604428923,4.500464071812347e-16,0.0,1.873955668888477e-05
2014-08-25,0.0,NORMAL,0.9999839477729068,1.8480055586684606e-15,0.0,1.6052227951729522e-05
2014-09-01,0.0,NORMAL,0.9998090349662125,1.5377807879953732e-14,0.0,0.00019096503295584365
2014-09-08,0.0,NORMAL,0.9999650985461626,2.2841905999565983e-14,0.0,3.49014540019229e-05
2014-09-15,0.0,NORMAL,0.9996617654212028,3.3673510763014308e-15,0.0,0.0003382345786363401
2014-09-22,0.0,NORMAL,0.9999604920595848,1.0169342255876696e-14,0.0,3.950794032952455e-05
2014-09-29,0.0,NORMAL,0.9999030869728034,2.9550559150708024e-14,0.0,9.691302758787541e-05
2014-10-06,0.0,NORMAL,0.999945233424101,2.664186493242339e-13,0.0,5.476657612032466e-05
2014-10-13,0.0,NORMAL,0.9995199283076948,1.6189678443202622e-13,0.0,0.0004800716921354506
2014-10-20,0.0,NORMAL,0.9998501145017716,7.811074226708512e-14,0.0,0.00014988549789380498
2014-10-27,0.0,NORMAL,0.9998922298432684,7.487496929182265e-14,0.0,0.0001077701565041847
2014-11-03,0.0,NORMAL,0.9999414875658432,5.55677633476258e-15,0.0,5.8512433571537815e-05
2014-11-10,0.0,NORMAL,0.9999911934124949,6.143363773860781e-16,0.0,8.80658782971537e-06
2014-11-17,0.0,NORMAL,0.999992055811795,5.770962128755484e-16,0.0,7.944188070201372e-06
2014-11-24,0.0,NORMAL,0.999995602069824,4.44163491680673e-17,0.0,4.397930853150389e-06
2014-12-01,0.0,NORMAL,0.9999993642124738,2.1718871302121874e-16,0.0,6.357874919151522e-07
2014-12-08,0.0,NORMAL,0.9999964391108468,2.1702482636165904e-15,0.0,3.56088880755606e-06
2014-12-15,0.0,NORMAL,0.9999889427101295,2.501060964270154e-14,0.0,1.1057289253360438e-05
2014-12-22,0.0,NORMAL,0.9999222516265412,7.67883687854968e-12,0.0,7.774836583822097e-05
2014-12-29,0.0,NORMAL,0.9997820095305616,1.4405575852340516e-10,0.0,0.0002179903257071231
2015-01-05,0.0,NORMAL,0.9996873201745105,5.7501607764295065e-12,0.0,0.0003126798197010584
2015-01-12,0.0,NORMAL,0.9991951130166052,1.0057189550397807e-10,0.0,0.000804886882276405
2015-01-19,0.0,NORMAL,0.9849167575428209,2.9707795943842345e-10,0.0,0.015083242159903292
2015-01-26,0.0,NORMAL,0.9165296159187055,3.3712417871750806e-08,0.0,0.0834703503683982
2015-02-02,3.0,SUPPLY_SHOCK_3,0.4526017537929066,8.482890654971453e-09,0.0,0.5473982377243823
2015-02-09,3.0,SUPPLY_SHOCK_3,1.3068618543073515e-05,5.320947545929241e-05,0.0,0.9999337219060782
2015-02-16,3.0,SUPPLY_SHOCK_3,1.3325273274360933e-15,0.0031005711212025093,0.0,0.9968994288794668
2015-02-23,3.0,SUPPLY_SHOCK_3,2.341162168104169e-13,0.00012681917575331587,0.0,0.99987318082324
2015-03-02,3.0,SUPPLY_SHOCK_3,1.6571099636140602e-14,0.0010087143911314328,0.0,0.9989912856086369
2015-03-09,3.0,SUPPLY_SHOCK_3,1.625393750014812e-20,0.006992714086962645,0.0,0.9930072859125026
2015-03-16,3.0,SUPPLY_SHOCK_3,4.879724733849285e-12,2.0335080775261474e-05,0.0,0.9999796649147681
2015-03-23,3.0,SUPPLY_SHOCK_3,7.647983421919828e-09,2.4895200136238645e-07,0.0,0.9999997434006548
2015-03-30,3.0,SUPPLY_SHOCK_3,3.121279755052455e-08,7.996610724748772e-06,0.0,0.9999919721771491
2015-04-06,3.0,SUPPLY_SHOCK_3,1.7259906947737552e-05,2.485702416522442e-07,0.0,0.999982491523522
2015-04-13,3.0,SUPPLY_SHOCK_3,0.00012157734078478747,3.7713663584491613e-07,0.0,0.9998780455217686
2015-04-20,3.0,SUPPLY_SHOCK_3,4.323832586373365e-05,2.5003277355561037e-06,0.0,0.999954261346045
2015-04-27,3.0,SUPPLY_SHOCK_3,2.3546063341031413e-05,2.7688677659261714e-06,0.0,0.9999736850683796
2015-05-04,3.0,SUPPLY_SHOCK_3,0.00046077163961448487,5.090816285043726e-07,0.0,0.9995387192784388
2015-05-11,3.0,SUPPLY_SHOCK_3,0.000256111050567043,1.6643154803344173e-07,0.0,0.9997437225184636
2015-05-18,3.0,SUPPLY_SHOCK_3,0.001684311484967955,6.668965116370701e-08,0.0,0.9983156218261541
2015-05-25,3.0,SUPPLY_SHOCK_3,0.06182446814438921,2.3754066314225265e-08,0.0,0.9381755081015715
2015-06-01,0.0,NORMAL,0.664926620617293,9.670133883553974e-10,0.0,0.3350733784165963
2015-06-08,0.0,NORMAL,0.9896698154287041,5.7146201358299084e-12,0.0,0.010330184565406452
2015-06-15,0.0,NORMAL,0.9998714450177923,9.620164599461713e-13,0.0,0.00012855498089209724
2015-06-22,0.0,NORMAL,0.9995611545763285,3.454075866020062e-12,0.0,0.0004388454199463063
2015-06-29,0.0,NORMAL,0.9998427362533437,3.256508728308024e-14,0.0,0.0001572637471473074
2015-07-06,0.0,NORMAL,0.9999790634401352,3.83928707940783e-14,0.0,2.093655965810572e-05
2015-07-13,0.0,NORMAL,0.9999679276093156,5.394409870994817e-15,0.0,3.207239140252752e-05
2015-07-20,0.0,NORMAL,0.9999965367101995,5.243753701993726e-16,0.0,3.4632893315411616e-06
2015-07-27,0.0,NORMAL,0.9999972806800227,5.0292926760941844e-15,0.0,2.719320035817772e-06
2015-08-03,0.0,NORMAL,0.9999750493700479,2.2725677199265397e-14,0.0,2.4950629664479628e-05
2015-08-10,0.0,NORMAL,0.999887936299728,4.1711824665843937e-13,0.0,0.00011206369979007756
2015-08-17,0.0,NORMAL,0.9984909710305447,3.609569855300402e-11,0.0,0.0015090289329209932
2015-08-24,3.0,SUPPLY_SHOCK_3,0.000361049797074429,1.2556301970497476e-05,0.0,0.9996263939018429
2015-08-31,3.0,SUPPLY_SHOCK_3,0.0003453566667625603,9.667119454333109e-06,0.0,0.9996449762135543
2015-09-07,1.0,SUPPLY_SHOCK,1.3850655681001805e-20,0.9857231923626826,0.0,0.014276807637364256
2015-09-14,3.0,SUPPLY_SHOCK_3,2.0477206217692485e-08,1.001258618335098e-05,0.0,0.999989966935882
2015-09-21,3.0,SUPPLY_SHOCK_3,1.2679037668665435e-08,2.2101993730610364e-07,0.0,0.9999997663017257
2015-09-28,3.0,SUPPLY_SHOCK_3,2.3888669422696452e-11,0.00013786324315733032,0.0,0.9998621367338032
2015-10-05,3.0,SUPPLY_SHOCK_3,3.848340270711223e-05,1.1591071339176975e-07,0.0,0.9999614006857029
2015-10-12,3.0,SUPPLY_SHOCK_3,0.0011868515942773323,2.9785432976708015e-07,0.0,0.9988128505517085
2015-10-19,3.0,SUPPLY_SHOCK_3,0.0809336478798709,4.8166258841787417e-08,0.0,0.9190663039533359
2015-10-26,3.0,SUPPLY_SHOCK_3,0.3457686509607677,3.289775222924979e-08,0.0,0.6542313161407306
2015-11-02,3.0,SUPPLY_SHOCK_3,0.6288181462102386,5.1757835160553416e-09,0.0,0.3711818486148245
2015-11-09,0.0,NORMAL,0.9814517883395032,1.9218046005827594e-10,0.0,0.018548211467563826
2015-11-16,0.0,NORMAL,0.9966603101178882,6.096737442583145e-11,0.0,0.0033396898216363703
2015-11-23,0.0,NORMAL,0.9777976740052449,1.9943998744789737e-10,0.0,0.02220232579595226
2015-11-30,0.0,NORMAL,0.8262594719764531,1.7456220624190758e-07,0.0,0.17374035346070615
2015-12-07,0.0,NORMAL,0.8993100759292536,3.2877783393570144e-09,0.0,0.100689920783628
2015-12-14,0.0,NORMAL,0.887805009498533,4.377126533143873e-10,0.0,0.11219499006366478
2015-12-21,0.0,NORMAL,0.9270329316697378,2.400453374786437e-09,0.0,0.07296706592960032
2015-12-28,0.0,NORMAL,0.9826761868809513,6.473443196151865e-10,0.0,0.017323812471596048
2016-01-04,0.0,NORMAL,0.975208511271912,3.932228459417457e-09,0.0,0.0247914847951806
2016-01-11,0.0,NORMAL,0.9927310399110106,8.924431520505348e-10,0.0,0.007268959196592304
2016-01-18,0.0,NORMAL,0.987416717841441,1.184023831461851e-09,0.0,0.01258328097475899
2016-01-25,0.0,NORMAL,0.9802775342191204,2.324120813628056e-09,0.0,0.019722463456401274
2016-02-01,0.0,NORMAL,0.9433017067809947,1.539948986905123e-07,0.0,0.05669813922408469
2016-02-08,0.0,NORMAL,0.8212159680410642,3.6204510005721427e-07,0.0,0.17878366991433736
2016-02-15,3.0,SUPPLY_SHOCK_3,0.056245796122677535,3.0643507812575096e-08,0.0,0.9437541732334265
2016-02-22,3.0,SUPPLY_SHOCK_3,5.80939873033023e-05,2.075336262679422e-06,0.0,0.9999398306757821
2016-02-29,3.0,SUPPLY_SHOCK_3,1.9067328982468995e-06,1.4141614026864177e-07,0.0,0.9999979518509519
2016-03-07,3.0,SUPPLY_SHOCK_3,1.220467326394864e-05,9.76023233442717e-07,0.0,0.9999868193040223
2016-03-14,3.0,SUPPLY_SHOCK_3,1.3981325728505308e-21,0.012111779133741918,0.0,0.9878882208657228
2016-03-21,3.0,SUPPLY_SHOCK_3,1.0672021756662788e-12,0.00019891334158356048,0.0,0.9998010866573243
2016-03-28,3.0,SUPPLY_SHOCK_3,3.765413931401271e-12,1.2055940486496458e-05,0.0,0.9999879440564703
2016-04-04,3.0,SUPPLY_SHOCK_3,3.2717076504287692e-09,3.6434761207483783e-06,0.0,0.9999963532530374
2016-04-11,3.0,SUPPLY_SHOCK_3,3.306977963226379e-06,1.975812454076036e-06,0.0,0.9999947172103407
2016-04-18,3.0,SUPPLY_SHOCK_3,3.2433261245929525e-05,4.682637352026824e-06,0.0,0.9999628841008933
2016-04-25,3.0,SUPPLY_SHOCK_3,0.0006403693284499436,1.6255503717791098e-07,0.0,0.9993594681170899
2016-05-02,3.0,SUPPLY_SHOCK_3,0.009691055031964413,2.5066635750558393e-07,0.0,0.9903086943016506
2016-05-09,3.0,SUPPLY_SHOCK_3,0.0103350904121406,6.010082151345508e-07,0.0,0.9896643085797617
2016-05-16,3.0,SUPPLY_SHOCK_3,0.1706679927655486,3.1902771002943167e-07,0.0,0.8293316882064532
2016-05-23,3.0,SUPPLY_SHOCK_3,0.4812692853381382,4.616961054325696e-08,0.0,0.5187306684920536
2016-05-30,0.0,NORMAL,0.9629448666318012,6.211744964319424e-10,0.0,0.037055132746176195
2016-06-06,0.0,NORMAL,0.998629904005493,2.075561557381151e-11,0.0,0.0013700959733984317
2016-06-13,0.0,NORMAL,0.9998020389893857,1.7662995161560163e-12,0.0,0.000197961008925626
2016-06-20,0.0,NORMAL,0.9999301250139209,8.374828278301588e-12,0.0,6.987497767050277e-05
2016-06-27,0.0,NORMAL,0.9995349107443628,1.564774918122582e-11,0.0,0.00046508924016832877
2016-07-04,0.0,NORMAL,0.9999815760225947,2.860434116513568e-13,0.0,1.842397727311353e-05
2016-07-11,0.0,NORMAL,0.9999039190765143,7.629149374370822e-12,0.0,9.608091581924816e-05
2016-07-18,0.0,NORMAL,0.999623500709636,2.358474777557223e-13,0.0,0.00037649928981890545
2016-07-25,0.0,NORMAL,0.9999861938202141,5.37669616616117e-15,0.0,1.3806180129430934e-05
2016-08-01,0.0,NORMAL,0.9999930088096065,3.625667655950109e-15,0.0,6.991191212835985e-06
2016-08-08,0.0,NORMAL,0.9999805952002236,1.779473583616853e-14,0.0,1.940479978332769e-05
2016-08-15,0.0,NORMAL,0.9999923860503902,3.1092341299854667e-15,0.0,7.613949464413586e-06
2016-08-22,0.0,NORMAL,0.999993413544734,1.1327567745693788e-14,0.0,6.5864551936067025e-06
2016-08-29,0.0,NORMAL,0.9999533235493667,1.5289351649849748e-13,0.0,4.667645021596444e-05
2016-09-05,0.0,NORMAL,0.9999370499523261,9.737168582075248e-13,0.0,6.295004606645921e-05
2016-09-12,0.0,NORMAL,0.9998511554012037,5.460645865127132e-13,0.0,0.0001488445980322712
2016-09-19,0.0,NORMAL,0.9998807769888297,2.3158443344354785e-11,0.0,0.00011922298744297774
2016-09-26,0.0,NORMAL,0.999332202542701,5.39803128582645e-11,0.0,0.0006677974034044367
2016-10-03,0.0,NORMAL,0.999415559713758,3.742512167369966e-13,0.0,0.0005844402853251347
2016-10-10,0.0,NORMAL,0.999975404111487,6.709264448922305e-15,0.0,2.4595888502163246e-05
2016-10-17,0.0,NORMAL,0.9999931743546885,2.4703916629194082e-14,0.0,6.825644891897792e-06
2016-10-24,0.0,NORMAL,0.9999550489709392,5.003646869308011e-13,0.0,4.495102897181e-05
2016-10-31,0.0,NORMAL,0.9999890112034204,2.2001226044776002e-14,0.0,1.0988797067715948e-05
2016-11-07,0.0,NORMAL,0.999991638237078,3.5397308494954415e-14,0.0,8.361763457409168e-06
2016-11-14,0.0,NORMAL,0.9999847878454785,3.4471490817725515e-14,0.0,1.5212154247120245e-05
2016-11-21,0.0,NORMAL,0.9999591554889488,9.131379445711756e-14,0.0,4.084451056768576e-05
2016-11-28,0.0,NORMAL,0.9998726841949257,1.1325488537918517e-12,0.0,0.0001273158042329322
2016-12-05,0.0,NORMAL,0.9999892514456538,1.2068396755496152e-13,0.0,1.074855369167972e-05
2016-12-12,0.0,NORMAL,0.9997114217249473,5.339668735866792e-12,0.0,0.00028857826946323656
2016-12-19,0.0,NORMAL,0.9999754379802372,2.423824190467448e-12,0.0,2.456201740362797e-05
2016-12-26,0.0,NORMAL,0.9999925538418043,7.367840674060661e-13,0.0,7.446157153733869e-06
2017-01-02,0.0,NORMAL,0.9999647779004963,4.141072937450557e-12,0.0,3.522209460423497e-05
2017-01-09,0.0,NORMAL,0.9999273241590606,2.5823983428711836e-12,0.0,7.267583795288777e-05
2017-01-16,0.0,NORMAL,0.9999938701063524,2.6903880620418023e-14,0.0,6.129892835294025e-06
2017-01-23,0.0,NORMAL,0.9999994599240021,8.438443787813898e-15,0.0,5.400756249611138e-07
2017-01-30,0.0,NORMAL,0.9999999899664545,3.630755449322556e-13,0.0,1.0032800120151746e-08
2017-02-06,0.0,NORMAL,0.9999999816009224,7.240219428418973e-12,0.0,1.8391808380999974e-08
2017-02-13,0.0,NORMAL,0.9999998767471046,2.4680204750475702e-12,0.0,1.2325125190055352e-07
2017-02-20,0.0,NORMAL,0.9999997745908585,3.2259010839836546e-13,0.0,2.2540928290974477e-07
2017-02-27,0.0,NORMAL,0.9999997176328578,7.242155506742173e-15,0.0,2.823671416148721e-07
2017-03-06,0.0,NORMAL,0.9999997374762077,1.2500244363860907e-12,0.0,2.6252319062070826e-07
2017-03-13,0.0,NORMAL,0.9996464882056022,1.512473311676739e-10,0.0,0.0003535116437179913
2017-03-20,0.0,NORMAL,0.9999762427380949,1.3617919905408608e-13,0.0,2.375726239727757e-05
2017-03-27,0.0,NORMAL,0.9999621548353491,1.791323345778141e-13,0.0,3.784516487597656e-05
2017-04-03,0.0,NORMAL,0.9998789061447653,6.012837054469997e-13,0.0,0.00012109385529079827
2017-04-10,0.0,NORMAL,0.9987285767671215,3.472965974574083e-12,0.0,0.001271423228530731
2017-04-17,0.0,NORMAL,0.9996595789941404,4.456981828654917e-13,0.0,0.0003404210048097244
2017-04-24,0.0,NORMAL,0.9999019480635962,7.041781447212433e-13,0.0,9.805193566541486e-05
2017-05-01,0.0,NORMAL,0.9984847173625292,1.1676753819657032e-11,0.0,0.0015152826255125061
2017-05-08,0.0,NORMAL,0.9920998997208632,7.765002437183559e-11,0.0,0.007900100201208361
2017-05-15,0.0,NORMAL,0.987100199199583,8.996769180629181e-11,0.0,0.01289980070957999
2017-05-22,0.0,NORMAL,0.9915773894354658,9.106121514240248e-11,0.0,0.008422610473094646
2017-05-29,0.0,NORMAL,0.9965436463089101,2.4212703060672393e-12,0.0,0.0034563536886936387
2017-06-05,0.0,NORMAL,0.9997801658118826,1.7854222532260338e-13,0.0,0.00021983418815046013
2017-06-12,0.0,NORMAL,0.9997310204398392,2.9102488448442715e-14,0.0,0.0002689795603100236
2017-06-19,0.0,NORMAL,0.9999000483336304,1.0197502798891928e-14,0.0,9.995166672730954e-05
2017-06-26,0.0,NORMAL,0.999974644455002,6.632866826884617e-15,0.0,2.535554470538589e-05
2017-07-03,0.0,NORMAL,0.9999586383133121,3.858528864798211e-14,0.0,4.1361685957440385e-05
2017-07-10,0.0,NORMAL,0.9998446561293589,3.5682851930356154e-12,0.0,0.00015534386699795954
2017-07-17,0.0,NORMAL,0.9991522123392459,9.376860351406386e-12,0.0,0.000847787651618326
2017-07-24,0.0,NORMAL,0.9998103136360622,3.899492677006319e-12,0.0,0.00018968636008366845
2017-07-31,0.0,NORMAL,0.9991284805216395,2.1727444115495206e-11,0.0,0.0008715194562973982
2017-08-07,0.0,NORMAL,0.9981412520287344,2.429235289788449e-10,0.0,0.0018587477289058508
2017-08-14,0.0,NORMAL,0.9995653554812588,8.832134524610891e-12,0.0,0.000434644510232627
2017-08-21,0.0,NORMAL,0.9993887836394549,6.292991468528337e-11,0.0,0.0006112162971046329
2017-08-28,0.0,NORMAL,0.9726313727140699,1.2350442875771956e-09,0.0,0.02736862605169492
2017-09-04,3.0,SUPPLY_SHOCK_3,0.0020083712280271238,5.181934784682732e-09,0.0,0.9979916235909075
2017-09-11,1.0,SUPPLY_SHOCK,6.038117033580757e-31,0.9996177177869191,0.0,0.00038228221333007177
2017-09-18,3.0,SUPPLY_SHOCK_3,1.4474627744370568e-20,0.004476036989776559,0.0,0.995523963011117
2017-09-25,3.0,SUPPLY_SHOCK_3,6.99778934062182e-18,0.0014707661007614522,0.0,0.9985292338999094
2017-10-02,3.0,SUPPLY_SHOCK_3,3.7148855892832785e-17,0.0016820896277600075,0.0,0.9983179103725429
2017-10-09,3.0,SUPPLY_SHOCK_3,4.307936968137592e-17,0.0007866578585674837,0.0,0.9992133421421698
2017-10-16,3.0,SUPPLY_SHOCK_3,1.1193913467025855e-18,0.000588197379874616,0.0,0.9994118026197809
2017-10-23,3.0,SUPPLY_SHOCK_3,1.9310277222065498e-16,0.00035276776766471693,0.0,0.9996472322332098
2017-10-30,3.0,SUPPLY_SHOCK_3,7.562809645528802e-13,1.1920853424290329e-05,0.0,0.9999880791457368
2017-11-06,0.0,NORMAL,0.9520485089134356,2.6841286917672052e-11,0.0,0.047951491060551056
2017-11-13,0.0,NORMAL,0.9961617926380595,3.757704934109354e-12,0.0,0.003838207357737875
2017-11-20,0.0,NORMAL,0.9999169740602567,7.680265703547074e-14,0.0,8.302594012862972e-05
2017-11-27,0.0,NORMAL,0.9999539371406178,8.51062928940635e-14,0.0,4.606285861311667e-05
2017-12-04,0.0,NORMAL,0.9999323189607756,1.292235035939806e-13,0.0,6.768103946769444e-05
2017-12-11,0.0,NORMAL,0.9999785986017765,1.9343403825759763e-14,0.0,2.1401397323604438e-05
2017-12-18,0.0,NORMAL,0.9999835342414846,2.8312196174007056e-14,0.0,1.6465758604897367e-05
2017-12-25,0.0,NORMAL,0.9999722133838733,1.2682266536927354e-13,0.0,2.778661511385736e-05
2018-01-01,0.0,NORMAL,0.9999547807839574,9.479894295646148e-14,0.0,4.521921622516191e-05
2018-01-08,0.0,NORMAL,0.9999775913566396,1.0589613103433496e-14,0.0,2.2408642756606375e-05
2018-01-15,0.0,NORMAL,0.9999962247673787,2.24993366255012e-15,0.0,3.7752332045565816e-06
2018-01-22,0.0,NORMAL,0.9999976378995301,4.068014714415642e-15,0.0,2.362100003553233e-06
2018-01-29,0.0,NORMAL,0.9999995150902844,4.1153695364446794e-14,0.0,4.849094991924105e-07
2018-02-05,0.0,NORMAL,0.9999993931434824,1.1347997468747918e-14,0.0,6.068569745060048e-07
2018-02-12,0.0,NORMAL,0.9999988092374947,4.2249060755649876e-14,0.0,1.1907617957092024e-06
2018-02-19,0.0,NORMAL,0.9999947924688136,2.51227827879547e-13,0.0,5.207530365221618e-06
2018-02-26,0.0,NORMAL,0.9999728649589071,3.315466753260968e-13,0.0,2.7135040721691393e-05
2018-03-05,0.0,NORMAL,0.9999944795606589,1.6966155117494953e-12,0.0,5.52043712269738e-06
2018-03-12,0.0,NORMAL,0.9997119214863921,3.8315850734998524e-12,0.0,0.00028807850981186627
2018-03-19,0.0,NORMAL,0.9999888019055456,5.050503443900043e-15,0.0,1.1198094268331705e-05
2018-03-26,0.0,NORMAL,0.999990605769669,1.9016417631382406e-14,0.0,9.394230104858333e-06
2018-04-02,0.0,NORMAL,0.9999706863731337,8.331791978582991e-14,0.0,2.931362607165871e-05
2018-04-09,0.0,NORMAL,0.9999802614567609,3.526503779384069e-14,0.0,1.9738542586099067e-05
2018-04-16,0.0,NORMAL,0.999986174324555,2.125417810565351e-14,0.0,1.3825675934360357e-05
2018-04-23,0.0,NORMAL,0.9999798687320448,4.381790266247029e-15,0.0,2.013126819948986e-05
2018-04-30,0.0,NORMAL,0.9999897493924127,1.8070539420675296e-15,0.0,1.0250607497725222e-05
2018-05-07,0.0,NORMAL,0.9999931660292308,4.212144919202981e-15,0.0,6.833970272221039e-06
2018-05-14,0.0,NORMAL,0.9999673696105319,6.90802049162959e-15,0.0,3.263038903906426e-05
2018-05-21,0.0,NORMAL,0.9999879218723433,1.235013812760505e-15,0.0,1.2078127769576715e-05
2018-05-28,0.0,NORMAL,0.9999929975956153,4.566779983675017e-16,0.0,7.0024049521875266e-06
2018-06-04,0.0,NORMAL,0.9999921550696251,3.213899259569302e-15,0.0,7.84493053531315e-06
2018-06-11,0.0,NORMAL,0.9999690846665946,1.601367087538711e-14,0.0,3.091533363756695e-05
2018-06-18,0.0,NORMAL,0.9999565856635056,1.4399198628151347e-14,0.0,4.3414336279852293e-05
2018-06-25,0.0,NORMAL,0.9999674810290983,4.9196455087901586e-14,0.0,3.251897134774264e-05
2018-07-02,0.0,NORMAL,0.9997835781827236,4.2826463494925397e-13,0.0,0.00021642181637896677
2018-07-09,0.0,NORMAL,0.9994270076303542,1.4767841645289124e-12,0.0,0.0005729923687489008
2018-07-16,0.0,NORMAL,0.9998961439124511,7.844801307123142e-14,0.0,0.00010385608688260604
2018-07-23,0.0,NORMAL,0.999968315823848,1.1730958085658921e-14,0.0,3.1684176627648797e-05
2018-07-30,0.0,NORMAL,0.9999779183854695,7.149196453986001e-15,0.0,2.208161445084505e-05
2018-08-06,0.0,NORMAL,0.999989624891148,1.827481775740521e-15,0.0,1.0375108691733175e-05
2018-08-13,0.0,NORMAL,0.9999947002192506,1.8825011674674293e-16,0.0,5.2997813312572894e-06
2018-08-20,0.0,NORMAL,0.9999972325988077,6.013672915496844e-17,0.0,2.767401701337876e-06
2018-08-27,0.0,NORMAL,0.9999946486784603,1.7260227822811e-16,0.0,5.351321837689976e-06
2018-09-03,0.0,NORMAL,0.9999908428036175,3.4215822568274476e-16,0.0,9.15719623822959e-06
2018-09-10,0.0,NORMAL,0.9999943337258181,2.1852351310957752e-15,0.0,5.666273693071208e-06
2018-09-17,0.0,NORMAL,0.999939421602488,9.773517590234277e-16,0.0,6.0578397637695186e-05
2018-09-24,0.0,NORMAL,0.9999875508867282,6.122190721523017e-16,0.0,1.2449113935812366e-05
2018-10-01,0.0,NORMAL,0.9999820295011338,1.1367080579405694e-15,0.0,1.7970498477341624e-05
2018-10-08,0.0,NORMAL,0.9999908258908091,1.8081628274683833e-15,0.0,9.174109619759637e-06
2018-10-15,0.0,NORMAL,0.9999923090422441,5.447077209838219e-15,0.0,7.690958540153264e-06
2018-10-22,0.0,NORMAL,0.9999881066994603,5.79207732118948e-15,0.0,1.1893300910054294e-05
2018-10-29,0.0,NORMAL,0.9999905326651743,3.6796635580985735e-15,0.0,9.46733485411203e-06
2018-11-05,0.0,NORMAL,0.9999805798118719,2.544247370773568e-14,0.0,1.942018873651466e-05
2018-11-12,0.0,NORMAL,0.9997849586160479,3.6955309095234435e-13,0.0,0.0002150413828808949
2018-11-19,0.0,NORMAL,0.9984941761332907,7.706012544127942e-12,0.0,0.0015058238597442672
2018-11-26,0.0,NORMAL,0.986613265128414,2.4316925923848606e-10,0.0,0.01338673462781831
2018-12-03,0.0,NORMAL,0.9669671233399334,1.6055723279611279e-10,0.0,0.0330328764987544
2018-12-10,0.0,NORMAL,0.981043500703488,5.664258313820071e-10,0.0,0.018956498730282698
2018-12-17,0.0,NORMAL,0.9872316984298665,4.4037483294267327e-10,0.0,0.012768301130174586
2018-12-24,0.0,NORMAL,0.9891237947691247,6.254625601448088e-10,0.0,0.010876204605285633
2018-12-31,0.0,NORMAL,0.9226117318800071,3.261266362871772e-09,0.0,0.07738826485927763
2019-01-07,0.0,NORMAL,0.9536380089259979,1.5164791193729826e-07,0.0,0.04636183942642544
2019-01-14,0.0,NORMAL,0.968456576172738,7.86898217838663e-09,0.0,0.03154341595826589
2019-01-21,0.0,NORMAL,0.9713976621841072,3.549319051599474e-08,0.0,0.028602302323167957
2019-01-28,0.0,NORMAL,0.9162288268051213,6.071813367920026e-05,0.0,0.08371045506064377
2019-02-04,0.0,NORMAL,0.9611815487658089,2.934744950157025e-08,0.0,0.038818421886950956
2019-02-11,0.0,NORMAL,0.9815820475829015,1.556593680740253e-08,0.0,0.01841793685040181
2019-02-18,0.0,NORMAL,0.9769667207072723,5.589504119889496e-09,0.0,0.02303327370317858
2019-02-25,0.0,NORMAL,0.7754628425990583,5.941413639206514e-07,0.0,0.22453656326037683
2019-03-04,0.0,NORMAL,0.46539484822356136,1.2452526710889854e-06,0.0,0.5346039065228907
2019-03-11,3.0,SUPPLY_SHOCK_3,0.002525560365479624,4.394635258964462e-05,0.0,0.9974304932821713
2019-03-18,3.0,SUPPLY_SHOCK_3,0.003707628293282875,7.69122579478877e-07,0.0,0.9962916025847464
2019-03-25,3.0,SUPPLY_SHOCK_3,0.0015099574101916948,2.870044524108367e-07,0.0,0.998489755585938
2019-04-01,3.0,SUPPLY_SHOCK_3,0.006018608725969773,9.849080459610929e-08,0.0,0.9939812927828691
2019-04-08,3.0,SUPPLY_SHOCK_3,0.010742965081394551,5.531181431979885e-08,0.0,0.9892569796059559
2019-04-15,0.0,NORMAL,0.3728085005874314,2.4031309808688445e-08,0.0,0.6271914753817784
2019-04-22,0.0,NORMAL,0.7199296711837837,1.909383232370365e-09,0.0,0.2800703269068357
2019-04-29,0.0,NORMAL,0.9305784468939703,1.9202003248014608e-10,0.0,0.06942155291345965
2019-05-06,0.0,NORMAL,0.9981571182261418,8.977761111419506e-13,0.0,0.0018428817732693515
2019-05-13,0.0,NORMAL,0.9997511738233562,8.419610978756629e-14,0.0,0.0002488261773488029
2019-05-20,0.0,NORMAL,0.9998554418956515,4.49411742249701e-14,0.0,0.00014455810452905992
2019-05-27,0.0,NORMAL,0.999892108529758,7.887133276236163e-13,0.0,0.00010789146963692291
2019-06-03,0.0,NORMAL,0.9991125950838198,4.331999136410256e-12,0.0,0.0008874049123647542
2019-06-10,0.0,NORMAL,0.9907629054568585,8.105224017083277e-13,0.0,0.009237094542645418
2019-06-17,0.0,NORMAL,0.9990177065312956,2.737442378681168e-13,0.0,0.0009822934678119274
2019-06-24,0.0,NORMAL,0.999786148716541,1.088479884029957e-12,0.0,0.00021385128265207596
2019-07-01,0.0,NORMAL,0.9977763532258865,3.368123680631366e-10,0.0,0.002223646437222287
2019-07-08,0.0,NORMAL,0.991625700956712,1.0062473105206839e-09,0.0,0.008374298036323197
2019-07-15,0.0,NORMAL,0.9943918850311326,3.395027685193794e-10,0.0,0.005608114630049418
2019-07-22,0.0,NORMAL,0.9858572105423395,7.408922168502244e-10,0.0,0.014142788716760777
2019-07-29,0.0,NORMAL,0.9941193853613134,3.935179789556228e-11,0.0,0.005880614599336326
2019-08-05,0.0,NORMAL,0.9986585479089063,1.7261680121525037e-11,0.0,0.0013414520737197984
2019-08-12,0.0,NORMAL,0.9993364855035256,1.4516159117159765e-13,0.0,0.0006635144969756589
2019-08-19,0.0,NORMAL,0.9998953574434215,6.295470604953449e-14,0.0,0.0001046425568365432
2019-08-26,0.0,NORMAL,0.9999378292222967,5.843965752311879e-15,0.0,6.21707770459516e-05
2019-09-02,0.0,NORMAL,0.9999928838968474,4.839854268716002e-16,0.0,7.116103520726197e-06
2019-09-09,0.0,NORMAL,0.999994760296516,1.1783694248958543e-15,0.0,5.239704097648662e-06
2019-09-16,0.0,NORMAL,0.99997444927695,2.9618175510545215e-13,0.0,2.5550721902619586e-05
2019-09-23,0.0,NORMAL,0.9983779969834794,3.2212583860458036e-10,0.0,0.0016220026937795247
2019-09-30,0.0,NORMAL,0.9186393368888198,6.996060183780943e-08,0.0,0.0813605931500648
2019-10-07,0.0,NORMAL,0.9398208560663013,3.783695368641438e-09,0.0,0.060179140150307946
2019-10-14,0.0,NORMAL,0.9696506045989176,9.448925992103807e-10,0.0,0.03034939445608262
2019-10-21,0.0,NORMAL,0.978322078348386,4.832145202314152e-09,0.0,0.021677916818571584
2019-10-28,0.0,NORMAL,0.992932483069854,4.192826758941749e-11,0.0,0.007067516888215325
2019-11-04,0.0,NORMAL,0.9979815339398405,2.45096327878677e-11,0.0,0.0020184660353536133
2019-11-11,0.0,NORMAL,0.9993788200982859,1.743667115619056e-12,0.0,0.000621179899084352
2019-11-18,0.0,NORMAL,0.9997063588653331,8.510092323641441e-14,0.0,0.0002936411349738214
2019-11-25,0.0,NORMAL,0.9999760293375318,3.0105530769139207e-15,0.0,2.3970662577660956e-05
2019-12-02,0.0,NORMAL,0.9999891535923564,8.94944322403209e-15,0.0,1.0846408185657083e-05
2019-12-09,0.0,NORMAL,0.9999722362115563,3.3941719558411495e-15,0.0,2.776378916931868e-05
2019-12-16,0.0,NORMAL,0.9999858002273415,1.0467832145713706e-14,0.0,1.4199772713210218e-05
2019-12-23,0.0,NORMAL,0.999993749055176,4.231058846402764e-15,0.0,6.2509442257927775e-06
2019-12-30,0.0,NORMAL,0.999992811949055,9.444553411774553e-15,0.0,7.188051431193158e-06
2020-01-06,0.0,NORMAL,0.9999851515487621,1.816202838375116e-15,0.0,1.4848450491816638e-05
2020-01-13,0.0,NORMAL,0.9999981537838484,2.743407506302646e-15,0.0,1.8462157205793454e-06
2020-01-20,0.0,NORMAL,0.999997734969675,1.1687768727176528e-14,0.0,2.265030300911376e-06
2020-01-27,0.0,NORMAL,0.9999995688232067,2.1692211908278824e-13,0.0,4.31177162288214e-07
2020-02-03,0.0,NORMAL,0.9999962853176713,8.774340137550317e-12,0.0,3.7146744283488287e-06
2020-02-10,0.0,NORMAL,0.9999110373475741,4.415450954707525e-11,0.0,8.896260737859411e-05
2020-02-17,0.0,NORMAL,0.999858984362752,1.7614237588190053e-10,0.0,0.00014101546052236878
2020-02-24,0.0,NORMAL,0.9979527603125744,7.327027283874644e-09,0.0,0.0020472323610520784
2020-03-02,0.0,NORMAL,0.9811043430970323,1.0251178099157947e-08,0.0,0.018895646651081652
2020-03-09,0.0,NORMAL,0.6628146084698678,3.416869739920325e-07,0.0,0.33718504984234277
2020-03-16,3.0,SUPPLY_SHOCK_3,5.525104963465839e-10,6.079732138128463e-05,0.0,0.9999392021256331
2020-03-23,3.0,SUPPLY_SHOCK_3,5.415113254510254e-37,0.0003273400023970927,0.0,0.9996726599984008
2020-03-30,3.0,SUPPLY_SHOCK_3,2.1503735192181236e-27,6.338159134289874e-05,0.0,0.9999366184079798
2020-04-06,1.0,SUPPLY_SHOCK,5.445513876480963e-102,1.0,0.0,7.477905585418456e-26
2020-04-13,1.0,SUPPLY_SHOCK,1.0364920793515355e-57,1.0,0.0,2.35258119205292e-21
2020-04-20,1.0,SUPPLY_SHOCK,3.107961564740599e-156,1.0,0.0,6.306284054990536e-143
2020-04-27,2.0,NORMAL_2,0.0,1.5953977458787683e-106,1.0,0.0
2020-05-04,1.0,SUPPLY_SHOCK,0.0,1.0,0.0,0.0
2020-05-11,1.0,SUPPLY_SHOCK,7.592158379827403e-159,1.0,0.0,9.169193640159596e-96
2020-05-18,1.0,SUPPLY_SHOCK,3.377410871758117e-54,1.0,0.0,2.121551180611864e-40
2020-05-25,1.0,SUPPLY_SHOCK,0.0,1.0,0.0,3.8895522879167973e-209
2020-06-01,1.0,SUPPLY_SHOCK,5.46832359938296e-233,1.0,0.0,4.697995466953512e-116
2020-06-08,1.0,SUPPLY_SHOCK,2.37948842123426e-69,1.0,0.0,9.289409465972716e-31
2020-06-15,1.0,SUPPLY_SHOCK,1.810253381320265e-48,1.0,0.0,3.076816893674332e-19
2020-06-22,1.0,SUPPLY_SHOCK,1.7610819560190773e-21,0.999330089163729,0.0,0.0006699108368335057
2020-06-29,3.0,SUPPLY_SHOCK_3,1.6273477107312354e-06,0.220031339646731,0.0,0.779967033005433
2020-07-06,3.0,SUPPLY_SHOCK_3,0.018723156230504304,9.961353100951111e-05,0.0,0.9811772302392011
2020-07-13,3.0,SUPPLY_SHOCK_3,0.3377978318473276,1.180935300741152e-07,0.0,0.6622020500591387
2020-07-20,0.0,NORMAL,0.8415685905701081,2.9809559681991236e-09,0.0,0.1584314064481393
2020-07-27,0.0,NORMAL,0.9827408811859684,1.047910638988761e-10,0.0,0.01725911870864586
2020-08-03,0.0,NORMAL,0.9970861932070975,6.2403746896553195e-12,0.0,0.002913806786079865
2020-08-10,0.0,NORMAL,0.9997220886635657,3.8904215274187504e-14,0.0,0.00027791133609503265
2020-08-17,0.0,NORMAL,0.9999569117341754,1.2163048559292235e-14,0.0,4.30882667084996e-05
2020-08-24,0.0,NORMAL,0.9999541869073113,1.0208469663997077e-13,0.0,4.581309260974158e-05
2020-08-31,0.0,NORMAL,0.9997616321922185,1.202613987553567e-11,0.0,0.0002383677951750395
2020-09-07,0.0,NORMAL,0.9996769849032636,3.9245734124413527e-14,0.0,0.00032301509681170195
2020-09-14,0.0,NORMAL,0.9999901807468692,2.4870341260220846e-15,0.0,9.819252486146354e-06
2020-09-21,0.0,NORMAL,0.9999917058174286,4.9111252143203934e-14,0.0,8.29418220697899e-06
2020-09-28,0.0,NORMAL,0.9999474945212876,2.043719172367143e-13,0.0,5.250547833834615e-05
2020-10-05,0.0,NORMAL,0.9999740132691496,3.4070995061030746e-15,0.0,2.5986731515503267e-05
2020-10-12,0.0,NORMAL,0.9999941351096914,3.209875719215925e-16,0.0,5.8648900013075035e-06
2020-10-19,0.0,NORMAL,0.9999899128560521,2.5889704725090374e-15,0.0,1.0087143126417827e-05
2020-10-26,0.0,NORMAL,0.9999738266238768,2.3188190815786206e-15,0.0,2.617337623728143e-05
2020-11-02,0.0,NORMAL,0.9999922632422632,4.4045698180693384e-16,0.0,7.736757770664034e-06
2020-11-09,0.0,NORMAL,0.9999943228756079,2.3928408165624647e-15,0.0,5.677124431005161e-06
2020-11-16,0.0,NORMAL,0.9999007850673806,2.1048333845677517e-13,0.0,9.9214931737755e-05
2020-11-23,0.0,NORMAL,0.9999660656258866,3.955283630142804e-14,0.0,3.393437373644211e-05
2020-11-30,0.0,NORMAL,0.9996811752299781,1.3019082345810026e-11,0.0,0.0003188247563858318
2020-12-07,0.0,NORMAL,0.994511019557945,6.367680361053431e-11,0.0,0.005488980378238512
2020-12-14,0.0,NORMAL,0.999716656574181,5.428304276069002e-12,0.0,0.0002833434198287282
2020-12-21,0.0,NORMAL,0.9997669706607201,2.8117736792914388e-11,0.0,0.00023302931140528865
2020-12-28,0.0,NORMAL,0.9995332426282655,9.570338926400244e-12,0.0,0.00046675736259767757
2021-01-04,0.0,NORMAL,0.9999493503531848,1.808923628455824e-13,0.0,5.064964707874748e-05
2021-01-11,0.0,NORMAL,0.9999795585369797,2.537736549552304e-12,0.0,2.0441460666125095e-05
2021-01-18,0.0,NORMAL,0.9987324780116499,4.681870134898091e-11,0.0,0.0012675219421195963
2021-01-25,0.0,NORMAL,0.9999746028066584,1.6930014971992253e-13,0.0,2.539719371653944e-05
2021-02-01,0.0,NORMAL,0.9999793840430895,8.882122975545457e-13,0.0,2.061595535128356e-05
2021-02-08,0.0,NORMAL,0.9999442777289365,2.5225632385744446e-12,0.0,5.572226765296742e-05
2021-02-15,0.0,NORMAL,0.9997183136236217,1.1741299509748182e-11,0.0,0.0002816863655110193
2021-02-22,0.0,NORMAL,0.9991529433059073,2.0593748284861973e-11,0.0,0.0008470566734267194
2021-03-01,0.0,NORMAL,0.9493406271622834,1.5657124296647908e-07,0.0,0.05065921626685914
2021-03-08,0.0,NORMAL,0.9487413664616727,1.0435505381282509e-08,0.0,0.051258623103618284
2021-03-15,0.0,NORMAL,0.95671615208261,7.968103252072683e-10,0.0,0.04328384711996738
2021-03-22,0.0,NORMAL,0.9830461478173722,7.333370328192014e-12,0.0,0.0169538521756031
2021-03-29,0.0,NORMAL,0.9999310110039669,9.994661346946894e-14,0.0,6.898899546057603e-05
2021-04-05,0.0,NORMAL,0.9999970062116766,1.2144138566418295e-13,0.0,2.993789050105153e-06
2021-04-12,0.0,NORMAL,0.9999908884434637,1.2086272988616138e-12,0.0,9.111554633466119e-06
2021-04-19,0.0,NORMAL,0.999978959698071,1.1735379866120866e-13,0.0,2.1040302571192936e-05
2021-04-26,0.0,NORMAL,0.9999987199179494,1.1361109618469666e-15,0.0,1.2800829262865846e-06
2021-05-03,0.0,NORMAL,0.9999986548345939,7.728185435338718e-16,0.0,1.3451656501365197e-06
2021-05-10,0.0,NORMAL,0.9999947471343777,4.178102275160642e-15,0.0,5.252866100720474e-06
2021-05-17,0.0,NORMAL,0.9999944139173338,7.810734239291233e-16,0.0,5.586082614528329e-06
2021-05-24,0.0,NORMAL,0.9999971604433383,2.506777494894258e-16,0.0,2.839555822779245e-06
2021-05-31,0.0,NORMAL,0.9999993858093216,7.930894475424473e-17,0.0,6.141900483931756e-07
2021-06-07,0.0,NORMAL,0.9999997422747006,2.1348201532260186e-16,0.0,2.577253438624259e-07
2021-06-14,0.0,NORMAL,0.9999994745741349,5.932424600658467e-17,0.0,5.25426675729523e-07
2021-06-21,0.0,NORMAL,0.9999995091003552,4.536294394080908e-17,0.0,4.908987824475296e-07
2021-06-28,0.0,NORMAL,0.9999994035826563,1.21383875336997e-16,0.0,5.964164437468924e-07
2021-07-05,0.0,NORMAL,0.9999995323015539,5.100698877838331e-19,0.0,4.6769932188012394e-07
2021-07-12,0.0,NORMAL,0.9999999979663698,1.3404149910461631e-18,0.0,2.034365610001338e-09
2021-07-19,0.0,NORMAL,0.9999999981373549,1.044648414064693e-17,0.0,1.8624961915797641e-09
2021-07-26,0.0,NORMAL,0.9999999404481077,1.4885295102763232e-16,0.0,5.9552400094322735e-08
2021-08-02,0.0,NORMAL,0.9999999591564128,8.4321682185634e-16,0.0,4.0843829271844326e-08
2021-08-09,0.0,NORMAL,0.9999999670253606,1.0131245165296942e-17,0.0,3.2974723817979304e-08
2021-08-16,0.0,NORMAL,0.9999999218107436,4.352624845881112e-17,0.0,7.818975751059459e-08
2021-08-23,0.0,NORMAL,0.9999999624033087,1.3819865493195931e-19,0.0,3.759698502217126e-08
2021-08-30,0.0,NORMAL,0.9999999925330485,3.643287485908618e-18,0.0,7.467477283113336e-09
2021-09-06,0.0,NORMAL,0.9999999211358985,1.6595121087076735e-15,0.0,7.886360081145767e-08
2021-09-13,0.0,NORMAL,0.9999988628976196,5.106887554005837e-17,0.0,1.1371023729939822e-06
2021-09-20,0.0,NORMAL,0.999999882915297,2.958387159564357e-17,0.0,1.1708403622341476e-07
2021-09-27,0.0,NORMAL,0.9999988170063893,7.438479525080274e-17,0.0,1.1829937297686834e-06
2021-10-04,0.0,NORMAL,0.9999971446018047,8.700108804624552e-16,0.0,2.8553981405467117e-06
2021-10-11,0.0,NORMAL,0.9999977072046841,3.628853888726236e-16,0.0,2.2927947056277904e-06
2021-10-18,0.0,NORMAL,0.999997775112862,6.367405350956768e-16,0.0,2.2248864315988753e-06
2021-10-25,0.0,NORMAL,0.9999987733124974,1.3651955318754363e-15,0.0,1.2266868362696993e-06
2021-11-01,0.0,NORMAL,0.9999995789549734,5.599587464537137e-16,0.0,4.210457155610812e-07
2021-11-08,0.0,NORMAL,0.9999992658106716,4.678639538820993e-16,0.0,7.341894348042998e-07
2021-11-15,0.0,NORMAL,0.9999997902068791,9.059919618035532e-17,0.0,2.0979267584898138e-07
2021-11-22,0.0,NORMAL,0.9999996341958409,1.606438410389553e-16,0.0,3.6580452296779645e-07
2021-11-29,0.0,NORMAL,0.9999992115611729,3.4531002181598632e-15,0.0,7.884395630944417e-07
2021-12-06,0.0,NORMAL,0.999931331847975,5.409225004750715e-15,0.0,6.866815190854938e-05
2021-12-13,0.0,NORMAL,0.9999121193195794,2.291596961052588e-15,0.0,8.78806803456014e-05
2021-12-20,0.0,NORMAL,0.9999609758044592,2.388164150194498e-14,0.0,3.9024196141528594e-05
2021-12-27,0.0,NORMAL,0.999864899383414,4.729159066943805e-15,0.0,0.0001351006173402244
2022-01-03,0.0,NORMAL,0.9998591280790359,9.024654375267116e-14,0.0,0.000140871920761589
2022-01-10,0.0,NORMAL,0.9999512420172318,2.918310403438085e-15,0.0,4.8757982944444874e-05
2022-01-17,0.0,NORMAL,0.9999879836208326,3.002731214090477e-14,0.0,1.2016379814796564e-05
2022-01-24,0.0,NORMAL,0.9999704064461855,1.1603727283302595e-14,0.0,2.9593554649294856e-05
2022-01-31,0.0,NORMAL,0.9999999816336642,2.7826962682824872e-15,0.0,1.836682800749592e-08
2022-02-07,0.0,NORMAL,0.999999963725714,9.743583857584296e-14,0.0,3.6274611101000993e-08
2022-02-14,0.0,NORMAL,0.9999995319868689,6.268845358682411e-15,0.0,4.6801298502744794e-07
2022-02-21,0.0,NORMAL,0.9999997046507342,3.1437589469066956e-15,0.0,2.9534933072807555e-07
2022-02-28,0.0,NORMAL,0.9999994274204984,2.686316441158958e-12,0.0,5.725770847442894e-07
2022-03-07,0.0,NORMAL,0.9995593626305574,3.9065482178119674e-08,0.0,0.000440598303374833
2022-03-14,1.0,SUPPLY_SHOCK,1.885598514182517e-28,0.9999999940955604,0.0,5.904094984677965e-09
2022-03-21,1.0,SUPPLY_SHOCK,3.5676503974483446e-25,0.9999961431496357,0.0,3.856850374325039e-06
2022-03-28,1.0,SUPPLY_SHOCK,2.1266533085748203e-30,0.999992425334806,0.0,7.574665684718273e-06
2022-04-04,1.0,SUPPLY_SHOCK,1.080589277106712e-22,0.9999397808839445,0.0,6.0219115983923706e-05
2022-04-11,1.0,SUPPLY_SHOCK,1.228710273902839e-21,0.9999879724032599,0.0,1.2027596251572757e-05
2022-04-18,1.0,SUPPLY_SHOCK,3.547444745105648e-26,0.9999674228633484,0.0,3.257713711299725e-05
2022-04-25,1.0,SUPPLY_SHOCK,8.353617158250766e-29,0.9999970961786272,0.0,2.903820555519565e-06
2022-05-02,1.0,SUPPLY_SHOCK,3.542053611637526e-25,0.9965704802152017,0.0,0.003429519785628131
2022-05-09,3.0,SUPPLY_SHOCK_3,3.5997956372634234e-06,0.0003388565362231062,0.0,0.9996575436690112
2022-05-16,3.0,SUPPLY_SHOCK_3,0.009775575720685277,7.423570451906741e-07,0.0,0.9902236819229799
2022-05-23,3.0,SUPPLY_SHOCK_3,0.00701556027723229,8.986590612809783e-06,0.0,0.9929754531314209
2022-05-30,3.0,SUPPLY_SHOCK_3,0.06091373704477219,1.2506200187030862e-06,0.0,0.9390850123358722
2022-06-06,3.0,SUPPLY_SHOCK_3,0.061237145147731785,3.3768353057132154e-07,0.0,0.9387625171695622
2022-06-13,3.0,SUPPLY_SHOCK_3,0.007489303370687033,8.853111508772461e-07,0.0,0.9925098113173918
2022-06-20,3.0,SUPPLY_SHOCK_3,0.0027382784899823214,1.0873961628524088e-07,0.0,0.99726161276969
2022-06-27,3.0,SUPPLY_SHOCK_3,0.0004099760718133683,7.807329250301502e-08,0.0,0.9995899458550775
2022-07-04,3.0,SUPPLY_SHOCK_3,1.6323195516612357e-05,3.283993041932288e-07,0.0,0.9999833484056904
2022-07-11,3.0,SUPPLY_SHOCK_3,9.724172791232035e-06,1.0108278217881512e-07,0.0,0.9999901747442631
2022-07-18,3.0,SUPPLY_SHOCK_3,6.562347616347361e-07,2.9214391164808616e-07,0.0,0.9999990516212115
2022-07-25,3.0,SUPPLY_SHOCK_3,7.005857913282935e-09,4.871267078870839e-07,0.0,0.9999995058680127
2022-08-01,3.0,SUPPLY_SHOCK_3,4.062755752931425e-12,5.021498005536399e-06,0.0,0.9999949784977274
2022-08-08,3.0,SUPPLY_SHOCK_3,9.015061471506101e-07,1.0461697195564244e-07,0.0,0.9999989938774493
2022-08-15,3.0,SUPPLY_SHOCK_3,0.00891955089816071,1.322984976650569e-09,0.0,0.9910804477788286
2022-08-22,3.0,SUPPLY_SHOCK_3,0.18457645072461812,8.472643644304602e-10,0.0,0.815423548427753
2022-08-29,0.0,NORMAL,0.66726171500736,2.6255850397780414e-10,0.0,0.33273828473037104
2022-09-05,0.0,NORMAL,0.8036683558228823,7.913641968742611e-10,0.0,0.1963316433858364
2022-09-12,0.0,NORMAL,0.9351415734024726,3.1183704527540066e-11,0.0,0.06485842656566702
2022-09-19,0.0,NORMAL,0.9954054082054651,2.076765628798669e-10,0.0,0.004594591586792664
2022-09-26,0.0,NORMAL,0.9817545897776832,2.490595772938154e-09,0.0,0.01824540773204844
2022-10-03,3.0,SUPPLY_SHOCK_3,0.034737488371737825,1.619643594934663e-07,0.0,0.9652623496637293
2022-10-10,3.0,SUPPLY_SHOCK_3,0.014853656677619358,1.2867987716267918e-07,0.0,0.9851462146422614
2022-10-17,3.0,SUPPLY_SHOCK_3,5.3653229038141313e-05,8.617604291439303e-07,0.0,0.9999454850111487
2022-10-24,3.0,SUPPLY_SHOCK_3,0.001203211167004049,2.6592820494976973e-07,0.0,0.9987965229048892
2022-10-31,3.0,SUPPLY_SHOCK_3,3.4869996597468464e-05,1.8695370005111209e-06,0.0,0.9999632604668248
2022-11-07,3.0,SUPPLY_SHOCK_3,0.014369987715511661,1.6987863292827929e-07,0.0,0.9856298424057736
2022-11-14,3.0,SUPPLY_SHOCK_3,1.9878677444892865e-05,1.0604248288570494e-07,0.0,0.9999800152796245
2022-11-21,3.0,SUPPLY_SHOCK_3,0.0026557359800390558,2.226029996006763e-08,0.0,0.9973442417604095
2022-11-28,3.0,SUPPLY_SHOCK_3,0.0006573390804826906,1.591846807232483e-07,0.0,0.9993425017345058
2022-12-05,3.0,SUPPLY_SHOCK_3,0.00041225777405892223,1.230840662591128e-07,0.0,0.9995876191424659
2022-12-12,3.0,SUPPLY_SHOCK_3,0.0006114305701706248,1.986235950036792e-07,0.0,0.999388370806807
2022-12-19,3.0,SUPPLY_SHOCK_3,0.0003287480683569527,2.742817697758959e-07,0.0,0.9996709776489862
2022-12-26,3.0,SUPPLY_SHOCK_3,3.793165559406121e-05,3.270356626796404e-07,0.0,0.9999617413093012
2023-01-02,3.0,SUPPLY_SHOCK_3,2.3030067599455423e-05,4.5626558061024773e-08,0.0,0.999976924306559
2023-01-09,3.0,SUPPLY_SHOCK_3,2.952723794744081e-09,9.358122054818835e-06,0.0,0.999990638925897
2023-01-16,3.0,SUPPLY_SHOCK_3,1.796859819694113e-06,0.00041216823156787157,0.0,0.999586034908194
2023-01-23,3.0,SUPPLY_SHOCK_3,7.588231437122704e-08,0.12353220396047616,0.0,0.876467720157848
2023-01-30,3.0,SUPPLY_SHOCK_3,1.667879571316018e-08,0.6068578985489647,0.0,0.393142084771485
2023-02-06,3.0,SUPPLY_SHOCK_3,8.36729453966531e-09,0.12533922098076947,0.0,0.8746607706520734
2023-02-13,3.0,SUPPLY_SHOCK_3,4.697331255546777e-07,0.00022048806785700365,0.0,0.999779042198793
2023-02-20,3.0,SUPPLY_SHOCK_3,0.00016946977273675498,1.830955922019747e-05,0.0,0.9998122206683633
2023-02-27,3.0,SUPPLY_SHOCK_3,0.01491609999948234,7.327512871270925e-08,0.0,0.9850838267251012
2023-03-06,3.0,SUPPLY_SHOCK_3,0.030057541684589174,1.731317550495799e-08,0.0,0.9699424410029109
2023-03-13,3.0,SUPPLY_SHOCK_3,1.2556646468427889e-05,3.2865889203602516e-06,0.0,0.9999841567641803
2023-03-20,3.0,SUPPLY_SHOCK_3,0.0013635780553667167,4.3312417838376107e-08,0.0,0.9986363786328939
2023-03-27,3.0,SUPPLY_SHOCK_3,0.0010348694139656856,8.692764976325701e-08,0.0,0.9989650436592478
2023-04-03,3.0,SUPPLY_SHOCK_3,0.0035773928900260966,2.739651192701853e-07,0.0,0.996422333144492
2023-04-10,3.0,SUPPLY_SHOCK_3,0.0031846820797156103,7.309863214152112e-07,0.0,0.9968145869332035
2023-04-17,3.0,SUPPLY_SHOCK_3,0.13987587316936048,1.9408827805029127e-07,0.0,0.8601239327423523
2023-04-24,3.0,SUPPLY_SHOCK_3,0.17843163739205684,2.393652917523973e-07,0.0,0.8215681232425742
2023-05-01,3.0,SUPPLY_SHOCK_3,0.482873532925194,2.56852074350281e-08,0.0,0.5171264413891318
2023-05-08,0.0,NORMAL,0.8140072343450797,3.32431864869562e-09,0.0,0.18599276233135634
2023-05-15,0.0,NORMAL,0.9550722633922085,3.4502435002152857e-10,0.0,0.04492773626231135
2023-05-22,0.0,NORMAL,0.9886877325041864,4.55063097366653e-10,0.0,0.011312267040611806
2023-05-29,0.0,NORMAL,0.9950637944571172,4.7617433637247437e-11,0.0,0.0049362054956476435
2023-06-05,0.0,NORMAL,0.9998426105609449,1.6546255364764886e-12,0.0,0.00015738943731095822
2023-06-12,0.0,NORMAL,0.9998773828449303,3.646616133734268e-13,0.0,0.0001226171550910662
2023-06-19,0.0,NORMAL,0.9996038712628055,8.886791857465291e-12,0.0,0.00039612872850124147
2023-06-26,0.0,NORMAL,0.9997451703967989,3.0775154312012177e-12,0.0,0.00025482960003229407
2023-07-03,0.0,NORMAL,0.9999774540587676,1.1127257747652354e-15,0.0,2.254594183450956e-05
2023-07-10,0.0,NORMAL,0.9999958975761295,4.048977527128238e-14,0.0,4.102424555942219e-06
2023-07-17,0.0,NORMAL,0.9998173368888122,2.250713261072217e-11,0.0,0.0001826630889440206
2023-07-24,0.0,NORMAL,0.99322985869444,1.403574965632908e-10,0.0,0.006770141165177418
2023-07-31,0.0,NORMAL,0.6463297022322939,2.3587629774699943e-08,0.0,0.35367027418096186
2023-08-07,3.0,SUPPLY_SHOCK_3,0.03511828350001674,5.214463050309145e-07,0.0,0.9648811950544055
2023-08-14,3.0,SUPPLY_SHOCK_3,0.014741470160508224,5.0210565506011814e-08,0.0,0.9852584796287932
2023-08-21,3.0,SUPPLY_SHOCK_3,0.012276278329314858,7.446060986801426e-08,0.0,0.9877236472093767
2023-08-28,3.0,SUPPLY_SHOCK_3,0.03593359240732192,1.9973232059892853e-08,0.0,0.9640663876188448
2023-09-04,3.0,SUPPLY_SHOCK_3,0.049042684514761244,2.0695486965366064e-08,0.0,0.9509572947897854
2023-09-11,3.0,SUPPLY_SHOCK_3,0.004559805696134804,1.8529795930627336e-08,0.0,0.9954401757749336
2023-09-18,0.0,NORMAL,0.8123735776234335,2.4618452667490896e-09,0.0,0.1876264199139301
2023-09-25,0.0,NORMAL,0.952454939602664,2.578196723135677e-10,0.0,0.04754506013961108
2023-10-02,0.0,NORMAL,0.9982353003897266,8.856925736067709e-13,0.0,0.0017646996093014938
2023-10-09,0.0,NORMAL,0.9999903022341669,9.381395792919105e-14,0.0,9.697766616820925e-06
2023-10-16,0.0,NORMAL,0.9999837990929297,1.98353069995436e-13,0.0,1.6200906721782754e-05
2023-10-23,0.0,NORMAL,0.9999480958514284,6.76012805637286e-13,0.0,5.190414723665406e-05
2023-10-30,0.0,NORMAL,0.9998996282673736,1.9453554620451334e-13,0.0,0.00010037173162968044
2023-11-06,0.0,NORMAL,0.9999681773012897,2.6352409835444676e-15,0.0,3.182269799482072e-05
2023-11-13,0.0,NORMAL,0.9999896453018164,2.323314297420632e-15,0.0,1.0354699051919684e-05
2023-11-20,0.0,NORMAL,0.9999934714646148,3.84205315735715e-15,0.0,6.528535910749388e-06
2023-11-27,0.0,NORMAL,0.9999901312035425,1.3275959581218866e-14,0.0,9.868796366413136e-06
2023-12-04,0.0,NORMAL,0.9999615336887209,4.6003424517560534e-14,0.0,3.846631155897088e-05
2023-12-11,0.0,NORMAL,0.9999293568013531,5.5003735604403013e-14,0.0,7.064319863382782e-05
2023-12-18,0.0,NORMAL,0.9999865576440607,1.7935854713882265e-13,0.0,1.3442356596439823e-05
2023-12-25,0.0,NORMAL,0.9998430923446093,1.635695513412303e-10,0.0,0.0001569074915470187
2024-01-01,0.0,NORMAL,0.9931639273199179,3.585262720135459e-12,0.0,0.006836072677387498
2024-01-08,0.0,NORMAL,0.9997531043384145,1.492831336787268e-13,0.0,0.00024689566202220237
2024-01-15,0.0,NORMAL,0.9999398984090551,9.704189650816489e-14,0.0,6.0101590661081846e-05
2024-01-22,0.0,NORMAL,0.9999512990925189,9.476794421149806e-14,0.0,4.8700907666141424e-05
2024-01-29,0.0,NORMAL,0.9999975456442477,4.832230956412219e-13,0.0,2.454354570078325e-06
2024-02-05,0.0,NORMAL,0.9999962072396632,1.236292603622204e-12,0.0,3.7927589000443997e-06
2024-02-12,0.0,NORMAL,0.9999791876581475,3.776496312792698e-12,0.0,2.0812337293879472e-05
2024-02-19,0.0,NORMAL,0.9999736753625076,9.303191239536343e-11,0.0,2.632454478678853e-05
2024-02-26,0.0,NORMAL,0.9997912139406998,1.7707077112648416e-10,0.0,0.00020878588157842028
2024-03-04,0.0,NORMAL,0.9998258246195416,1.7644585168409112e-09,0.0,0.0001741736157501659
2024-03-11,0.0,NORMAL,0.9493832056120697,1.0560436601358954e-08,0.0,0.05061678382710328
2024-03-18,0.0,NORMAL,0.9992359675189707,1.102578566036382e-11,0.0,0.0007640324694224116
2024-03-25,0.0,NORMAL,0.9997402337259088,2.7913260069205384e-12,0.0,0.00025976627055281743
2024-04-01,0.0,NORMAL,0.9998955675838493,2.17893737309407e-13,0.0,0.00010443241676754638
2024-04-08,0.0,NORMAL,0.9999648017102293,4.590428017627387e-14,0.0,3.5198289011994435e-05
2024-04-15,0.0,NORMAL,0.9999730347988105,1.4037572563181996e-14,0.0,2.696520202942806e-05
2024-04-22,0.0,NORMAL,0.999988234720239,5.5609173695393795e-15,0.0,1.176527927053254e-05
2024-04-29,0.0,NORMAL,0.9999885462440236,2.2346518990874845e-15,0.0,1.1453755567271023e-05
2024-05-06,0.0,NORMAL,0.9999824734667305,3.0475955549587026e-14,0.0,1.7526533853078983e-05
2024-05-13,0.0,NORMAL,0.9999681851517982,2.412598080772856e-14,0.0,3.181484872258418e-05
2024-05-20,0.0,NORMAL,0.9999140568805615,1.1529919365584586e-14,0.0,8.594311872141634e-05
2024-05-27,0.0,NORMAL,0.9999778876888826,5.730200278213295e-16,0.0,2.2112311046195813e-05
2024-06-03,0.0,NORMAL,0.9999916049061955,2.962358530843329e-16,0.0,8.395093809105867e-06
2024-06-10,0.0,NORMAL,0.9999879072660349,1.8350572090520002e-16,0.0,1.20927347780008e-05
2024-06-17,0.0,NORMAL,0.9999909298978554,8.400707197007236e-16,0.0,9.070101526909558e-06
2024-06-24,0.0,NORMAL,0.9999962290237979,1.8929971782472006e-16,0.0,3.7709763825605855e-06
2024-07-01,0.0,NORMAL,0.999994843211079,3.037654774303041e-16,0.0,5.156788386371292e-06
2024-07-08,0.0,NORMAL,0.9999952377697517,5.126320319305378e-16,0.0,4.762229429658683e-06
2024-07-15,0.0,NORMAL,0.9999988016486799,8.751692361137591e-16,0.0,1.1983505939031733e-06
2024-07-22,0.0,NORMAL,0.9999949140330687,3.7895783071389944e-16,0.0,5.085966759162675e-06
2024-07-29,0.0,NORMAL,0.999997378450442,5.892096204704318e-15,0.0,2.621549206043369e-06
2024-08-05,0.0,NORMAL,0.9999752807197455,3.350928706063168e-14,0.0,2.4719280458305375e-05
2024-08-12,0.0,NORMAL,0.9998921730368967,6.110191537163035e-15,0.0,0.0001078269635576624
2024-08-19,0.0,NORMAL,0.9999327433351113,4.660176917889862e-13,0.0,6.725666508271264e-05
2024-08-26,0.0,NORMAL,0.9999548811494401,6.6953368535922756e-15,0.0,4.511885023894792e-05
2024-09-02,0.0,NORMAL,0.9999226344450055,5.2928234206863756e-14,0.0,7.736555516694562e-05
2024-09-09,0.0,NORMAL,0.9999147387813205,9.675766506770775e-13,0.0,8.526121751342698e-05
2024-09-16,0.0,NORMAL,0.9973327116590202,8.116240757454881e-14,0.0,0.0026672883409737114
2024-09-23,0.0,NORMAL,0.9998283068415316,1.0924478651201275e-13,0.0,0.00017169315748631844
2024-09-30,0.0,NORMAL,0.9998693521870495,3.510589010158306e-13,0.0,0.00013064781178648646
2024-10-07,0.0,NORMAL,0.9994537637436458,2.1804906399758902e-12,0.0,0.0005462362537290328
2024-10-14,0.0,NORMAL,0.9992033638177416,2.335610157966804e-11,0.0,0.0007966361590841279
2024-10-21,0.0,NORMAL,0.9999435231271379,5.071006058871412e-14,0.0,5.6476872291864946e-05
2024-10-28,0.0,NORMAL,0.9999611421263732,1.5440434104179002e-14,0.0,3.885787433595541e-05
2024-11-04,0.0,NORMAL,0.9999533843626216,1.006048367047453e-13,0.0,4.661563744620377e-05
2024-11-11,0.0,NORMAL,0.9998751567810482,1.014155181333456e-13,0.0,0.00012484321960712914
2024-11-18,0.0,NORMAL,0.9999942491523887,4.692589432205173e-16,0.0,5.750848381598062e-06
2024-11-25,0.0,NORMAL,0.9999902465790894,3.203656427073823e-15,0.0,9.753421570780266e-06
2024-12-02,0.0,NORMAL,0.9999785099206691,6.60448679445968e-15,0.0,2.1490079036275587e-05
2024-12-09,0.0,NORMAL,0.9999640288454968,7.213304048828887e-15,0.0,3.5971154146329725e-05
2024-12-16,0.0,NORMAL,0.9999678225387683,4.476835636816777e-14,0.0,3.2177461073626226e-05
2024-12-23,0.0,NORMAL,0.999968924289451,8.397321522178556e-15,0.0,3.10757103289339e-05
2024-12-30,0.0,NORMAL,0.9999867948443945,1.9805469469518292e-15,0.0,1.3205156009395672e-05
2025-01-06,0.0,NORMAL,0.999986882667685,1.3782877366647829e-14,0.0,1.3117332786955041e-05
2025-01-13,0.0,NORMAL,0.9999773134467909,1.4095677340783929e-14,0.0,2.268655388395663e-05
2025-01-20,0.0,NORMAL,0.999991612258489,2.221980805325257e-14,0.0,8.387740701972955e-06
2025-01-27,0.0,NORMAL,0.9999985054703101,1.439882466455572e-13,0.0,1.4945302671512026e-06
2025-02-03,0.0,NORMAL,0.999995992661596,2.2856826494514065e-13,0.0,4.007338333107699e-06
2025-02-10,0.0,NORMAL,0.9999954065984634,6.572411210533546e-12,0.0,4.593395297218379e-06
2025-02-17,0.0,NORMAL,0.9999454294040377,1.691572093632171e-11,0.0,5.457057960048396e-05
2025-02-24,0.0,NORMAL,0.9999650584879579,5.732875258330302e-11,0.0,3.494145474099646e-05
2025-03-03,0.0,NORMAL,0.9989515872761013,1.4402744401964963e-09,0.0,0.0010484112840543772
2025-03-10,0.0,NORMAL,0.8432613662319889,8.946799170313072e-07,0.0,0.15673773908846245
2025-03-17,0.0,NORMAL,0.9589405524434698,1.5351026673756214e-10,0.0,0.04105944740305273
2025-03-24,0.0,NORMAL,0.9911226376157919,1.9775564361030228e-10,0.0,0.008877362186399857
2025-03-31,0.0,NORMAL,0.9834653555807948,4.96468733621624e-10,0.0,0.01653464392212008
2025-04-07,0.0,NORMAL,0.935215019652802,3.788409870609151e-09,0.0,0.06478497655811886
2025-04-14,3.0,SUPPLY_SHOCK_3,0.0001516998086816006,2.0349842059624632e-07,0.0,0.9998480966921202
2025-04-21,3.0,SUPPLY_SHOCK_3,1.0145738213531818e-05,9.264874887947802e-07,0.0,0.9999889277745727
2025-04-28,3.0,SUPPLY_SHOCK_3,0.00014681225400655054,1.5155414491697008e-07,0.0,0.9998530361926785
2025-05-05,3.0,SUPPLY_SHOCK_3,0.0004510716817273534,5.0147392165843524e-08,0.0,0.9995488781705377
2025-05-12,3.0,SUPPLY_SHOCK_3,0.0006723591508831058,3.4063820078042574e-08,0.0,0.9993276067844116
2025-05-19,3.0,SUPPLY_SHOCK_3,0.048760796871011286,1.354100980645583e-07,0.0,0.9512390677189247
2025-05-26,3.0,SUPPLY_SHOCK_3,0.3185386696589472,9.513979069304414e-09,0.0,0.6814613208273852
2025-06-02,0.0,NORMAL,0.7121397361694443,3.440164236587927e-09,0.0,0.2878602603901404
2025-06-09,0.0,NORMAL,0.8155897234204716,1.2338479203805406e-09,0.0,0.18441027534569823
2025-06-16,0.0,NORMAL,0.9732378869342899,1.2213012312531153e-10,0.0,0.02676211294321682
2025-06-23,0.0,NORMAL,0.9917462079775509,1.316876908986514e-10,0.0,0.008253791890092977
2025-06-30,0.0,NORMAL,0.9956781325324952,7.391751875259412e-11,0.0,0.004321867393131276
2025-07-07,0.0,NORMAL,0.9994144365395213,9.022061812319828e-13,0.0,0.0005855634593867957
2025-07-14,0.0,NORMAL,0.9999323105430624,1.2305806197765607e-13,0.0,6.768945710889282e-05
2025-07-21,0.0,NORMAL,0.9999771198761679,2.6977144549527233e-14,0.0,2.288012414849239e-05
2025-07-28,0.0,NORMAL,0.9999377526603389,8.497997338533737e-15,0.0,6.224733876035582e-05
2025-08-04,0.0,NORMAL,0.999970476435191,5.903879450580972e-15,0.0,2.9523564448699025e-05
2025-08-11,0.0,NORMAL,0.9999656416794082,4.509655838110941e-15,0.0,3.435832019152319e-05
2025-08-18,0.0,NORMAL,0.9999769999056549,4.3385310724136546e-15,0.0,2.300009470738475e-05
2025-08-25,0.0,NORMAL,0.9999741225639316,2.6823431030478347e-15,0.0,2.587743579039797e-05
2025-09-01,0.0,NORMAL,0.9999451691008848,2.818236878054884e-14,0.0,5.483089854005086e-05
2025-09-08,0.0,NORMAL,0.9994201146984922,5.213133012809746e-13,0.0,0.0005798853017000761
2025-09-15,0.0,NORMAL,0.9887816936455059,3.4139344088593574e-13,0.0,0.011218306354595345
2025-09-22,0.0,NORMAL,0.9991145998669703,5.766964126616825e-14,0.0,0.0008854001331658606
2025-09-29,0.0,NORMAL,0.9998521595490153,1.8752604693181815e-14,0.0,0.00014784045078132123
2025-10-06,0.0,NORMAL,0.9999141224003874,3.43346313068535e-14,0.0,8.587759951010689e-05
2025-10-13,0.0,NORMAL,0.9999350202646118,1.2367730053601152e-14,0.0,6.4979735694603e-05
2025-10-20,0.0,NORMAL,0.9999514340858899,7.304697199239325e-14,0.0,4.856591395141948e-05
2025-10-27,0.0,NORMAL,0.9999120832085381,5.074078886133696e-13,0.0,8.791679081675264e-05
2025-11-03,0.0,NORMAL,0.9995436812102989,9.224719636734734e-13,0.0,0.00045631878882381285
2025-11-10,0.0,NORMAL,0.9999698114488904,4.988075073466774e-14,0.0,3.0188550693961853e-05
2025-11-17,0.0,NORMAL,0.9998002108048456,5.893580283772328e-13,0.0,0.000199789194017911
2025-11-24,0.0,NORMAL,0.9998489422303818,9.147356970075063e-13,0.0,0.0001510577683736142
2025-12-01,0.0,NORMAL,0.9996339104210435,2.1938432820547837e-12,0.0,0.0003660895760741824
2025-12-08,0.0,NORMAL,0.9995007080248106,6.8780515404933096e-12,0.0,0.000499291968152597
2025-12-15,0.0,NORMAL,0.9998688090951913,1.77438921226305e-13,0.0,0.00013119090513841251
2025-12-22,0.0,NORMAL,0.9999233537217052,3.774912667286745e-14,0.0,7.664627916015136e-05
2025-12-29,0.0,NORMAL,0.9999375342151529,1.7742724378789557e-14,0.0,6.246578406267865e-05
2026-01-05,0.0,NORMAL,0.9999655192983755,3.641830513039308e-15,0.0,3.4480700918136766e-05
2026-01-12,0.0,NORMAL,0.9999715330100242,5.310542956963993e-15,0.0,2.84669894061991e-05
2026-01-19,0.0,NORMAL,0.9999722926841539,2.3701623218538945e-14,0.0,2.770731623957646e-05
2026-01-26,0.0,NORMAL,0.9999895843244679,3.3848540855264775e-13,0.0,1.0415675250531408e-05
2026-02-02,0.0,NORMAL,0.9999676883671603,2.8509474674368534e-13,0.0,3.231163338031822e-05
2026-02-09,0.0,NORMAL,0.9999931619801882,4.562453150851131e-13,0.0,6.838019871973339e-06
2026-02-16,0.0,NORMAL,0.9999777616266176,5.240461446325459e-12,0.0,2.2238368509537954e-05
2026-02-23,0.0,NORMAL,0.9999735206324403,3.928651296882957e-12,0.0,2.6479363615943987e-05
2026-03-02,0.0,NORMAL,0.998754129180407,3.695679786546352e-09,0.0,0.0012458671235481026
2026-03-09,3.0,SUPPLY_SHOCK_3,0.07861519554900674,0.0030978004554799506,0.0,0.9182870039946244
2026-03-16,1.0,SUPPLY_SHOCK,1.2006762195430743e-57,1.0,0.0,5.692243394676862e-17
2026-03-23,1.0,SUPPLY_SHOCK,1.922904662025968e-47,0.9999999994288373,0.0,5.716656083379897e-10
2026-03-30,1.0,SUPPLY_SHOCK,8.435260583382906e-42,0.9999999048668587,0.0,9.513339520502647e-08
2026-04-06,1.0,SUPPLY_SHOCK,1.3813364775567575e-49,0.9999999939627742,0.0,6.037900897782014e-09
2026-04-13,1.0,SUPPLY_SHOCK,4.809939969604161e-31,0.9999991225089828,0.0,8.774906593733642e-07
2026-04-20,1.0,SUPPLY_SHOCK,3.1609402227384106e-26,0.9999955147914621,0.0,4.485208049528283e-06
2026-04-27,1.0,SUPPLY_SHOCK,3.5565865256031647e-31,0.9999870761601634,0.0,1.292383966964998e-05
2026-05-04,1.0,SUPPLY_SHOCK,5.720973540968584e-31,0.9999993941621158,0.0,6.058382107030763e-07
2026-05-11,1.0,SUPPLY_SHOCK,1.8584093484422493e-25,0.9998883468597334,0.0,0.00011165313978603279
2026-05-18,3.0,SUPPLY_SHOCK_3,5.6773718573367404e-11,0.011388719406296627,0.0,0.9886112805365684
2026-05-25,3.0,SUPPLY_SHOCK_3,1.0255320623406223e-09,0.000353203390456536,0.0,0.9996467955843747
2026-06-01,3.0,SUPPLY_SHOCK_3,4.812401159434309e-07,5.069949144119422e-05,0.0,0.9999488192680624
2026-06-08,3.0,SUPPLY_SHOCK_3,1.5970348544867335e-11,1.2629236677019683e-05,0.0,0.9999873707471904
2026-06-15,3.0,SUPPLY_SHOCK_3,5.529615970265942e-13,1.1120636568599685e-05,0.0,0.999988879362707
2026-06-22,3.0,SUPPLY_SHOCK_3,2.3788448172822505e-14,0.00024400703156795268,0.0,0.9997559929683795
2026-06-29,3.0,SUPPLY_SHOCK_3,6.401166355197371e-17,9.407297748511542e-05,0.0,0.9999059270226034
2026-07-06,3.0,SUPPLY_SHOCK_3,3.0363415473021703e-05,2.597870025667018e-08,0.0,0.9999696106058019
2026-07-13,3.0,SUPPLY_SHOCK_3,0.0011928347781401322,3.877367823662267e-09,0.0,0.9988071613446599
2026-07-20,3.0,SUPPLY_SHOCK_3,3.4004415927010646e-08,4.159867755108571e-06,0.0,0.9999958061286356
2026-07-27,3.0,SUPPLY_SHOCK_3,3.5223302105160292e-06,2.4055260030709416e-06,0.0,0.9999940721439254
2026-08-03,3.0,SUPPLY_SHOCK_3,0.00019333397567005377,8.232249214280123e-06,0.0,0.9997984337742307
