week_date,actual,in_sample,oos_val,is_live,pred_persistence,pred_hgb,pred_rf,pred_gbm,pred_elasticnet,pred_ridge,pred_ensemble
2000-01-03,1.252,1,0,0,1.26,1.2987873771786762,1.5466913980358121,1.2730259635249768,2.102271597680319,1.1605042953075895,1.4226067048879671
2000-01-10,1.268,1,0,0,1.252,1.2676948758331261,1.3762737566555883,1.273371850597127,1.7712326021096256,1.2490343463867648,1.3612620534685675
2000-01-17,1.307,1,0,0,1.268,1.2995117057803673,1.3466491669304526,1.3178772872584297,1.5973661298705235,1.2921278420524265,1.356655421674105
2000-01-24,1.307,1,0,0,1.307,1.3057241322437936,1.3370048518918713,1.3191666409365854,1.5441631979723835,1.3258529349600903,1.35711918482468
2000-01-31,1.319,1,0,0,1.307,1.3110003788675126,1.3415816072327051,1.3242076694844918,1.5549901073795618,1.319610518073038,1.36012966193847
2000-02-07,1.35,1,0,0,1.319,1.3542882861059529,1.3690758734768478,1.3468427696090606,1.5655321057748057,1.3718118166824917,1.3937486609762983
2000-02-14,1.4,1,0,0,1.35,1.3816964468766195,1.3995456356579548,1.3810595582656173,1.5825598183450014,1.3720611584230347,1.4142439386786179
2000-02-21,1.413,1,0,0,1.4,1.420173332595822,1.4266487866300597,1.4286493071081243,1.611078498771919,1.427314559759318,1.455867768615647
2000-02-28,1.49,1,0,0,1.413,1.464691061647693,1.472655272974754,1.4590637642454254,1.6325612442150268,1.473923297768224,1.4943491122659116
2000-03-06,1.511,1,0,0,1.49,1.5099833598675574,1.4972235809268957,1.5036565469705971,1.673926731101288,1.5353807231072105,1.5401795948650694
2000-03-13,1.508,1,0,0,1.511,1.5077180584085705,1.5075862773835766,1.50707867499702,1.7045600847077644,1.555898778059678,1.5522461022823866
2000-03-20,1.484,1,0,0,1.508,1.5118372749770264,1.492761414298718,1.506628732780103,1.7188615871023307,1.5556602165141327,1.5532340153211026
2000-03-27,1.478,1,0,0,1.484,1.47875737697479,1.4892523144856835,1.4814351347273187,1.7153501976263281,1.4659731103204923,1.5159790247962164
2000-04-03,1.447,1,0,0,1.478,1.444618876944659,1.4649519535174895,1.4606839734739316,1.7080281217660291,1.454706013064641,1.4964747842206303
2000-04-10,1.415,1,0,0,1.447,1.433437137050528,1.4395640913389633,1.4390935750336729,1.6911842490027496,1.4301044363019346,1.476610938761335
2000-04-17,1.406,1,0,0,1.415,1.4213475952731007,1.4288361772091813,1.4243922864725764,1.6692878309341823,1.4154037942797626,1.4618675836288135
2000-04-24,1.386,1,0,0,1.406,1.3992870982730012,1.414548873273664,1.4035769685333224,1.6539270815102785,1.4133418077803535,1.4475025223241613
2000-05-01,1.427,1,0,0,1.386,1.4206584524168624,1.4356909725729883,1.4172029031619273,1.638244322494759,1.399216942119373,1.4518289869291467
2000-05-08,1.466,1,0,0,1.427,1.4615063143115916,1.4532461248684772,1.4462498539570452,1.6468748106583462,1.4546574288820793,1.4854401546736322
2000-05-15,1.494,1,0,0,1.466,1.495503914104279,1.488385544280027,1.4964350024426376,1.6688568044574283,1.5191280675618903,1.5291256252460455
2000-05-22,1.509,1,0,0,1.494,1.51857651663414,1.503490762189891,1.5060259955668882,1.69329234211809,1.5198384908839846,1.542528089978588
2000-05-29,1.535,1,0,0,1.509,1.5247864523945267,1.5173746676809314,1.515677112761094,1.7128928463456163,1.5265688041195262,1.5528750310306931
2000-06-05,1.607,1,0,0,1.535,1.5806008770642523,1.5739741783207997,1.5614951519903875,1.7322480198610584,1.5386119491452264,1.5892281912999897
2000-06-12,1.664,1,0,0,1.607,1.633339252824572,1.6198101572325538,1.620246525454428,1.7700681566445389,1.583495758559095,1.6378059633475262
2000-06-19,1.641,1,0,0,1.664,1.652259966766597,1.624044634951426,1.6550472369355305,1.8135632282187515,1.6300509126178275,1.6693385389657909
2000-06-26,1.606,1,0,0,1.641,1.6262534572972311,1.603348217345879,1.6276393466199133,1.8284992075900997,1.6100046477323948,1.652004657811272
2000-07-03,1.571,1,0,0,1.606,1.5840663950035605,1.5796541430812603,1.5945649580426673,1.8203049959630022,1.5575335006403386,1.6172190600123106
2000-07-10,1.521,1,0,0,1.571,1.5250764984927065,1.5216153241194212,1.5266780036092853,1.7982614691316636,1.5134277685207604,1.5663616586411568
2000-07-17,1.499,1,0,0,1.521,1.4807840270863064,1.4949065537999675,1.488017108634585,1.7646730392083327,1.4647916025641008,1.5263576354404709
2000-07-24,1.447,1,0,0,1.499,1.4613204299224314,1.4607279623989382,1.4795462769328722,1.7379557806706605,1.4701551122162844,1.5125288460108806
2000-07-31,1.437,1,0,0,1.447,1.4330783602250088,1.4451234201623069,1.436090183905377,1.7041044093038828,1.420337270269016,1.4762075778536006
2000-08-07,1.42,1,0,0,1.437,1.433789415689647,1.4358553113683363,1.4370548035306643,1.6825356730065906,1.4546331749338033,1.4807512085363006
2000-08-14,1.444,1,0,0,1.42,1.4443703971048703,1.4472630538749183,1.4467360944275496,1.6656963752849396,1.4336707567894837,1.4785179239975292
2000-08-21,1.456,1,0,0,1.444,1.4560197658372085,1.4561966903202102,1.452393280165663,1.6671888204111585,1.4565364133642533,1.4897803860279035
2000-08-28,1.502,1,0,0,1.456,1.491577436321277,1.4853161194316946,1.4758482910519028,1.6748732065033523,1.4750111858517836,1.5128043318440265
2000-09-04,1.535,1,0,0,1.502,1.5231550667597458,1.5113087352263255,1.5139563122593502,1.695079377785721,1.5106091528871983,1.5442094669871729
2000-09-11,1.539,1,0,0,1.535,1.5419651562859142,1.5292588016238593,1.548838154112685,1.7217191891865413,1.5610815481216664,1.5759444040386863
2000-09-18,1.525,1,0,0,1.539,1.540574101215483,1.5289258417287965,1.548166437959889,1.7377381579662106,1.5748457421349746,1.5816660563126415
2000-09-25,1.498,1,0,0,1.525,1.4947733747649725,1.5150802310303153,1.5017276057606168,1.7399251606386867,1.544959019655916,1.5522019972396488
2000-10-02,1.473,1,0,0,1.498,1.4760247224069074,1.5020549763137472,1.4819637075359546,1.7277115013146433,1.4714732826039585,1.5207483845740344
2000-10-09,1.516,1,0,0,1.473,1.497400679085854,1.501770547426122,1.489195882621543,1.7099771804953852,1.4669283809167393,1.5228651706970047
2000-10-16,1.532,1,0,0,1.516,1.5201138669003846,1.5055724253511666,1.5138353039268155,1.7168081451439967,1.5227276101019358,1.5494282835197448
2000-10-23,1.523,1,0,0,1.532,1.5235444998003917,1.5201934015389347,1.520167052773477,1.72875872124138,1.5315720089200855,1.5578633817597436
2000-10-30,1.502,1,0,0,1.523,1.5056289366642064,1.5099665873045798,1.5027342187806316,1.733272996376274,1.5230467008360629,1.5472462603605346
2000-11-06,1.501,1,0,0,1.502,1.4990883145973064,1.5010398758842554,1.502711574641874,1.7270585147562372,1.4738564266559375,1.5306460550929464
2000-11-13,1.487,1,0,0,1.501,1.486522484356252,1.4931884626324152,1.4822424660746247,1.5903447259842793,1.4331790608172155,1.4894513220474157
2000-11-20,1.489,1,0,0,1.487,1.4760203876251412,1.4835551187637734,1.4884453096542238,1.5818958229201188,1.4108999471102917,1.4799218427805902
2000-11-27,1.464,1,0,0,1.489,1.4709787978681883,1.47799217707642,1.4716327980918784,1.5824655398581615,1.428841682963003,1.4792076666057379
2000-12-04,1.425,1,0,0,1.464,1.4309526156222454,1.4513438081587757,1.4486440117046087,1.5696037208326623,1.4526634799322833,1.4659024220636194
2000-12-11,1.396,1,0,0,1.425,1.400066336631092,1.4214198764390233,1.4130042170502304,1.534960517039178,1.4205714084895096,1.4331976781980647
2000-12-18,1.388,1,0,0,1.396,1.3948573546048095,1.404985177252055,1.3910584509975934,1.5064738612297275,1.3993596401560346,1.414814163507988
2000-12-25,1.377,1,0,0,1.388,1.3895458243616237,1.3953245700601948,1.396176270908849,1.4916280122831687,1.3871325190403767,1.4077764260958028
2001-01-01,1.4,1,0,0,1.377,1.3985743974770817,1.4030870402821185,1.3941055337828114,1.4751132008750423,1.391100766916289,1.408746197078643
2001-01-08,1.458,1,0,0,1.4,1.4484166378104626,1.4339564324131548,1.439743674636253,1.4845693259620474,1.4355249899872307,1.4470202274310642
2001-01-15,1.456,1,0,0,1.458,1.4514234183924384,1.4474772868173518,1.4551521893180326,1.517017295305707,1.4933307729952314,1.4733432750439295
2001-01-22,1.446,1,0,0,1.456,1.4496017416794111,1.4587169717921193,1.451181096441647,1.5405144846508463,1.5077623004127805,1.481276677350199
2001-01-29,1.426,1,0,0,1.446,1.4323886833169934,1.4467255826095833,1.4481268737870636,1.5418924248827057,1.4609824223166656,1.4631258445955833
2001-02-05,1.46,1,0,0,1.426,1.4519252288502313,1.4486864072965024,1.4501973201731566,1.5342314988570553,1.4296317850567248,1.4586527128318945
2001-02-12,1.429,1,0,0,1.46,1.4339811199449213,1.4365723011425833,1.4414454933716385,1.5427199435571284,1.5067429189763957,1.4727410379346955
2001-02-19,1.41,1,0,0,1.429,1.4220352538304204,1.437254221858657,1.4335484697943564,1.5362090687469132,1.4429613370300214,1.4507343226373726
2001-02-26,1.393,1,0,0,1.41,1.401996201750507,1.4173264121123001,1.4066829507214043,1.5212933137860907,1.4293990075168086,1.431770451511359
2001-03-05,1.387,1,0,0,1.393,1.3840916429681112,1.3983503590216066,1.3867438384595494,1.5046141221377327,1.401565680127433,1.4108722862411327
2001-03-12,1.377,1,0,0,1.387,1.3931752315591677,1.3930979124334917,1.390017105404806,1.499542441427884,1.398595399198213,1.4112230893552988
2001-03-19,1.379,1,0,0,1.377,1.3897714452731214,1.3964838452572852,1.3913371629922977,1.4924771505955503,1.3935925600902281,1.4087766775008892
2001-03-26,1.411,1,0,0,1.379,1.4079834223187733,1.4087124831673838,1.39689534100213,1.4847284039756976,1.396591657995294,1.4152016729281662
2001-04-02,1.469,1,0,0,1.411,1.4589123072428447,1.45910651739749,1.4597427888038568,1.5054273843987194,1.4514171139901346,1.4647269612305542
2001-04-09,1.535,1,0,0,1.469,1.52522436849303,1.5111663486659839,1.5179438837290693,1.5311129308496658,1.4862513690667694,1.5124179452562636
2001-04-16,1.586,1,0,0,1.535,1.5856188661369393,1.562779052565169,1.5736799569493516,1.5864063094722791,1.5617129845263367,1.5736944099446724
2001-04-23,1.585,1,0,0,1.586,1.5859812618899338,1.5917393767017272,1.6199366973942606,1.6375591032805805,1.6098354728141007,1.6087701172845892
2001-04-30,1.659,1,0,0,1.585,1.6317644423691358,1.6394421182955463,1.6290054714071567,1.663682950900819,1.601169392051977,1.6294214312690383
2001-05-07,1.663,1,0,0,1.659,1.6710695983494928,1.6481099644015502,1.668725595818404,1.7099041035688367,1.6590066433302277,1.6704991522277388
2001-05-14,1.637,1,0,0,1.663,1.6397890713568073,1.637444211571047,1.647402086052291,1.7230665654509945,1.646727510931786,1.6564813137331265
2001-05-21,1.656,1,0,0,1.637,1.6331081064206656,1.6355572392470747,1.6329250574044363,1.7170088856615906,1.6025017883135018,1.6390474932916932
2001-05-28,1.63,1,0,0,1.656,1.6297298695838576,1.6277838342580415,1.6315205207020689,1.7343446413630579,1.6499252773310848,1.6521723140938698
2001-06-04,1.58,1,0,0,1.63,1.5833202491650722,1.5965227755865068,1.5971479011423422,1.7254810119749744,1.581490990319332,1.610825266748673
2001-06-11,1.526,1,0,0,1.58,1.5349384285942642,1.5280232449193216,1.5232581072701614,1.6766375007523013,1.5546415932889928,1.559685264335674
2001-06-18,1.454,1,0,0,1.526,1.4542045118540143,1.4755019445875233,1.4617720488332773,1.6383844258429128,1.4684602603747832,1.4925551636335421
2001-06-25,1.384,1,0,0,1.454,1.3985234483330462,1.4155460861490088,1.4032671489198079,1.5855745824906413,1.3985706232550243,1.4324059932444875
2001-07-02,1.35,1,0,0,1.384,1.3569917891263983,1.3637751852830886,1.3584568003220503,1.524110474948714,1.3704051119940157,1.3889884336847191
2001-07-09,1.33,1,0,0,1.35,1.338289168102186,1.3397218125735957,1.3411699487971422,1.4729691663282374,1.3349654840720668,1.360169184610871
2001-07-16,1.318,1,0,0,1.33,1.3255055378483083,1.3293785053234395,1.3327851369297468,1.448776973354973,1.3361210004439201,1.3504751637226544
2001-07-23,1.319,1,0,0,1.318,1.3223080184881217,1.3333436169226942,1.3304897911659999,1.4305605210625758,1.3341945353313314,1.3463661478189997
2001-07-30,1.319,1,0,0,1.319,1.3171300060163051,1.3341231363371138,1.3296208611531246,1.420123595770193,1.3460265123313144,1.3465589028950635
2001-08-06,1.347,1,0,0,1.319,1.3581606878892696,1.3585940625489934,1.3581496716667296,1.4224432718347337,1.3534991808674255,1.367463358427837
2001-08-13,1.399,1,0,0,1.347,1.3910667139660657,1.3846568786167543,1.3838451413933825,1.4360289566750628,1.3810820822303829,1.393310775684372
2001-08-20,1.48,1,0,0,1.399,1.449178994337844,1.4517122942012959,1.4439718717388534,1.4663291123996853,1.4309941940941142,1.4464349762921653
2001-08-27,1.538,1,0,0,1.48,1.5357856112388184,1.4897613391604916,1.509971712884869,1.5068852025819137,1.5120099061317152,1.5128114858250192
2001-09-03,1.511,1,0,0,1.538,1.517079463135596,1.4970133086494803,1.5216915523564647,1.56838896928785,1.5471704277615694,1.531501599160034
2001-09-10,1.516,1,0,0,1.511,1.505723773361137,1.5044419603539032,1.4905480255833468,1.5805777375776737,1.488504165892263,1.5099414423843658
2001-09-17,1.46,1,0,0,1.516,1.4625706728836767,1.4633363748088555,1.4676993544126022,1.589391980997008,1.487176682458573,1.4908865272299388
2001-09-24,1.381,1,0,0,1.46,1.3901611614772762,1.4128783209785938,1.4082756601612834,1.56973217858101,1.4098733811860473,1.4316674528817757
2001-10-01,1.31,1,0,0,1.381,1.308851579493275,1.328917319851704,1.3109234219820916,1.5003166945361655,1.2953771355810404,1.3397578769695153
2001-10-08,1.264,1,0,0,1.31,1.2574453185284742,1.2738159015684245,1.2666121717445205,1.448976919507386,1.271345276969863,1.2965528530018482
2001-10-15,1.221,1,0,0,1.264,1.2162152975491396,1.2396089696901167,1.2100373929165769,1.396473136549061,1.2027914898555236,1.243997334731668
2001-10-22,1.193,1,0,0,1.221,1.186816556234744,1.1999384655067151,1.1847578104125052,1.3534110287985008,1.2070530229604108,1.2206469111756333
2001-10-29,1.17,1,0,0,1.193,1.1591538680300888,1.1727905396825389,1.1630258823648147,1.322772599398017,1.1767540968011196,1.1931604420982813
2001-11-05,1.147,1,0,0,1.17,1.1506284431765246,1.1619811197478955,1.1549295789735412,1.29757924846158,1.1579229859492737,1.1789904906166362
2001-11-12,1.14,1,0,0,1.147,1.1304431712394947,1.147626240740735,1.1397790996587784,1.271545211852986,1.1296728787688148,1.1576433044283978
2001-11-19,1.097,1,0,0,1.14,1.0987997246053833,1.105912329283172,1.1087031001693117,1.2636895353444115,1.1421673792310467,1.1401554624015258
2001-11-26,1.084,1,0,0,1.097,1.0866054902311255,1.0985885979219439,1.0899995267459648,1.2324327315844574,1.0880434798993806,1.1131416357046544
2001-12-03,1.075,1,0,0,1.084,1.0799059281728445,1.0832864972725886,1.0853966352701407,1.2168761188057675,1.0925250926493444,1.107176273945023
2001-12-10,1.042,1,0,0,1.075,1.0598570257772642,1.0637080667126715,1.0706748447629142,1.2092053069882176,1.0803853224184166,1.092432361659122
2001-12-17,1.063,1,0,0,1.042,1.0722672611947976,1.074442633597879,1.0820841708094446,1.18408131901711,1.053172892814461,1.0878896531461197
2001-12-24,1.096,1,0,0,1.063,1.0963220513573828,1.0950581115512792,1.0966235897563115,1.1870318095142796,1.0935718906853447,1.1102579123335794
2001-12-31,1.109,1,0,0,1.096,1.107072341805095,1.1057457376142366,1.108154917408462,1.2019025481344554,1.1078862853418614,1.1227734474918636
2002-01-07,1.099,1,0,0,1.109,1.1037353572978403,1.1045851204340305,1.1068617666320761,1.2174988142158616,1.1253696366227723,1.1287255924943704
2002-01-14,1.087,1,0,0,1.099,1.0815183017673298,1.0961968433524367,1.0946956917592554,1.2282631460201143,1.105956235938018,1.116724739266065
2002-01-21,1.081,1,0,0,1.087,1.080696893461347,1.0946667799806262,1.0848806541874088,1.2154533696938241,1.0860450015344907,1.1069052660227015
2002-01-28,1.098,1,0,0,1.081,1.0955448328445296,1.0995595788021766,1.0881069999013493,1.2081958767428391,1.074220533884501,1.1072538382424808
2002-02-04,1.085,1,0,0,1.098,1.0859515394385606,1.0929249572293018,1.0952014615445644,1.2162016586124318,1.1160875975486848,1.1180369223014854
2002-02-11,1.089,1,0,0,1.085,1.091096071901754,1.1104396380840198,1.09925745062377,1.2156482120605572,1.1165331182186715,1.1225238655133092
2002-02-18,1.087,1,0,0,1.089,1.0889984773969135,1.1038954254832682,1.0918455869852817,1.2193047527872996,1.133422861901648,1.1245710220639544
2002-02-25,1.118,1,0,0,1.087,1.1222371465941225,1.1273425396825367,1.1222129372421823,1.2176991911108388,1.1409428141795732,1.143397373889438
2002-03-04,1.194,1,0,0,1.118,1.1824506297430306,1.1799685893205227,1.182567540632796,1.223116977808436,1.1467949541201012,1.1793986242213268
2002-03-11,1.262,1,0,0,1.194,1.2426380827220969,1.2461915126050414,1.253214134844169,1.2783165033564254,1.2368839606383744,1.2497195333124322
2002-03-18,1.308,1,0,0,1.262,1.3081423054505417,1.306013271941142,1.3135463014274245,1.337094478998673,1.2936691274678616,1.3099281018371143
2002-03-25,1.339,1,0,0,1.308,1.3478771212746932,1.3407371883607537,1.3402123633844842,1.387715025967177,1.3739693781237183,1.3585491203932767
2002-04-01,1.382,1,0,0,1.339,1.3899781257302182,1.3632482553924936,1.3713793189184158,1.4178996106246697,1.35805995354435,1.3783872062989548
2002-04-08,1.368,1,0,0,1.382,1.3749346242511506,1.3772057127766721,1.3708551705380194,1.4589632511429165,1.3895136692601162,1.3918780286167856
2002-04-15,1.367,1,0,0,1.368,1.357841925143678,1.375590172397071,1.3602117034299297,1.4689146853913124,1.3606043650679918,1.3796552581562596
2002-04-22,1.353,1,0,0,1.367,1.3575799454432687,1.3588652911831816,1.3487927137533404,1.4654621188103358,1.3569836774925217,1.3732735032558026
2002-04-29,1.356,1,0,0,1.353,1.3526842836775412,1.3571766128749398,1.3609532694304307,1.4610191694560482,1.3630145554330415,1.3754476094285335
2002-05-06,1.349,1,0,0,1.356,1.3544649256924288,1.3545506776764078,1.352003184323176,1.463267662130255,1.3616445006883102,1.3735438769679833
2002-05-13,1.36,1,0,0,1.349,1.3553536654988205,1.356938813972335,1.3563698179607173,1.4520172217946905,1.356594811474106,1.3718599008813905
2002-05-20,1.348,1,0,0,1.36,1.3507799076718376,1.355111207816782,1.358445424737555,1.4576801543613478,1.3858535996472239,1.379645287472534
2002-05-27,1.353,1,0,0,1.348,1.3616796340476418,1.3557173705984302,1.3636851780531933,1.4555101099510808,1.3733413025220536,1.3796106879634682
2002-06-03,1.332,1,0,0,1.353,1.332122690078647,1.3471203154288518,1.3519544652002242,1.4536773064861346,1.3514000686519592,1.36335506558296
2002-06-10,1.335,1,0,0,1.332,1.348678883822117,1.3464872103443963,1.3450534960576974,1.4402158356335635,1.342348699640907,1.3608329939200612
2002-06-17,1.342,1,0,0,1.335,1.3478325565343516,1.3453908391546587,1.338628488865741,1.435394155935371,1.3318591773580781,1.3555717708813249
2002-06-24,1.357,1,0,0,1.342,1.351606651161116,1.355458040548377,1.3610469881068006,1.443031166386643,1.3393163616451256,1.36584755165015
2002-07-01,1.345,1,0,0,1.357,1.3547612256045023,1.3559501802322393,1.3573228660526855,1.4483119796050217,1.3717130918489422,1.3751583021301752
2002-07-08,1.361,1,0,0,1.345,1.358839304589963,1.3677558236409724,1.3606026891663197,1.4499287957027123,1.373822698148963,1.3792324587781577
2002-07-15,1.381,1,0,0,1.361,1.3657188633595363,1.366693849351705,1.3583765964370969,1.4519096733898906,1.3718229711513537,1.379905855147411
2002-07-22,1.376,1,0,0,1.381,1.3745816114313416,1.368419115168178,1.3784699177948687,1.4685916621687323,1.3960710193178147,1.3954971775524392
2002-07-29,1.355,1,0,0,1.376,1.3584456816232142,1.3722096430557769,1.3728262177044497,1.473078251445821,1.3690758625260504,1.3849339164836612
2002-08-05,1.355,1,0,0,1.355,1.356267260896095,1.3638965762126842,1.3603621971180464,1.469466781372386,1.3669448237000266,1.3794536059902853
2002-08-12,1.357,1,0,0,1.355,1.3583705787069686,1.3596438744156132,1.3515390223387742,1.4572122549606559,1.340390205379434,1.368453815173874
2002-08-19,1.365,1,0,0,1.357,1.3614279900717967,1.3615978351664697,1.3607838206542746,1.4562995850474771,1.362138058388099,1.3769461603783664
2002-08-26,1.353,1,0,0,1.365,1.3510048468666984,1.3618064129523895,1.3606379276562595,1.460653168095241,1.3760946009961859,1.379032830587566
2002-09-02,1.355,1,0,0,1.353,1.3597201816037918,1.3622748911621814,1.3563280345504822,1.461684675542079,1.3597259863787152,1.3759505202617381
2002-09-09,1.367,1,0,0,1.355,1.367651793885591,1.3632151778269594,1.368493818328764,1.4599075869393006,1.3705690058015774,1.3829965925539214
2002-09-16,1.357,1,0,0,1.367,1.361187320265478,1.364187412673111,1.3628741717291113,1.4611062970930477,1.3772935528911943,1.3824651235023122
2002-09-23,1.385,1,0,0,1.357,1.3771307262295767,1.3799411865494222,1.3666460176734707,1.460069452039538,1.3579051799114181,1.3837257040879511
2002-09-30,1.416,1,0,0,1.385,1.4068282945921624,1.4011267955491165,1.4011628507350193,1.476431300083776,1.3902808006785368,1.4117986764782886
2002-10-07,1.422,1,0,0,1.416,1.431103878976607,1.4185087283570097,1.4297835335660882,1.490084192826129,1.4137518406428147,1.4341031217452893
2002-10-14,1.443,1,0,0,1.422,1.4265126253635527,1.439216576103365,1.4320471074723458,1.502588370978844,1.4275681638158735,1.4421545542283223
2002-10-21,1.427,1,0,0,1.443,1.4310083660140305,1.4329445607255578,1.4358823946784574,1.5231624505828565,1.4507981453951666,1.4525261326822871
2002-10-28,1.427,1,0,0,1.427,1.4295307097586034,1.4345065051381305,1.4305638295194272,1.5192468703817457,1.4362150066946457,1.4468129667306235
2002-11-04,1.406,1,0,0,1.427,1.4106031311580107,1.4171423341692693,1.4114261193071977,1.5235587533689143,1.4192364223053249,1.4323545763283225
2002-11-11,1.37,1,0,0,1.406,1.3797247060985218,1.3889538462422142,1.3933712190230712,1.5047356920597956,1.3849086142877691,1.405679328703481
2002-11-18,1.336,1,0,0,1.37,1.3321703562909397,1.3569827838918629,1.3335186476423473,1.4769493507630909,1.3342719647037644,1.3600701734056668
2002-11-25,1.316,1,0,0,1.336,1.3297851084684753,1.3338657554152327,1.3239214445379628,1.4535607374060548,1.311465245342414,1.3444422171137467
2002-12-02,1.316,1,0,0,1.316,1.323356485844693,1.3328792229420001,1.314098151338191,1.431460092064856,1.2959494120967068,1.3331107014569785
2002-12-09,1.322,1,0,0,1.316,1.3283850287589711,1.342750051702815,1.3304808957989445,1.4240974478217863,1.3174678122402737,1.3435759032250514
2002-12-16,1.371,1,0,0,1.322,1.3623838373352883,1.3694096906745061,1.362387480456154,1.424362661149936,1.3216073856046662,1.362769988160459
2002-12-23,1.417,1,0,0,1.371,1.4067041444000945,1.4097611128620886,1.4007771655957026,1.458428760231663,1.4117044750282934,1.415587648798553
2002-12-30,1.412,1,0,0,1.417,1.4243308758375215,1.4280694331275923,1.4308319560096296,1.4938653511266162,1.4409655203117893,1.441942527365959
2003-01-06,1.423,1,0,0,1.412,1.4259874479228547,1.4427767864089953,1.417770158785085,1.5045029356283468,1.4286894043658598,1.4400647532348565
2003-01-13,1.422,1,0,0,1.423,1.4304290647152054,1.4427368583370892,1.4319908285109761,1.5164712938412401,1.4378187098132602,1.4484418732754953
2003-01-20,1.437,1,0,0,1.422,1.4366934399158182,1.4556814287436286,1.4393436884341522,1.5224658275885836,1.448646767904558,1.457032093686903
2003-01-27,1.499,1,0,0,1.437,1.4794846213676744,1.4781208485786608,1.4700792280173933,1.530909689375629,1.4780706130179706,1.4852658933178675
2003-02-03,1.582,1,0,0,1.499,1.5649441325117974,1.5440555478526086,1.537938615479806,1.557964177030166,1.563283016221901,1.5546111859944665
2003-02-10,1.63,1,0,0,1.582,1.6257750031247507,1.604811597328355,1.6312124832652561,1.6138623432257468,1.6307480092026996,1.6233686266455791
2003-02-17,1.617,1,0,0,1.63,1.6136429629376883,1.6193673827177422,1.6156997123630956,1.6697624319074902,1.6707562238801519,1.639004984346768
2003-02-24,1.641,1,0,0,1.617,1.6524408509132382,1.6320822151892644,1.6338490420855354,1.6893554594144056,1.677200637777558,1.6580731747532034
2003-03-03,1.663,1,0,0,1.641,1.6611512615268251,1.6516211831107173,1.6516317329464114,1.7091772031529295,1.682349811467945,1.6711372721711066
2003-03-10,1.673,1,0,0,1.663,1.665565599725834,1.6564418145236492,1.6594888703667714,1.7299704073478008,1.6772708368318587,1.6765289519771849
2003-03-17,1.626,1,0,0,1.673,1.6366506604624358,1.6546322552765524,1.6622710649254624,1.745681217752649,1.7079062100145403,1.6811422489868013
2003-03-24,1.577,1,0,0,1.626,1.59129790522732,1.6092976510826895,1.6048050253398143,1.7210996851238844,1.6563039457588,1.6349214212095942
2003-03-31,1.557,1,0,0,1.577,1.5353755231484505,1.5583426472455613,1.5398866743172877,1.6768868178134961,1.6005777846640452,1.579713521944727
2003-04-07,1.521,1,0,0,1.557,1.536739247126585,1.5254944226399072,1.5320023898451574,1.6578284971499349,1.5702609438367456,1.5626442082700736
2003-04-14,1.504,1,0,0,1.521,1.4971581946660057,1.5142893080906341,1.4957955730268766,1.6176020570341951,1.526747888233566,1.5266402133643646
2003-04-21,1.486,1,0,0,1.504,1.4899481447694773,1.4807198995372182,1.4938650205784594,1.598218371749515,1.496817336078482,1.5089273154043394
2003-04-28,1.441,1,0,0,1.486,1.4598111962550937,1.4638958782791238,1.472288366801585,1.589066569157692,1.4942213992575588,1.4931461041448393
2003-05-05,1.427,1,0,0,1.441,1.432090703455365,1.452666705555962,1.439352837047306,1.554408040608682,1.4447651463525415,1.4597869265686099
2003-05-12,1.444,1,0,0,1.427,1.4449407402157535,1.450191713061839,1.4438856837604106,1.5290946548729478,1.449955724823256,1.4604676596996207
2003-05-19,1.439,1,0,0,1.444,1.4447991970409233,1.4438193027044541,1.446778883159846,1.5285474456712462,1.469097885502838,1.4650966077654923
2003-05-26,1.428,1,0,0,1.439,1.4377144851338435,1.4404055848006925,1.45102875187508,1.5314626462432703,1.4592381979817204,1.4618737477024717
2003-06-02,1.456,1,0,0,1.428,1.4466247330328756,1.4570424447872943,1.4558373780243186,1.5338318501725021,1.452005163846873,1.4656857980308575
2003-06-09,1.48,1,0,0,1.456,1.4624649702356762,1.4707158644177052,1.4635395437574983,1.540232912092763,1.4735013374237276,1.479411949939116
2003-06-16,1.451,1,0,0,1.48,1.4752990185272163,1.4578355236462723,1.4836061288851905,1.5560484058185657,1.5141870389376715,1.4979842807932657
2003-06-23,1.443,1,0,0,1.451,1.441568882911458,1.455873707536209,1.4489449802482277,1.5473639211931303,1.4717315898271304,1.470304739956164
2003-06-30,1.448,1,0,0,1.443,1.4442359295593785,1.4539292140474878,1.4385746623518394,1.5407016869770382,1.441721748500824,1.4594230554248826
2003-07-07,1.489,1,0,0,1.448,1.470057551369463,1.4678840313806008,1.4688904308722674,1.5419144584530886,1.4784874241608987,1.4834108612070414
2003-07-14,1.496,1,0,0,1.489,1.5036850969969704,1.4794852971184265,1.5096512865977716,1.558700925180935,1.506695148357976,1.5113209200125903
2003-07-21,1.488,1,0,0,1.496,1.4961096201140818,1.4933014002499936,1.5065102760568911,1.5781506927123852,1.5162587699570422,1.516601239193381
2003-07-28,1.516,1,0,0,1.488,1.5177088229353612,1.5084663505346287,1.5153439958527835,1.5810323809219406,1.5187092755090459,1.5264732922447344
2003-08-04,1.55,1,0,0,1.516,1.5364885884658785,1.518569883892094,1.5336047349603945,1.5883877390679317,1.5442474285395018,1.5438346833319887
2003-08-11,1.594,1,0,0,1.55,1.6015565945174883,1.5688047256966635,1.5900939270584555,1.6118652042564408,1.560376473918052,1.5853632645867353
2003-08-18,1.693,1,0,0,1.594,1.665913416608213,1.641656861407503,1.6520543613952559,1.6420603794203865,1.6148485544655,1.6422417591963183
2003-08-25,1.688,1,0,0,1.693,1.6938484785828476,1.6578706464538813,1.688229364896913,1.7028555190288066,1.7149827270506743,1.6945918107218196
2003-09-01,1.653,1,0,0,1.688,1.6630555242438259,1.64759952723904,1.6685004664942327,1.7472144687342819,1.6977435132398002,1.6848588943424265
2003-09-08,1.636,1,0,0,1.653,1.6339288846934485,1.6394218835790946,1.6439350855247976,1.7443797359417799,1.6328818718656413,1.6545686569857287
2003-09-15,1.58,1,0,0,1.636,1.578998605137523,1.595772607534942,1.5889743010227113,1.7057465214883603,1.5787631563876372,1.604082433181532
2003-09-22,1.524,1,0,0,1.58,1.5363981670606548,1.5368155184430292,1.5303592661106966,1.6744081901267687,1.5228759319768852,1.5540787330510801
2003-09-29,1.511,1,0,0,1.524,1.506084929597868,1.5074975940952502,1.496197197705472,1.6278952157132558,1.477689589054502,1.5165369348142543
2003-10-06,1.515,1,0,0,1.511,1.5043005807491197,1.5004462543225108,1.4947928743014707,1.6071228296236952,1.4673311239259272,1.5087548379172429
2003-10-13,1.527,1,0,0,1.515,1.5171159038958286,1.5053154764897558,1.5138994845815912,1.595511109530865,1.5032020635503742,1.523880380214503
2003-10-20,1.499,1,0,0,1.527,1.506561901721796,1.5032322955124047,1.5016970968759378,1.6009511599238377,1.5212313679178624,1.5242599196006497
2003-10-27,1.494,1,0,0,1.499,1.491626884114571,1.5033826795524308,1.5055266183583238,1.5902211484679036,1.489716396117986,1.5118294217877832
2003-11-03,1.464,1,0,0,1.494,1.488315245769283,1.468645691964623,1.4796682954540497,1.579682981815982,1.4898801767998153,1.4989739822534214
2003-11-10,1.459,1,0,0,1.464,1.456573601819675,1.4619469913498928,1.4529501701606289,1.5586289021975728,1.4487536698681636,1.4711125309057262
2003-11-17,1.478,1,0,0,1.459,1.457177488505254,1.4717138175588909,1.4451778488537301,1.5522174073792465,1.4538479567049527,1.471231112726997
2003-11-24,1.454,1,0,0,1.478,1.467424483799622,1.4674033384302474,1.475018492834386,1.5600303200243504,1.4916055104827863,1.4904793513887593
2003-12-01,1.441,1,0,0,1.454,1.4450232038615685,1.4570382904831696,1.4463968113266952,1.5484952557682194,1.4590010000530431,1.4675198632089708
2003-12-08,1.433,1,0,0,1.441,1.4371320784272208,1.4469088822857366,1.437507275614496,1.5382608694519624,1.4591720630478844,1.4608315721354717
2003-12-15,1.459,1,0,0,1.433,1.4540018634612777,1.457921123939131,1.4561723890862857,1.5364245269292554,1.4487690691309283,1.4670686102013704
2003-12-22,1.454,1,0,0,1.459,1.471605379558239,1.4586751745025337,1.4704613315275334,1.5455450818244423,1.4944846542476633,1.4875811862470947
2003-12-29,1.492,1,0,0,1.454,1.4823961385893214,1.475509680761274,1.476497697966325,1.5441124002867064,1.482803437172846,1.490311759162659
2004-01-05,1.544,1,0,0,1.492,1.5427438893298833,1.5058284161864617,1.5188128198535957,1.5656320548338722,1.5291796830184172,1.532565334477949
2004-01-12,1.579,1,0,0,1.544,1.575067441178295,1.5536854598221657,1.5695956585730035,1.6038692630230391,1.6003135797101073,1.5821936904016258
2004-01-19,1.604,1,0,0,1.579,1.5913380781278512,1.5939380579805813,1.578500055513839,1.6393648215962764,1.6158951715131307,1.6031924199686565
2004-01-26,1.591,1,0,0,1.604,1.60660952519691,1.6012951795241104,1.6111625350587506,1.6635457589255518,1.6334768274376568,1.6231614767583327
2004-02-02,1.609,1,0,0,1.591,1.6163235559732325,1.6156050475118202,1.6187032305576465,1.672301370724462,1.6213950684785776,1.6271804189968566
2004-02-09,1.617,1,0,0,1.609,1.6176704897044782,1.6202989988787355,1.6248012750219234,1.6831668068669874,1.6346295751602984,1.634689703404954
2004-02-16,1.641,1,0,0,1.617,1.6407944784208799,1.6337025221950456,1.637089095439879,1.68392623340175,1.6447699795358983,1.6470641949963718
2004-02-23,1.664,1,0,0,1.641,1.6549120190859337,1.6575361721329749,1.6619741377334663,1.7049355404496525,1.6813581725352669,1.67188430071311
2004-03-01,1.69,1,0,0,1.664,1.6856273315849815,1.675476576988337,1.6749255335464266,1.7209994520803609,1.6861549454147995,1.68779020558358
2004-03-08,1.675,1,0,0,1.69,1.6761341970233314,1.6782676086166546,1.687046508658108,1.7548027132417503,1.7165241634233102,1.7021888598973747
2004-03-15,1.698,1,0,0,1.675,1.7019948312952935,1.693952816391041,1.6932374364232199,1.751516064599032,1.6968963771404117,1.7057018730632882
2004-03-22,1.716,1,0,0,1.698,1.7189482182523952,1.6994648867989866,1.7160823396075466,1.767502932257351,1.7185180235771176,1.7233864955748137
2004-03-29,1.737,1,0,0,1.716,1.7201265981419334,1.7254615783297007,1.7266955906927515,1.7790454062765453,1.7227437408121027,1.7325728358110668
2004-04-05,1.74,1,0,0,1.737,1.7570259483320405,1.7364659347673428,1.7420225855836757,1.7922753112392265,1.7543287798434966,1.7559331222558172
2004-04-12,1.773,1,0,0,1.74,1.7724862226411127,1.7584367930674583,1.771207796095866,1.794518793194058,1.7605799902034645,1.770702447273203
2004-04-19,1.774,1,0,0,1.773,1.7853679478217703,1.796395158622696,1.7979060589104945,1.8269349204117304,1.8073780365900314,1.8021617953306828
2004-04-26,1.811,1,0,0,1.774,1.8178910044299652,1.8211489316244964,1.8093312166857443,1.8346670774704559,1.7873432959025175,1.811222482408573
2004-05-03,1.904,1,0,0,1.811,1.8834732597840276,1.8692984545027393,1.870442874891437,1.8558939620968369,1.8461299188237588,1.864387786053157
2004-05-10,1.979,1,0,0,1.904,1.961503946805504,1.94159810055864,1.9393170087429208,1.9128342380342191,1.9328556823782872,1.9384839429861782
2004-05-17,2.026,1,0,0,1.979,2.0182198558294284,1.98383026137473,2.005055969418969,1.9732824949026757,2.005155122061106,1.9998069206901168
2004-05-24,2.004,1,0,0,2.026,2.0069448780344117,1.9931878528466926,2.0121500416842846,2.0381591828909356,2.0445631977225447,2.021083020982846
2004-05-31,1.983,1,0,0,2.004,1.9759046784215695,1.9905541711271815,1.9849008222807445,2.059922529987806,2.011296007526056,2.0028638289098204
2004-06-07,1.926,1,0,0,1.983,1.9412566181027877,1.9478567481375308,1.969584624981384,2.0536134234551575,1.9653747491975482,1.9729147553159225
2004-06-14,1.873,1,0,0,1.926,1.8836234984188722,1.903932541567619,1.8889815645745092,1.9971491698771295,1.875614942785615,1.9040161893887988
2004-06-21,1.859,1,0,0,1.873,1.8609462186837877,1.874683761456554,1.8580247676503343,1.9530081196537625,1.8230646227945924,1.867301070653554
2004-06-28,1.835,1,0,0,1.859,1.8325319454266513,1.8556610914241025,1.8378644797668926,1.9277273657170177,1.8241543365074087,1.850233852466879
2004-07-05,1.869,1,0,0,1.835,1.856379338277656,1.8632790348006631,1.8523317280051057,1.9031108489492041,1.8365064194393157,1.8588725444188936
2004-07-12,1.888,1,0,0,1.869,1.8736911431457464,1.8721404579020524,1.875222244736631,1.9186162994077178,1.877215873522537,1.882042808104788
2004-07-19,1.861,1,0,0,1.888,1.875389415441797,1.8709848086418472,1.882678872327776,1.9371855006946794,1.8849817244638212,1.888920862607791
2004-07-26,1.846,1,0,0,1.861,1.855487388825866,1.8568085335409479,1.8504294809749715,1.9333289126227045,1.863443616729345,1.869342155637968
2004-08-02,1.839,1,0,0,1.846,1.8432772330084475,1.8501147458381895,1.8402533525994558,1.9197636113203949,1.8643558374837395,1.8615660643436331
2004-08-09,1.842,1,0,0,1.839,1.8472358810989302,1.8544211956486913,1.8475614579148198,1.9160057901023593,1.8521899822167793,1.8608115653534136
2004-08-16,1.854,1,0,0,1.842,1.8468367320955825,1.8542628020040532,1.848537973737844,1.906729527486733,1.8623711936919571,1.8620721780606362
2004-08-23,1.827,1,0,0,1.854,1.836608546506456,1.8401788024214425,1.84727295163149,1.9184223248186862,1.8912571783287053,1.8670626778020663
2004-08-30,1.815,1,0,0,1.827,1.834131061527946,1.8382629021245365,1.8302219144129328,1.9049430091315749,1.845099401653108,1.8482737470375932
2004-09-06,1.813,1,0,0,1.815,1.8183947076978912,1.832644161754763,1.8235377986024912,1.8809868024640712,1.815266751050722,1.8308767690068142
2004-09-13,1.839,1,0,0,1.813,1.8484527540411757,1.8465606510167751,1.851796141996666,1.882710815410358,1.8271328330895593,1.8488956742578042
2004-09-20,1.895,1,0,0,1.839,1.870320519683146,1.8725883353779882,1.8732346917798708,1.8889194297457799,1.8450435819376136,1.8676677526434897
2004-09-27,1.902,1,0,0,1.895,1.9095250677639508,1.895448341255109,1.9009238523851437,1.9253161475231857,1.9204794242605434,1.9111358378418017
2004-10-04,1.949,1,0,0,1.902,1.9307109448090085,1.9411711835340637,1.9191833561235865,1.953513766459594,1.9101027219463291,1.9280012453919921
2004-10-11,1.984,1,0,0,1.949,1.9817057441712518,1.9713999543856566,1.9701535210486902,1.9810555082664651,1.970532171848071,1.9747297276656064
2004-10-18,1.98,1,0,0,1.984,1.9784145128615835,1.980090431831007,1.9847735761947622,2.018284773178811,2.0056051345966983,1.9936439735197002
2004-10-25,1.986,1,0,0,1.98,1.980413517788175,1.9865782407306907,1.9848609379567352,2.0247129830131154,1.9869869140363599,1.9911756012133677
2004-11-01,1.951,1,0,0,1.986,1.9680293302617387,1.9641393171533044,1.9718001430866066,2.038826959219647,1.9897957409878217,1.9855318550563208
2004-11-08,1.918,1,0,0,1.951,1.923197956224462,1.9473517652914347,1.9407403256679587,2.014385316759891,1.947778750288499,1.9516685051537495
2004-11-15,1.901,1,0,0,1.918,1.8989348041448515,1.9077958990522403,1.897735009028075,1.9917386004463236,1.926761049189826,1.9223276894629668
2004-11-22,1.903,1,0,0,1.901,1.896664059637585,1.8972315234097805,1.8938585759625204,1.9683499675175167,1.8998159893074897,1.908636909634013
2004-11-29,1.868,1,0,0,1.903,1.8790996708306205,1.8730271868898596,1.893871301166798,1.965524169696244,1.9118757816063763,1.9041009117174044
2004-12-06,1.799,1,0,0,1.868,1.8249663561039715,1.8435517061793887,1.8404655829908623,1.9500918860428533,1.8892708240095197,1.8681566054879222
2004-12-13,1.777,1,0,0,1.799,1.7651900415656752,1.8041343427145629,1.7759056665212525,1.8924080177794533,1.793702001308795,1.8011621230950934
2004-12-20,1.754,1,0,0,1.777,1.762421202709039,1.768411928893154,1.7716438758300306,1.859482178290245,1.7663989050505076,1.7820992824003403
2004-12-27,1.745,1,0,0,1.754,1.7513219887939155,1.7633504017005008,1.7505410764890528,1.8412311822165006,1.7339379433179944,1.7629232683876315
2005-01-03,1.771,1,0,0,1.745,1.768136713731853,1.7773916069535411,1.7601073206049844,1.812036430114723,1.7378284625207474,1.766903958051793
2005-01-10,1.802,1,0,0,1.771,1.7960376193965866,1.802316154658427,1.7971593868215967,1.8271327757866147,1.7802797608601322,1.7980922013829401
2005-01-17,1.839,1,0,0,1.802,1.8324882467010506,1.8454443608679563,1.8129948404863132,1.8527338593149356,1.8223881768071317,1.8307493919767215
2005-01-24,1.896,1,0,0,1.839,1.8688090455160573,1.8825388655772648,1.878562395215342,1.8859706840309234,1.8609185938726602,1.8735670161662668
2005-01-31,1.89,1,0,0,1.896,1.9050167569237637,1.8974203722847696,1.898582553996811,1.9252461705656776,1.923220700665079,1.9106289464393766
2005-02-07,1.873,1,0,0,1.89,1.8760046022515116,1.9020046850287016,1.8918597219215703,1.9448565189687026,1.920008247598754,1.9058269432772308
2005-02-14,1.878,1,0,0,1.873,1.8893751049164174,1.8963038354403061,1.8980374849912418,1.9328777388298581,1.88820333529108,1.8989932327794707
2005-02-21,1.904,1,0,0,1.878,1.9042627150275728,1.9013965883903294,1.903854840274788,1.9411841140056427,1.8996562316904528,1.9085758126135852
2005-02-28,1.979,1,0,0,1.904,1.972685415717188,1.9511772339721536,1.9555840411245782,1.948420735167581,1.9401384215082755,1.9534890357996981
2005-03-07,2.039,1,0,0,1.979,2.0372832660529374,2.0052512924714936,2.0297082712259766,1.9819879899668726,2.019455702178511,2.0174719619200383
2005-03-14,2.095,1,0,0,2.039,2.0915242432040224,2.082459043197878,2.1024497880780033,2.058580180096213,2.0898771478664564,2.0868127240883054
2005-03-21,2.137,1,0,0,2.095,2.1333184399556204,2.1255772088582607,2.1243852478027767,2.105943822891192,2.1489147593698923,2.129936306997201
2005-03-28,2.196,1,0,0,2.137,2.1888210615361423,2.1873713392734193,2.1864267814208818,2.1581725126410363,2.184817121983863,2.1820606325865604
2005-04-04,2.251,1,0,0,2.196,2.2407280319080964,2.2258904651602376,2.238395213107629,2.198522085053294,2.221935189384941,2.22634077704452
2005-04-11,2.198,1,0,0,2.251,2.212906507937172,2.2413031935350354,2.230638317940445,2.2606712472896273,2.2944644561782,2.249884818752397
2005-04-18,2.197,1,0,0,2.198,2.199440270425248,2.2302825328483795,2.205100642631657,2.241322352968025,2.215593172934404,2.216048252456499
2005-04-25,2.191,1,0,0,2.197,2.1930834840135076,2.1955797440470093,2.188599055275659,2.2314839412538183,2.2020705921421317,2.2010755134057463
2005-05-02,2.137,1,0,0,2.191,2.1642842903659907,2.2026364345077796,2.173818656469088,2.244278783815996,2.200742924975909,2.1943131878068565
2005-05-09,2.116,1,0,0,2.137,2.1293471167332556,2.156941445921574,2.1281883146040332,2.2018934969729576,2.1325560081457393,2.1456260011286017
2005-05-16,2.077,1,0,0,2.116,2.0933045438664535,2.125661875555989,2.0883273085473792,2.176890147665719,2.122026345113568,2.11791608478105
2005-05-23,2.051,1,0,0,2.077,2.0568375857895993,2.1121326673516205,2.070374618933337,2.139081286984982,2.0605959154426188,2.0819008651236297
2005-05-30,2.078,1,0,0,2.051,2.07790294252133,2.1047174799744326,2.079119766278093,2.1134385930388064,2.0285745682457375,2.074781926086385
2005-06-06,2.099,1,0,0,2.078,2.0933659520878303,2.125727175679348,2.0843767888429183,2.121437896567093,2.0602523353595887,2.0918584167523964
2005-06-13,2.128,1,0,0,2.099,2.121659838714996,2.149318686065523,2.1045746197971984,2.137555103545661,2.0905774978301492,2.116294968621998
2005-06-20,2.186,1,0,0,2.128,2.179356659248547,2.192158798016505,2.176537402565095,2.1596675893168453,2.138594272078584,2.16665132667456
2005-06-27,2.189,1,0,0,2.186,2.196198567811256,2.2198404683171318,2.2141122536874907,2.204324015776991,2.2086103925667446,2.2079620266218143
2005-07-04,2.292,1,0,0,2.189,2.258165413929925,2.270798675122254,2.245855108869906,2.2276384704379337,2.2272587635071943,2.2442082197074575
2005-07-11,2.272,1,0,0,2.292,2.289548846891408,2.2779601870509465,2.2933394008632044,2.274420549348514,2.3309971081012173,2.2971450367003228
2005-07-18,2.235,1,0,0,2.272,2.2439858859834088,2.2927692710135483,2.2573102734910764,2.30433406414629,2.2846355487076675,2.2741977428677935
2005-07-25,2.239,1,0,0,2.235,2.255733361941104,2.263963726704734,2.2447410329812083,2.2879734788365096,2.237690800118674,2.2550353825739644
2005-08-01,2.323,1,0,0,2.239,2.3089342701164957,2.2944496286506664,2.2968802039099745,2.290882327452243,2.263009561521023,2.289316914292014
2005-08-08,2.519,1,0,0,2.323,2.46795920731544,2.4182454628792076,2.4301810680088836,2.324296258798874,2.344435834282147,2.3970426336301283
2005-08-15,2.583,1,0,0,2.519,2.5992290506006785,2.513638157262001,2.569603676618415,2.4333983169434474,2.566903606891527,2.5453385468149583
2005-08-22,2.581,1,0,0,2.583,2.595335126622456,2.624048547350748,2.5924867402092957,2.5287009481472182,2.600438479058342,2.5892418262066843
2005-08-29,3.037,1,0,0,2.581,2.9443379563807093,2.8681070540776417,2.9917982650064503,2.5601428890842106,2.594526936575485,2.7895868353782847
2005-09-05,2.912,1,0,0,3.037,2.942509406119441,2.8395491716227843,2.936014859233188,2.7817141563595538,3.0490146708529897,2.9283962236579404
2005-09-12,2.73,1,0,0,2.912,2.742378069012165,2.825353498318806,2.7344330975923827,2.8579333343029107,2.8051413119317727,2.78759011363739
2005-09-19,2.767,1,0,0,2.73,2.7636331574561748,2.7676175715074667,2.7510820851364786,2.7771765762710263,2.636666065112581,2.7303949905257063
2005-09-26,2.922,1,0,0,2.767,2.893666828952119,2.8359031706248734,2.8892972128708676,2.7771283843097474,2.7064884960245,2.8165528047400374
2005-10-03,2.828,1,0,0,2.922,2.8308156140160916,2.8380705102253785,2.846021127874617,2.827462920062278,2.856495508824321,2.8413037046181864
2005-10-10,2.693,1,0,0,2.828,2.6943965632748474,2.7659004145228776,2.703248464700534,2.814219816498752,2.7817509225807986,2.7487654211549333
2005-10-17,2.564,1,0,0,2.693,2.5720278328082817,2.635524062878135,2.595676446389782,2.728613463874943,2.627499119384478,2.626089921731145
2005-10-24,2.438,1,0,0,2.564,2.4453215137168907,2.4907174663066556,2.4528861784104095,2.643968636340224,2.526185760638115,2.506878298077583
2005-10-31,2.336,1,0,0,2.438,2.3314785725263323,2.366353026685694,2.328389600223252,2.513124730036076,2.334634079361093,2.3661131568845715
2005-11-07,2.258,1,0,0,2.336,2.254489006751369,2.266414610112502,2.256315417695979,2.4130540065067447,2.291784203318623,2.2921556393137625
2005-11-14,2.168,1,0,0,2.258,2.169957759423621,2.212016577228243,2.196824879699023,2.3391779286205594,2.220463266310007,2.2224586464212512
2005-11-21,2.124,1,0,0,2.168,2.123870623599336,2.160919952135226,2.1242398066721777,2.2583988060010562,2.1466229134196237,2.1570239125913875
2005-11-28,2.127,1,0,0,2.124,2.1260446639677926,2.14295827147298,2.11476741822331,2.1999444133626307,2.103716130372194,2.1321638490604387
2005-12-05,2.175,1,0,0,2.127,2.1588184465553546,2.1605357378373795,2.1493755860279666,2.17044728710404,2.1146134426200534,2.1473235705918685
2005-12-12,2.205,1,0,0,2.175,2.1954092025772827,2.197773097571279,2.198116951432997,2.2039156052583246,2.1869432847923886,2.1954904714131644
2005-12-19,2.188,1,0,0,2.205,2.2104920297306947,2.2219140876542074,2.2151174386489343,2.234001790345536,2.240350842795726,2.224751999991967
2005-12-26,2.236,1,0,0,2.188,2.234146899920695,2.2422426273809597,2.2168388416086295,2.2267672284904036,2.2245532476878447,2.227831817835907
2006-01-02,2.321,1,0,0,2.236,2.303896161411312,2.2803248952267134,2.274965313236628,2.251134704946442,2.2710274784256432,2.277133235119978
2006-01-09,2.297,1,0,0,2.321,2.3181605292375522,2.3018183832586776,2.3199282907783814,2.3124308836646565,2.350464202085919,2.323784969313852
2006-01-16,2.314,1,0,0,2.297,2.3120457535565615,2.3245557443409037,2.307486440969355,2.33549602152506,2.3102459836009475,2.3161651044389604
2006-01-23,2.332,1,0,0,2.314,2.3140813242219016,2.3178572183518753,2.3245825337957378,2.3467241953064732,2.3387998730480537,2.328674475102211
2006-01-30,2.31,1,0,0,2.332,2.3225552286950633,2.3150628841273444,2.3334700493322322,2.3642079992502527,2.334607567969157,2.3338006479722497
2006-02-06,2.246,1,0,0,2.31,2.2598157150349962,2.3043730697016915,2.2719047272227244,2.36014148326964,2.3184676978250303,2.300397452493864
2006-02-13,2.205,1,0,0,2.246,2.230543695896021,2.2717686951452087,2.2231439152153603,2.315326422983433,2.238086931846904,2.250519135749225
2006-02-20,2.236,1,0,0,2.205,2.215093955565031,2.2427124295841256,2.2186300641508403,2.2594987891792115,2.1908765517020394,2.220615250583484
2006-02-27,2.321,1,0,0,2.236,2.303493971203503,2.2801251764476214,2.2741118093191455,2.2587381257541095,2.2418753932409317,2.270426484652627
2006-03-06,2.355,1,0,0,2.321,2.368565668820375,2.293033795768697,2.3424933366591723,2.28599896787332,2.3259096024271217,2.3277026914066146
2006-03-13,2.495,1,0,0,2.355,2.4616516798181336,2.4386501829155254,2.4469800793244545,2.364373674634227,2.3944539131121685,2.4217952679684673
2006-03-20,2.479,1,0,0,2.495,2.5074858597323844,2.483240400849736,2.5157255227586512,2.4434270313881385,2.542594069452426,2.504635063836961
2006-03-27,2.567,1,0,0,2.479,2.5550858618117154,2.5351079122046687,2.5335650063391664,2.47928168626633,2.4990644671687616,2.520603325306631
2006-04-03,2.663,1,0,0,2.567,2.655619845794704,2.626756677110153,2.643613764986778,2.5419811991744496,2.5899506316627283,2.6132523553204563
2006-04-10,2.764,1,0,0,2.663,2.758211196598136,2.7265936369228183,2.7351531770019037,2.615476842334279,2.691466060445839,2.7080525471586103
2006-04-17,2.881,1,0,0,2.764,2.867055389270291,2.8186678688596514,2.852094061441845,2.700647553422707,2.8027461749752627,2.8130728867412347
2006-04-24,2.866,1,0,0,2.881,2.8842774720576867,2.840270814365257,2.8809357981825467,2.8036389092585674,2.9373770929509533,2.8781707351114987
2006-05-01,2.834,1,0,0,2.866,2.8386404658993225,2.843452832166189,2.8624867288974,2.845779634775679,2.908042415696835,2.863823577018767
2006-05-08,2.871,1,0,0,2.834,2.8655702410099857,2.846560264274462,2.8333346844938125,2.8464151965749718,2.8529739906088207,2.849522700631889
2006-05-15,2.801,1,0,0,2.871,2.8129697343379965,2.8241575221733473,2.837806512978137,2.8538747006529244,2.8641384460161095,2.8399784302499
2006-05-22,2.784,1,0,0,2.801,2.795121262572838,2.8170143773515317,2.8006350474849437,2.8324908194208294,2.7876804571484293,2.80351906785556
2006-05-29,2.811,1,0,0,2.784,2.799120017929689,2.8097268657337153,2.7905267247418486,2.800766900837213,2.774500345848816,2.792567510740752
2006-06-05,2.833,1,0,0,2.811,2.8343471459886818,2.826631810875983,2.8148636719862177,2.817241092746203,2.8181429134518705,2.822024978258732
2006-06-12,2.793,1,0,0,2.833,2.8021956965446955,2.8214178844756845,2.8088335702496163,2.8298458838837615,2.8367143087394457,2.8198814632687483
2006-06-19,2.796,1,0,0,2.793,2.7906745755979725,2.8124698902427467,2.7905092856480884,2.8123428102989165,2.777214509421425,2.793698271185546
2006-06-26,2.873,1,0,0,2.796,2.8572879980637214,2.8351751009937733,2.8274653385147537,2.7965002544040845,2.78122133706499,2.817902780033953
2006-07-03,2.91,1,0,0,2.873,2.890563796046053,2.8674893859074837,2.8828848156066367,2.845576841508969,2.9127824309076478,2.8841678030658446
2006-07-10,2.928,1,0,0,2.91,2.932993972054359,2.907971726104003,2.935014385275201,2.881825641330149,2.941929752754099,2.923927734523063
2006-07-17,2.95,1,0,0,2.928,2.9413441208500313,2.9251873299449684,2.9311331651598924,2.8979393352942138,2.95256985227851,2.932748230998489
2006-07-24,2.955,1,0,0,2.95,2.9557140552135435,2.9514342889702503,2.958473517143516,2.9311091231247475,2.9657078248473843,2.9543229022159236
2006-07-31,3.004,1,0,0,2.955,2.9637381426222404,2.9781239920362603,2.953526102374225,2.9449047469557614,2.953895120936175,2.957907328323012
2006-08-07,2.958,1,0,0,3.004,2.9650497395779505,2.9629728463959193,2.980387538965629,2.960589395969113,3.0182360772430035,2.981288486419837
2006-08-14,2.877,1,0,0,2.958,2.9000882074954752,2.9303056525338507,2.923983926878623,2.9524439709982246,2.94960736444706,2.930998250488966
2006-08-21,2.8,1,0,0,2.877,2.786501367972431,2.8385853465625246,2.8212697406023017,2.8831466432473367,2.844523256611396,2.832269416377156
2006-08-28,2.68,1,0,0,2.8,2.703413769542286,2.733470480683431,2.732910634061197,2.8215999974802553,2.758428256681706,2.747669498558312
2006-09-04,2.563,1,0,0,2.68,2.5779745805255576,2.6201874902327567,2.582006335276341,2.7251140733579726,2.6196602475948505,2.619661653064678
2006-09-11,2.441,1,0,0,2.563,2.4424150175853376,2.4622608705449176,2.4410944861962096,2.6272128797273213,2.5060223982352063,2.4916860489503314
2006-09-18,2.32,1,0,0,2.441,2.3233085243303706,2.358483737922088,2.335593013168401,2.5163036955607145,2.371190896581083,2.374879239444177
2006-09-25,2.263,1,0,0,2.32,2.265134915873242,2.275759736508807,2.2716345124533337,2.4192440581639816,2.2727784010207888,2.2951261600694117
2006-10-02,2.222,1,0,0,2.263,2.222840974210877,2.2297322347510407,2.2099280778522044,2.331182138154405,2.2065482289063874,2.234390234535678
2006-10-09,2.195,1,0,0,2.222,2.1929804228045744,2.2055292176130727,2.2003380710627947,2.2848760263146377,2.1907271815788953,2.210702111887972
2006-10-16,2.186,1,0,0,2.195,2.1892602922289575,2.2001113827565604,2.20087409816884,2.2483342713955827,2.184178919009143,2.201576268413043
2006-10-23,2.204,1,0,0,2.186,2.1949075113374996,2.2031346602366013,2.213459336162945,2.231647786140475,2.1919626201801568,2.205275914952441
2006-10-30,2.189,1,0,0,2.204,2.1943284525191955,2.197387031374634,2.203957111982031,2.2275688726985416,2.219025204510693,2.2087241619292346
2006-11-06,2.216,1,0,0,2.189,2.2093316569145314,2.211733212759045,2.2014237982104503,2.2179355514815624,2.1818268526195173,2.202150876143382
2006-11-13,2.218,1,0,0,2.216,2.224453254619312,2.2237051924839335,2.2199075338963965,2.2371399324953742,2.2267068931412837,2.226023952885734
2006-11-20,2.221,1,0,0,2.218,2.2303879658495127,2.2362395510476887,2.2226099016860754,2.243614841116113,2.2275269055097895,2.230934773829139
2006-11-27,2.277,1,0,0,2.221,2.2600354203516653,2.2572549324338596,2.2484717898293742,2.2496048146587566,2.2338205966237314,2.248577076409196
2006-12-04,2.267,1,0,0,2.277,2.2727675111581775,2.2667333204966518,2.275610058905058,2.278625453763689,2.290639339971693,2.2781737642551647
2006-12-11,2.29,1,0,0,2.267,2.2726092300822884,2.2925462319337577,2.27997745940604,2.296528122554839,2.277663558120113,2.282219018657473
2006-12-18,2.303,1,0,0,2.29,2.3052576070042843,2.291400235492879,2.299012222560522,2.3022731179809455,2.2984772144846914,2.2996998738657988
2006-12-25,2.296,1,0,0,2.303,2.299468737999161,2.301357716229087,2.3063206024633995,2.324091621045558,2.316229938720039,2.309616949481777
2007-01-01,2.258,1,0,0,2.296,2.265178409920507,2.286531330329856,2.283315813492904,2.321827084252016,2.2997030890150243,2.290367951819305
2007-01-08,2.173,1,0,0,2.258,2.198692851533228,2.2467261640622707,2.216158998440609,2.3041302411712836,2.263492341040898,2.2433673782221644
2007-01-15,2.107,1,0,0,2.173,2.124354490359708,2.17819321061761,2.125106505379234,2.24481634391053,2.1477926430479886,2.1578378577034476
2007-01-22,2.119,1,0,0,2.107,2.1145571457286816,2.150365359885435,2.1004491250101918,2.1888699273847143,2.089552833813105,2.122084657915177
2007-01-29,2.151,1,0,0,2.119,2.1382613356928837,2.1510879895577704,2.132975891423424,2.1581594000708204,2.1001103050798413,2.132157696271554
2007-02-05,2.198,1,0,0,2.151,2.195316786365967,2.176962138571695,2.1870639600925377,2.16899263843442,2.1850566036236767,2.1839815863402086
2007-02-12,2.251,1,0,0,2.198,2.2591129548049174,2.23798723482831,2.2637203393409546,2.208054136008972,2.2472206642883843,2.2457082442887395
2007-02-19,2.338,1,0,0,2.251,2.328122288303547,2.310435295748447,2.3171401184249136,2.2437405896277465,2.3004297944958045,2.302267630015961
2007-02-26,2.46,1,0,0,2.338,2.4290382795933314,2.3941874879114793,2.3974330451299615,2.3095180366520256,2.3977718031447846,2.389664564644588
2007-03-05,2.499,1,0,0,2.46,2.503652962772587,2.4661912084603075,2.50750917762099,2.403487831213757,2.493648562652547,2.4802914294112703
2007-03-12,2.511,1,0,0,2.499,2.511110381128859,2.5110135614084355,2.510003493402665,2.469453219319608,2.5184039160313745,2.5059878527923938
2007-03-19,2.54,1,0,0,2.511,2.5568497935381895,2.5564885536719273,2.55139599731151,2.5113402586077394,2.532010231274188,2.5416986313649126
2007-03-26,2.636,1,0,0,2.54,2.617220349344794,2.6060236206061713,2.6004234721561925,2.542398187736708,2.57294488662626,2.588230427759107
2007-04-02,2.746,1,0,0,2.636,2.730531988640533,2.7068293283019957,2.7120369301709095,2.604442912230032,2.6746983167338283,2.6880410329364373
2007-04-09,2.822,1,0,0,2.746,2.818417276889289,2.790675028722562,2.8133575351063476,2.6719410355584716,2.788047833476346,2.7816161039157237
2007-04-16,2.811,1,0,0,2.822,2.8339274546485744,2.8070137832306115,2.8275517741962903,2.7474295554865042,2.8580776723580845,2.8210211538516132
2007-04-23,2.922,1,0,0,2.811,2.917081100798026,2.885930356367976,2.8878667760607866,2.782781522266068,2.835061902505316,2.8630276404609276
2007-04-30,3.002,1,0,0,2.922,2.9834421937824445,2.947576083614926,2.982218489502383,2.8485757160603553,2.9430972239352298,2.9456022718644084
2007-05-07,3.069,1,0,0,3.002,3.073875058197941,3.0325330018529937,3.0549437652581646,2.9390009260316905,3.036587722826881,3.0322457001631147
2007-05-14,3.211,1,0,0,3.069,3.1831951387105173,3.1264946835041147,3.1854267728090933,2.9670264959194124,3.0670332274811347,3.1100555949669206
2007-05-21,3.195,1,0,0,3.211,3.2175422482467018,3.1290562456646787,3.19157928200212,3.0682809125559842,3.212946758234321,3.174004914400249
2007-05-28,3.132,1,0,0,3.195,3.143234032578962,3.142080048744633,3.156893668623057,3.120628363013359,3.1757129507487183,3.150855720022512
2007-06-04,3.04,1,0,0,3.132,3.0495469741566996,3.076079638634813,3.0713648582298205,3.1138923501943276,3.1110424217692096,3.08458387885661
2007-06-11,2.974,1,0,0,3.04,2.9723374907773517,3.009580313106175,2.9991342972944075,3.04805765284661,2.9815156338460027,2.998085763808459
2007-06-18,2.951,1,0,0,2.974,2.9525176028725517,2.9675155477442003,2.966292890307378,2.980969643331303,2.9097078184670413,2.9510029339577377
2007-06-25,2.933,1,0,0,2.951,2.936600486708076,2.955571512035428,2.942282481024848,2.9553553768589618,2.908636228498141,2.9362114719814443
2007-07-02,2.971,1,0,0,2.933,2.967945648773767,2.977982046762499,2.9534021695545696,2.934320772749796,2.9349857934084294,2.952099052263025
2007-07-09,3.046,1,0,0,2.971,3.0315921288325107,3.0089748290190594,3.029362120219968,2.9323509497467386,2.9913326914207437,3.0012187248694926
2007-07-16,2.938,1,0,0,3.046,2.9615596615305395,2.974195280973067,2.988960419569928,2.9790762384972194,3.0529565709784556,2.9960658746169444
2007-07-23,2.849,1,0,0,2.938,2.8625879346777534,2.906632702490822,2.8793955019984874,2.931856711676798,2.9040428302101837,2.894549518040579
2007-07-30,2.816,1,0,0,2.849,2.79866218475817,2.8330982170338985,2.7882514101863993,2.8803370993239916,2.801317523601984,2.815246691089178
2007-08-06,2.752,1,0,0,2.816,2.7607381622029834,2.788590108994717,2.7707032398359854,2.8343251268303944,2.7849874059370445,2.7851403885447743
2007-08-13,2.783,1,0,0,2.752,2.7669275960624287,2.7710838376883253,2.750872160357004,2.764587643427954,2.7200979937572813,2.7513857185884745
2007-08-20,2.756,1,0,0,2.783,2.758618707078823,2.7635388485727734,2.7649187115730216,2.7542854960320606,2.790757176426446,2.7683912548581375
2007-08-27,2.818,1,0,0,2.756,2.8149843298036097,2.795618160138973,2.7821987791260216,2.740897999427797,2.755559574329471,2.7775442503005223
2007-09-03,2.84,1,0,0,2.818,2.8280816068108883,2.79958858492362,2.8121711382265144,2.772187314279276,2.828096306366882,2.8115499349462234
2007-09-10,2.792,1,0,0,2.84,2.8044338686914565,2.801294202410907,2.8058140640432003,2.795302054958905,2.8348946423200245,2.8107916360278455
2007-09-17,2.816,1,0,0,2.792,2.8126261990194603,2.802562297936521,2.7937692830483556,2.779578365516449,2.7698888979860437,2.7905559591549993
2007-09-24,2.784,1,0,0,2.816,2.7912882452965984,2.7941998697738324,2.79680388848776,2.791966984612761,2.798499050989723,2.7948887282385693
2007-10-01,2.761,1,0,0,2.784,2.7764364229629908,2.7863630709847946,2.7793033680562234,2.7847960970734786,2.765529479841707,2.7769501603173588
2007-10-08,2.746,1,0,0,2.761,2.759448433746335,2.777484492045042,2.7594043973891575,2.7563608434984146,2.7584933444674835,2.7612187499544785
2007-10-15,2.806,1,0,0,2.746,2.800836243304985,2.7947741551531182,2.791434177985845,2.744349707682943,2.7552888914929667,2.776814991197012
2007-10-22,2.859,1,0,0,2.806,2.8653447279354594,2.8410311195821465,2.846429740399809,2.779597603336461,2.837836955920025,2.8366737965257434
2007-10-29,3.007,1,0,0,2.859,2.980103888023013,2.933980297200945,2.9583541149512715,2.8086957517593993,2.8784841379498856,2.9143764109677224
2007-11-05,3.101,1,0,0,3.007,3.085279600099922,3.0464497545366194,3.0693684328027344,2.91045378973199,3.0183531091419984,3.030377473010599
2007-11-12,3.077,1,0,0,3.101,3.075492256529021,3.0613742218393094,3.06579721205388,2.9987418709477964,3.102674509474859,3.066048925270258
2007-11-19,3.072,1,0,0,3.077,3.062970573429104,3.0580560304537823,3.0577982922490703,3.037481894311623,3.0687496140985373,3.0585296355276315
2007-11-26,3.029,1,0,0,3.072,3.035080018766563,3.0255455998712812,3.0452684774247585,3.0452651410263387,3.0590854991840697,3.0438927864711243
2007-12-03,2.957,1,0,0,3.029,2.9769726971852633,2.999286494896176,2.9924525923489003,3.0364531669672137,3.0077016900013387,3.001189479941501
2007-12-10,2.962,1,0,0,2.957,2.966820585809003,2.9733875432084855,2.935240822185306,2.9721129986082975,2.91381756051335,2.9478912798805497
2007-12-17,2.943,1,0,0,2.962,2.957577655640653,2.967497612425791,2.961205020800957,2.9512182807978085,2.9584953964641163,2.958958753401207
2007-12-24,3.028,1,0,0,2.943,3.008843362145828,3.024054371691713,2.9890862092039345,2.944096829128952,2.9406472446973857,2.978291198774529
2007-12-31,3.088,1,0,0,3.028,3.0773953598974453,3.054187380597689,3.077144362640935,2.9762479920365292,3.047058390427589,3.0496576361497016
2008-01-07,3.041,1,0,0,3.088,3.0471470894583197,3.0707150441519917,3.083100430288411,3.0290209471939207,3.0954621828297295,3.06793337385881
2008-01-14,2.991,1,0,0,3.041,2.993691516838977,3.0400315957350106,3.0169985523903233,3.028909352878385,3.0298104246266084,3.0204344366981064
2008-01-21,2.953,1,0,0,2.991,2.9548107123608274,2.995087564674399,2.973216138088697,3.0032078202110197,2.975160770823464,2.9776552327198775
2008-01-28,2.966,1,0,0,2.953,2.959705113780669,2.9943968568512545,2.9535783467324044,2.964765901800495,2.919577945885752,2.95355665504737
2008-02-04,2.947,1,0,0,2.966,2.958740275696596,2.9828826739058125,2.9646052358231247,2.9548096832597017,2.9809583143297833,2.968582654180942
2008-02-11,3.035,1,0,0,2.947,3.016600607199335,3.0253230128759157,3.0063936284318977,2.941217943086229,2.966000527918927,2.99008034541812
2008-02-18,3.115,1,0,0,3.035,3.1029493229499527,3.0881053093383652,3.091277587108487,2.9816832399344544,3.0823044784562357,3.0731876846866886
2008-02-25,3.137,1,0,0,3.115,3.1343142234364008,3.1202706229425208,3.1356230087143313,3.044154216971571,3.1594021443373377,3.1245231861814555
2008-03-03,3.2,1,0,0,3.137,3.201640333480684,3.194246237077719,3.2116424586624963,3.0881472361598035,3.1658752147799856,3.174902371700706
2008-03-10,3.257,1,0,0,3.2,3.2404988994908583,3.244921016012508,3.238437413904661,3.1489833582975257,3.234183520756157,3.224118355143716
2008-03-17,3.224,1,0,0,3.257,3.233287332946266,3.2631154735543424,3.2498563843735457,3.198894958399136,3.297201670955962,3.2522121614290516
2008-03-24,3.259,1,0,0,3.224,3.255396894001782,3.2826961902799954,3.257757442870683,3.1827542341273656,3.249373383449683,3.2463328687248842
2008-03-31,3.299,1,0,0,3.259,3.2995418864229493,3.3101642644822644,3.2906001773685496,3.21547318263623,3.291246359109331,3.283240743348017
2008-04-07,3.35,1,0,0,3.299,3.3540537868561966,3.3435432892697934,3.343480855254714,3.235199181941963,3.3458314957837025,3.3287880613993863
2008-04-14,3.467,1,0,0,3.35,3.457574427139986,3.450863921051958,3.4394183904077975,3.288481680420769,3.422667856139196,3.416028824225971
2008-04-21,3.566,1,0,0,3.467,3.557615542314324,3.5443779283697063,3.5447740446983493,3.3583623122673587,3.5231677916766855,3.5115095884139995
2008-04-28,3.571,1,0,0,3.566,3.609924827374096,3.59314050161994,3.6221536485527954,3.4531003073581434,3.6371176601976396,3.591802779282321
2008-05-05,3.694,1,0,0,3.571,3.683992555196272,3.7069073122276412,3.6960515643669547,3.502381002651216,3.629619252659883,3.645984261290433
2008-05-12,3.762,1,0,0,3.694,3.761778363399118,3.740328205549791,3.7409869990665117,3.573465958959427,3.7588082718875775,3.7228394058883705
2008-05-19,3.913,1,0,0,3.762,3.8969062872776004,3.8762035932677024,3.855002751668634,3.648827483128219,3.8079666772276513,3.8212416559282234
2008-05-26,3.932,1,0,0,3.913,3.9430617298962627,3.91198612481291,3.948406623696564,3.749346086677745,3.9527129943493184,3.9108405969026236
2008-06-02,3.979,1,0,0,3.932,3.9701165262941043,3.9586116790373564,3.967725636814954,3.8272441627569846,3.960899851442597,3.942305317145897
2008-06-09,4.007,1,0,0,3.979,4.012491707639049,3.9822072990677277,4.01078588811545,3.8720023292839114,4.000535511115925,3.9818605228000896
2008-06-16,4.002,1,0,0,4.007,4.017307270011031,4.001626002283612,4.021882219432837,3.9052881852298325,4.0267821267534405,4.000337669106395
2008-06-23,4.027,1,0,0,4.002,4.029060684334654,4.01834070081689,4.024671652508923,3.9222671423499027,3.991990865726783,3.999499002922005
2008-06-30,4.051,1,0,0,4.027,4.057024042770247,4.022845884900519,4.032589969424634,3.939214283378665,4.039351339887199,4.023135391163441
2008-07-07,4.054,1,0,0,4.051,4.052929057397395,4.030805526722459,4.03752918062318,3.9612800969364383,4.076548382459837,4.0377703252701185
2008-07-14,4.005,1,0,0,4.054,3.9849270840052196,3.9964650140499507,3.9985944089018712,3.9689074678791494,4.071475168618289,4.00958381777521
2008-07-21,3.896,1,0,0,4.005,3.9169936512354253,3.930097359588662,3.920189978331335,3.9641462083404115,3.9984737510812822,3.9485676440740196
2008-07-28,3.828,1,0,0,3.896,3.8205470601606835,3.8428204803570587,3.8244886865170873,3.8686596336591914,3.850002090251036,3.8400834342492356
2008-08-04,3.764,1,0,0,3.828,3.7702231841695992,3.76537328448706,3.7836531276102803,3.7916517728711714,3.78084807110418,3.7787151757054582
2008-08-11,3.706,1,0,0,3.764,3.707192110349643,3.6979775585787666,3.704036429615773,3.725180292619265,3.698956194394384,3.7059862301619457
2008-08-18,3.66,1,0,0,3.706,3.6659138746339948,3.6622896713597446,3.6568872278394347,3.6561062969146776,3.6414201125669967,3.6554372265535755
2008-08-25,3.667,1,0,0,3.66,3.6568821045735453,3.6500359865886436,3.653960980807449,3.6062631409685215,3.5792222158777856,3.6266836862591707
2008-09-01,3.637,1,0,0,3.667,3.6687487375754606,3.6472178085703133,3.6457725521796593,3.5958198829614885,3.5866786978908487,3.6273714863961115
2008-09-08,3.867,1,0,0,3.637,3.809933584962839,3.7547095268584916,3.835390642169622,3.5923122144188846,3.566151734000792,3.7083106206113587
2008-09-15,3.732,1,0,0,3.867,3.743964842965992,3.682084308141633,3.7525704325767024,3.641943621253178,3.798217112737593,3.734746577130686
2008-09-22,3.644,1,0,0,3.732,3.628421964167814,3.6409392550601942,3.6425369002352,3.615583107350136,3.616321281202027,3.627962021162338
2008-09-29,3.485,1,0,0,3.644,3.486085264096635,3.5403327646840927,3.5055534272118876,3.5967227777741364,3.557599980082088,3.5346721384963526
2008-10-06,3.109,1,0,0,3.485,3.147518265154889,3.231193890805644,3.1326477861146644,3.4683830175742356,3.3278492969053017,3.2555928531087543
2008-10-13,2.855,1,0,0,3.109,2.83537501560971,2.942723232304657,2.856672055038908,3.2229313644953184,2.911831145571153,2.9381980972219894
2008-10-20,2.589,1,0,0,2.855,2.5987422822924167,2.7136572608985436,2.600360053275944,2.9917116297239077,2.682422136958443,2.70115727852939
2008-10-27,2.34,1,0,0,2.589,2.3442767461659697,2.463263529456656,2.3605576019207253,2.746225485902803,2.418208391440264,2.449333354083399
2008-11-03,2.17,1,0,0,2.34,2.1762416776666744,2.2234401164853295,2.1731728953021396,2.503180993556464,2.171189662541755,2.234115965072355
2008-11-10,2.027,1,0,0,2.17,2.032975353111479,2.048631447914048,2.0196921150239513,2.3166788799088427,2.044696902597323,2.0815745635374046
2008-11-17,1.857,1,0,0,2.027,1.865352363944145,1.9221235044309724,1.8645354437294643,2.1753128797251757,1.925440324572781,1.9393741240092552
2008-11-24,1.79,1,0,0,1.857,1.775815767954678,1.8173660982380349,1.7799273136902003,2.016003265366934,1.7693683564703626,1.8199552465181714
2008-12-01,1.681,1,0,0,1.79,1.6926581149404174,1.7215768941798932,1.7095380758826226,1.9186042302143091,1.7396360619674418,1.7494697313425813
2008-12-08,1.648,1,0,0,1.681,1.643884172453971,1.6761254962352492,1.6463604488849988,1.82651424275234,1.64058874669575,1.6778184006934072
2008-12-15,1.635,1,0,0,1.648,1.6378111742569865,1.6550739113093145,1.6316570145660005,1.751890635616709,1.610454121874644,1.6503083343369038
2008-12-22,1.59,1,0,0,1.635,1.6049412195491186,1.6260495343251833,1.6070882905474693,1.7307847238299154,1.6351421191606543,1.6367785751587707
2008-12-29,1.672,1,0,0,1.59,1.6693684254167869,1.6767759174420758,1.6588254531808906,1.6814704429818916,1.57100916432531,1.6443114569809658
2009-01-05,1.772,1,0,0,1.672,1.7374658495586748,1.73767335299069,1.7505072132698902,1.6983745924191216,1.6970217096377063,1.723338491436786
2009-01-12,1.832,1,0,0,1.772,1.8216218065199399,1.825743577776207,1.826453005254821,1.7888057633611782,1.8156353134189012,1.8163301581552924
2009-01-19,1.813,1,0,0,1.832,1.8232812086284633,1.8216274861412627,1.8254533097148016,1.8311993468891974,1.844624827673766,1.8304038411323744
2009-01-26,1.871,1,0,0,1.813,1.86744484223122,1.869212167041558,1.8680147504341122,1.8648635782257803,1.838808388315773,1.8598863897957885
2009-02-02,1.897,1,0,0,1.871,1.9021723951293767,1.8896526202809445,1.9040415645515287,1.8951819631264426,1.9108108876267291,1.9019445224531273
2009-02-09,1.931,1,0,0,1.897,1.923205954741562,1.9074673416474763,1.9352807984079183,1.9187193691848061,1.9237272308806062,1.923007308417802
2009-02-16,1.868,1,0,0,1.931,1.8934604319856865,1.885498453467994,1.9034175972961231,1.9565192273901204,1.965112797194767,1.92354754389322
2009-02-23,1.91,1,0,0,1.868,1.897827233792568,1.8982323532515972,1.892143746887104,1.940896887669831,1.9052835947198297,1.9056256849927893
2009-03-02,1.918,1,0,0,1.91,1.9240466842205846,1.9135114253718917,1.910776001095796,1.9285794041546893,1.9052152159050244,1.9155033939719746
2009-03-09,1.885,1,0,0,1.918,1.8995923313679335,1.9076954474781178,1.9165149239969825,1.964934019805628,1.9293423440083546,1.9228222741382548
2009-03-16,1.944,1,0,0,1.885,1.937105323237799,1.945818939151144,1.9316610645431962,1.9625626819627207,1.881835827002301,1.9268059671136522
2009-03-23,2.03,1,0,0,1.944,2.025157505638976,1.9922406071998537,2.01609475171627,1.9851243007425299,1.9691215788411793,1.9973664909229596
2009-03-30,2.011,1,0,0,2.03,2.0206248049040014,2.017439907567705,2.017685774979636,2.0443140123163683,2.0591943002402218,2.0335145299115913
2009-04-06,2.025,1,0,0,2.011,2.0272902765215886,2.031644175851343,2.028204285613969,2.0493270034822038,2.0132585575719095,2.0280074721599344
2009-04-13,2.031,1,0,0,2.025,2.036617642533017,2.044794354226707,2.0425878503563673,2.0762602378089836,2.049183434331411,2.048804029062673
2009-04-20,2.016,1,0,0,2.031,2.0304174691229315,2.0494879815825415,2.03465892336051,2.082309154111693,2.0550533330357537,2.048920309650069
2009-04-27,2.045,1,0,0,2.016,2.050818744182197,2.064859042873442,2.043620139043792,2.072023168892354,2.04049353640938,2.0519822057931196
2009-05-04,2.218,1,0,0,2.045,2.1587062388263223,2.1631950209449196,2.1832345005898133,2.080731419999086,2.0763923997119758,2.130348215858003
2009-05-11,2.281,1,0,0,2.218,2.275849927138195,2.2475015009297135,2.2777159755972787,2.1766277821770204,2.2790164360863514,2.2569461878104335
2009-05-18,2.414,1,0,0,2.281,2.399237668266326,2.3538011618812544,2.392906417123253,2.2569307573578676,2.3341535410830114,2.351252746506019
2009-05-25,2.502,1,0,0,2.414,2.5074132629925,2.46163754900556,2.4930766435383895,2.357280880906414,2.468367085137493,2.4632070891052433
2009-06-01,2.6,1,0,0,2.502,2.593080834216601,2.56670788928761,2.5777644393335892,2.4504760725195394,2.522347482359419,2.5443045015217516
2009-06-08,2.639,1,0,0,2.6,2.6443196602204426,2.615994401197216,2.6269157030148502,2.540831576372567,2.599444553478127,2.6079685323867294
2009-06-15,2.65,1,0,0,2.639,2.64934963849094,2.63593837951263,2.650164978398646,2.598740042118995,2.625980300467172,2.6332736169401905
2009-06-22,2.593,1,0,0,2.65,2.5986829554936395,2.617856268763788,2.6115921834657025,2.6437674751447804,2.6289035046261158,2.6194266906160406
2009-06-29,2.563,1,0,0,2.593,2.5619453182401246,2.5754958040140634,2.5637039483684116,2.6101428852817965,2.5588859331551532,2.571273162117727
2009-07-06,2.479,1,0,0,2.563,2.484065745510691,2.5196473062149156,2.495182870376001,2.5979816152199975,2.538113321847486,2.5241825444782116
2009-07-13,2.411,1,0,0,2.479,2.4186884689559838,2.463610029747878,2.438749028933819,2.526702240288681,2.4425422412431126,2.4531680825524957
2009-07-20,2.46,1,0,0,2.411,2.444105656444676,2.454190274644575,2.43236190634479,2.4607183400174466,2.3833348819255615,2.4297568354260832
2009-07-27,2.511,1,0,0,2.46,2.507605385534594,2.483921380861069,2.5032785218145572,2.4702881948122872,2.46118485154034,2.4850966295091537
2009-08-03,2.596,1,0,0,2.511,2.568848285545967,2.552586066109365,2.5661229069655334,2.50692559936745,2.54657745432985,2.550053905823811
2009-08-10,2.58,1,0,0,2.596,2.580584885820741,2.5715471330506037,2.5876608390683566,2.5718209914240844,2.6436948089328727,2.595964856513617
2009-08-17,2.572,1,0,0,2.58,2.568739894886932,2.598409647764612,2.587965872761153,2.5894184143938173,2.60466598935325,2.5898431385697487
2009-08-24,2.553,1,0,0,2.572,2.55124866652866,2.562483660544324,2.5707338290303348,2.586439263456017,2.5739572553923455,2.5687156902301447
2009-08-31,2.519,1,0,0,2.553,2.531794057066423,2.5419151194035137,2.543982979811521,2.5919431952059737,2.5586116837557924,2.552671550791948
2009-09-07,2.499,1,0,0,2.519,2.5125043971781182,2.530321247250488,2.505004791905831,2.5641579322176153,2.5089350153118892,2.5208626362375663
2009-09-14,2.477,1,0,0,2.499,2.4680506826908095,2.4781398253254037,2.4578706383720457,2.519809481432111,2.49131672537457,2.4817994526770435
2009-09-21,2.425,1,0,0,2.477,2.4400282119906307,2.4595547789434606,2.4530222635417567,2.497180288979726,2.4677534382022266,2.462150367353578
2009-09-28,2.396,1,0,0,2.425,2.4233753188046103,2.4549232813789508,2.417121735236856,2.468287609517953,2.409936389890002,2.4302451195010546
2009-10-05,2.432,1,0,0,2.396,2.4331411046666416,2.4515683714739054,2.4158182506016246,2.426747487610749,2.376894520501056,2.4162005352846627
2009-10-12,2.532,1,0,0,2.432,2.5198357734136314,2.4919132145345966,2.5047036801602154,2.4406929090750724,2.417255192965184,2.47286321836953
2009-10-19,2.641,1,0,0,2.532,2.603743794714438,2.5765830461418866,2.6008559023493323,2.4878867808960106,2.52755978370158,2.560464422474551
2009-10-26,2.66,1,0,0,2.641,2.669859401284546,2.6286828842768664,2.6625723519739735,2.5809029585258196,2.6425638276402625,2.640862410028074
2009-11-02,2.627,1,0,0,2.66,2.6266160196511223,2.630032012678298,2.6396606235456432,2.6342890402192327,2.642262965703406,2.635262967539852
2009-11-09,2.585,1,0,0,2.627,2.599188562983632,2.615643798573322,2.612218395572988,2.639544625975572,2.618360622652079,2.6159094508644385
2009-11-16,2.603,1,0,0,2.585,2.595220877226555,2.6099519459325586,2.585691483118639,2.6223567378555503,2.5459345746724225,2.5867273956373906
2009-11-23,2.594,1,0,0,2.603,2.6024734089293724,2.5982640658008678,2.587662972730555,2.6168503527806175,2.5721521654646335,2.5930761680564904
2009-11-30,2.601,1,0,0,2.594,2.5817734247498607,2.6005661929574924,2.5813903680528996,2.609449476029015,2.5722352377343114,2.586335086862882
2009-12-07,2.56,1,0,0,2.601,2.570680618134914,2.5909321477802787,2.578161093165436,2.6128087156109063,2.5940397179126444,2.588123712263677
2009-12-14,2.546,1,0,0,2.56,2.562604930597877,2.5760968074517083,2.5587062692250524,2.5904715335049797,2.551335704406934,2.5652406283662934
2009-12-21,2.564,1,0,0,2.546,2.5636903711443217,2.562119068953498,2.55059911293785,2.56150195355638,2.5279233029509096,2.5509093295129395
2009-12-28,2.627,1,0,0,2.564,2.6103235662235407,2.607034163644839,2.5966173777717634,2.565815178964644,2.561784364707643,2.586928710906101
2010-01-04,2.717,1,0,0,2.627,2.7025335180019083,2.652429727398606,2.690315355872765,2.609662372475162,2.649260230650375,2.6637691953894738
2010-01-11,2.703,1,0,0,2.717,2.717095215712025,2.6957035378281433,2.7201832190042463,2.672206780408932,2.742532198296108,2.714118839104268
2010-01-18,2.666,1,0,0,2.703,2.67403526281891,2.681256868768945,2.6849390490415503,2.7016374284599163,2.7242224902909427,2.6950571262284946
2010-01-25,2.618,1,0,0,2.666,2.630407012062822,2.665491557972588,2.6555343418185138,2.6863121246404638,2.6643167752543087,2.658751004412258
2010-02-01,2.611,1,0,0,2.618,2.615483055781534,2.6366608972007315,2.597276139376499,2.655858182872586,2.622927729779521,2.62305474307959
2010-02-08,2.563,1,0,0,2.611,2.5738632531026693,2.5921332629073843,2.5796292716783,2.627920031030964,2.6107780941516,2.5961550849379753
2010-02-15,2.621,1,0,0,2.563,2.5908559923954018,2.5877159953650843,2.589316194689148,2.594468602908145,2.5624997727755825,2.583235099693867
2010-02-22,2.671,1,0,0,2.621,2.6732845395062945,2.639635433469345,2.6558699434187143,2.6071477848940368,2.6336637638177542,2.6436428673952737
2010-03-01,2.721,1,0,0,2.671,2.7176787223226224,2.7097309073264015,2.719303291718512,2.657152990106324,2.7012375997668943,2.702746836941922
2010-03-08,2.76,1,0,0,2.721,2.7484286071615296,2.7359132144571485,2.748809994715622,2.698275849450244,2.7333598576627476,2.7346358125730763
2010-03-15,2.792,1,0,0,2.76,2.7924883812919616,2.7741653839260074,2.7948145341378683,2.7512982146904688,2.7955953124450237,2.7845251199738534
2010-03-22,2.765,1,0,0,2.792,2.7780338386068713,2.7792046840643367,2.806322489991535,2.773799214784204,2.812374648624703,2.7926181215766444
2010-03-29,2.795,1,0,0,2.765,2.7929056150401457,2.806046987403705,2.7933782736268498,2.782462920723427,2.7902836664757,2.792465342014743
2010-04-05,2.829,1,0,0,2.795,2.80159212978866,2.8180273014298134,2.818113789521743,2.794716580083181,2.805341242749277,2.8073289910128345
2010-04-12,2.831,1,0,0,2.829,2.8317485309701524,2.83050722275775,2.838344835462144,2.824551059836296,2.8618477923575707,2.839718591260561
2010-04-19,2.815,1,0,0,2.831,2.838442039904278,2.8226446112173647,2.830421340288048,2.828991417894962,2.8578356037435313,2.8380395471353497
2010-04-26,2.864,1,0,0,2.815,2.8292895826467017,2.8351974511727707,2.8327951233501407,2.8237672398824727,2.8328124978178995,2.830900374884044
2010-05-03,2.87,1,0,0,2.864,2.866782337335614,2.8496336929006074,2.8874980660183995,2.852039499879385,2.9021848205679035,2.8757271725081845
2010-05-10,2.823,1,0,0,2.87,2.8318496708602146,2.849452440708129,2.866652427570864,2.8756147271473096,2.903472152972524,2.867739035776024
2010-05-17,2.741,1,0,0,2.823,2.758351015466353,2.7864012093450334,2.7663508701430057,2.8312515904953357,2.8174572586900566,2.7913858314169944
2010-05-24,2.679,1,0,0,2.741,2.686964958399616,2.715392675336174,2.687829348004828,2.774844771280173,2.715579959667754,2.712956311258485
2010-05-31,2.674,1,0,0,2.679,2.659437413944372,2.685268836896284,2.6623646756369554,2.716648042292389,2.629764045464471,2.665230693513909
2010-06-07,2.652,1,0,0,2.674,2.6703368302207244,2.6623519770155655,2.66496762086262,2.6934536675189236,2.6490862980224104,2.6662482409066985
2010-06-14,2.696,1,0,0,2.652,2.688306411324678,2.6873493082691717,2.6803096073153525,2.6682069171529776,2.6204150416840006,2.6653706400704587
2010-06-21,2.712,1,0,0,2.696,2.7097431353054193,2.699541293871535,2.707226791338473,2.6867565785985215,2.687487746165976,2.6981886649417075
2010-06-28,2.676,1,0,0,2.712,2.694299685997815,2.699428306588851,2.7018809620529622,2.7086533968969864,2.701356903972716,2.700843549378924
2010-07-05,2.666,1,0,0,2.676,2.6898898782915666,2.690870123272914,2.680508978690309,2.7021734606264336,2.681503526856332,2.687804204288608
2010-07-12,2.672,1,0,0,2.666,2.6509851337534003,2.6830518834474786,2.6668818211798744,2.674086797629623,2.650760412107726,2.6626213168454025
2010-07-19,2.703,1,0,0,2.672,2.691670433475642,2.69811169875354,2.681207502210565,2.6766668129302,2.6631428890651794,2.6803936587964814
2010-07-26,2.687,1,0,0,2.703,2.6927863416863596,2.7017172142191828,2.6999127940046943,2.6910636837416257,2.7084267433425495,2.6993992502977453
2010-08-02,2.74,1,0,0,2.687,2.7129682207182055,2.7133631283020723,2.69398005290367,2.6982328840866314,2.7123380786871416,2.7063619408662953
2010-08-09,2.696,1,0,0,2.74,2.7049807115520967,2.718093333414253,2.7165569184251086,2.727434821081242,2.7771018960310103,2.7318885445628696
2010-08-16,2.653,1,0,0,2.696,2.6775721222853317,2.702438011334323,2.6838904279305504,2.7161096061730703,2.7100514505437587,2.697219459485823
2010-08-23,2.64,1,0,0,2.653,2.633885349314468,2.667524152612047,2.6331685184821225,2.670615469677885,2.6411952577113254,2.6463522544734728
2010-08-30,2.647,1,0,0,2.64,2.635663876925465,2.645412835183997,2.646273376350656,2.6469941115112245,2.6217869241078833,2.637528193765589
2010-09-06,2.695,1,0,0,2.647,2.689687843504204,2.6727234325890126,2.6675479399496576,2.6455134668875457,2.630320293160185,2.659767493069701
2010-09-13,2.703,1,0,0,2.695,2.6935001254341637,2.679182874969358,2.6928179268978147,2.6604004981220277,2.69285956757826,2.685784897885191
2010-09-20,2.668,1,0,0,2.703,2.6970642438356354,2.691848764254058,2.7062993902431005,2.6827438637932586,2.7003411714665164,2.696852187781005
2010-09-27,2.705,1,0,0,2.668,2.6915540026027136,2.6978357080419113,2.683508610737901,2.6733843404213755,2.652829496346384,2.6775870248215767
2010-10-04,2.793,1,0,0,2.705,2.7488677850132666,2.7423570017522962,2.736204874179582,2.683246994920304,2.6911430660864104,2.719399365525332
2010-10-11,2.795,1,0,0,2.793,2.7884253419117933,2.7579279591587347,2.7993468808484243,2.7405223635357996,2.778670028053602,2.776141156358009
2010-10-18,2.772,1,0,0,2.795,2.777147766616396,2.776642127385548,2.791396601550712,2.7738179522329505,2.791932585341173,2.783486235287478
2010-10-25,2.76,1,0,0,2.772,2.777753467098502,2.7850097952826034,2.7792830838460216,2.7767950709897407,2.7773929802273414,2.7788520343726737
2010-11-01,2.832,1,0,0,2.76,2.805829660936963,2.8078163922710324,2.7825035585360385,2.7623656974932325,2.7429876652246867,2.7775194298061665
2010-11-08,2.849,1,0,0,2.832,2.8389843893958324,2.812219863863451,2.8198609163423245,2.786964542553899,2.804273714609812,2.813526961291809
2010-11-15,2.828,1,0,0,2.849,2.8333036430777327,2.832281412787313,2.8194203325556817,2.8186707663220916,2.839504954701032,2.8294079639590413
2010-11-22,2.805,1,0,0,2.828,2.817491509439146,2.8269184139609367,2.812863080621828,2.8248204784498263,2.8246481341782235,2.820886703381808
2010-11-29,2.917,1,0,0,2.805,2.877810842711565,2.86962763941728,2.8407407371218287,2.811171235342283,2.802294003326573,2.838009437039289
2010-12-06,2.937,1,0,0,2.917,2.9414902179980507,2.9141974994229645,2.9387289313638005,2.864493243663361,2.923857784026901,2.9199008722481556
2010-12-13,2.934,1,0,0,2.937,2.9420730416676064,2.9495295473164993,2.943369692857184,2.901992803587075,2.938579786707223,2.9359580773223697
2010-12-20,3.015,1,0,0,2.934,2.9781402821159912,2.9966974887030684,2.9659470981057443,2.9157980590875314,2.927152759075935,2.954594304846616
2010-12-27,3.034,1,0,0,3.015,3.0266987546501496,3.0204322159904553,3.0323777535632983,2.962507444061213,3.0119653601332455,3.0127288388207916
2011-01-03,3.052,1,0,0,3.034,3.043080127839002,3.043450157795376,3.0448978695553452,2.9951421612553335,3.034622240835164,3.03350109216136
2011-01-10,3.068,1,0,0,3.052,3.0532712649306792,3.0454497960464746,3.062862145693713,3.0177576217838373,3.0473124512943333,3.0468973764489182
2011-01-17,3.074,1,0,0,3.068,3.0732699491877074,3.0632436105888163,3.0835750199868808,3.0379475352879517,3.0517861520586442,3.062700529808496
2011-01-24,3.061,1,0,0,3.074,3.077070792411621,3.074100631537932,3.078296465613561,3.0524645040085057,3.06618210116461,3.0700563643215983
2011-01-31,3.094,1,0,0,3.061,3.0867531910367862,3.0789990861026153,3.084190387525471,3.041512718121478,3.0498150602686236,3.068058786011532
2011-02-07,3.095,1,0,0,3.094,3.1093190356034395,3.0959225939968835,3.1179034569660953,3.0628256633229807,3.1153773888343665,3.1033085519777917
2011-02-14,3.141,1,0,0,3.095,3.154021986485037,3.14528431368681,3.1441208504193705,3.0643277144672925,3.1150727969694536,3.1258405958181537
2011-02-21,3.341,1,0,0,3.141,3.323699799093767,3.2744454444542224,3.2944928215789893,3.094101950290246,3.178039720562283,3.23490028368175
2011-02-28,3.473,1,0,0,3.341,3.472874966595112,3.391946218636784,3.4455839991798007,3.1897167436185567,3.389910430125145,3.3877604180303473
2011-03-07,3.517,1,0,0,3.473,3.5048787347437784,3.4734016869993205,3.5025019455247013,3.3173719044845837,3.499724621812515,3.468063543650232
2011-03-14,3.507,1,0,0,3.517,3.5232816253558585,3.531882602651852,3.5529019191277804,3.4278594476200643,3.53857466571254,3.5193545660548935
2011-03-21,3.538,1,0,0,3.507,3.531487446733428,3.575808850987763,3.5503309947792796,3.45577605722298,3.513704812032676,3.5247874712907703
2011-03-28,3.635,1,0,0,3.538,3.633177596329496,3.6317700050330237,3.6168014253586485,3.482640609355294,3.556608549062582,3.5848569058314714
2011-04-04,3.743,1,0,0,3.635,3.7141863367605015,3.7178690304864177,3.6972510878383145,3.5328895410557513,3.6554064484924633,3.666116397325189
2011-04-11,3.787,1,0,0,3.743,3.7796966687698386,3.773170416217605,3.791350463125927,3.6192860865598213,3.7890672873514077,3.757633779955299
2011-04-18,3.817,1,0,0,3.787,3.8186511779182473,3.8266416975435837,3.8310477029932226,3.6800480888519393,3.84020651654214,3.8055332290941712
2011-04-25,3.906,1,0,0,3.817,3.902163125841952,3.879254597301781,3.888099245459107,3.7271242518957832,3.843930207247963,3.8521406353673875
2011-05-02,3.907,1,0,0,3.906,3.910001764023293,3.8907625813688895,3.8999052130814307,3.7893872747752084,3.934963228635234,3.892028210149751
2011-05-09,3.905,1,0,0,3.907,3.9077712239769364,3.8939336850401665,3.8855122817388166,3.819997044841089,3.9155221849333266,3.8887658618355303
2011-05-16,3.788,1,0,0,3.905,3.790222468891559,3.826391575917602,3.801157482748626,3.8229326507588755,3.8931154578865415,3.829969222298034
2011-05-23,3.741,1,0,0,3.788,3.751203518039776,3.7710009282094386,3.753395308349391,3.738467811329431,3.746153587226097,3.751058936713514
2011-05-30,3.738,1,0,0,3.741,3.72317022378382,3.730585355305524,3.697207659612459,3.6930856562355565,3.684487982204905,3.703567335614302
2011-06-06,3.664,1,0,0,3.738,3.6567572247891613,3.6717705222366392,3.6827628145375013,3.68468608272608,3.7003414789462443,3.680453722968153
2011-06-13,3.597,1,0,0,3.664,3.6112124503634138,3.621465136446396,3.622386770788731,3.6254344303332813,3.6133139760125426,3.617930267879217
2011-06-20,3.513,1,0,0,3.597,3.519585235834994,3.5777198525499703,3.545808035818582,3.5843725670190087,3.557516209541674,3.553903475430245
2011-06-27,3.534,1,0,0,3.513,3.520705344201739,3.559156669424432,3.53134909423301,3.5151619303546884,3.456974690313527,3.5107874909129113
2011-07-04,3.608,1,0,0,3.534,3.6047383966482993,3.5708130309687887,3.5736511995559015,3.478386876140952,3.5253718873373243,3.5518808660894274
2011-07-11,3.648,1,0,0,3.608,3.6603971507367996,3.6162958490105734,3.62974061250216,3.5186990847773725,3.6257011353198507,3.615418646601719
2011-07-18,3.667,1,0,0,3.648,3.6648340269706283,3.63341715295937,3.6512873990731345,3.56215882092364,3.6580756375727708,3.639008759647675
2011-07-25,3.684,1,0,0,3.667,3.672338180190083,3.6454780870267487,3.649949813758625,3.5929581284608303,3.6815337257051435,3.653221550338904
2011-08-01,3.646,1,0,0,3.684,3.6592842347723264,3.641797486374381,3.6466519710920586,3.6168714203715324,3.701408834527463,3.658243228975155
2011-08-08,3.576,1,0,0,3.646,3.591874105286938,3.6068449953099573,3.621608798737961,3.6012171986493606,3.6412294900790467,3.61485652231511
2011-08-15,3.552,1,0,0,3.576,3.5566032950736792,3.570485552804339,3.5461303827883257,3.5226148817010614,3.5194395981600337,3.541013595570414
2011-08-22,3.601,1,0,0,3.552,3.58523877125565,3.5652704072514574,3.568541006774133,3.5154953062666836,3.529134836328475,3.5527634769887615
2011-08-29,3.643,1,0,0,3.601,3.6282828572314703,3.600606499732428,3.6148956958229275,3.5130733736528867,3.566937587944227,3.586662137265139
2011-09-05,3.629,1,0,0,3.643,3.6308557878000647,3.5990804507505603,3.63889408375318,3.5434271974207863,3.625261068470068,3.6124254017231117
2011-09-12,3.56,1,0,0,3.629,3.5656716849382306,3.5854013193196215,3.5716046367453766,3.5446747928849454,3.5829744543249302,3.570841313403978
2011-09-19,3.461,1,0,0,3.56,3.475119967749076,3.502350478208679,3.4812282651200723,3.5099708114916486,3.5025746440642913,3.4931361987948466
2011-09-26,3.381,1,0,0,3.461,3.3792135687524287,3.423769882479122,3.4030388026460807,3.4498203710879194,3.3921137785345596,3.4054912221024436
2011-10-03,3.368,1,0,0,3.381,3.36974029367192,3.373724280120602,3.3571554316625374,3.369516781055488,3.303628128466709,3.3502112343693966
2011-10-10,3.431,1,0,0,3.368,3.403235478985415,3.381760791198151,3.395696138339667,3.321994618076882,3.308633023744004,3.3605573419503934
2011-10-17,3.415,1,0,0,3.431,3.4193146124500853,3.386949477903299,3.4170292673260305,3.3514939724913186,3.42302420486288,3.4042062210686677
2011-10-24,3.405,1,0,0,3.415,3.415522530393863,3.4120023947140314,3.422796070173228,3.3601354087241457,3.398848511893404,3.4032070107190866
2011-10-31,3.37,1,0,0,3.405,3.3727641188731488,3.3899711351027517,3.375001725323961,3.353727375483878,3.4138155154114767,3.3833288508455928
2011-11-07,3.388,1,0,0,3.37,3.371001914844979,3.3708998837217874,3.3664439045366903,3.333385005036411,3.3438720673926006,3.3567649541520943
2011-11-14,3.312,1,0,0,3.388,3.3224133708957444,3.3401822014446507,3.337536796687142,3.3406936805822363,3.3643004945516735,3.342132673642985
2011-11-21,3.248,1,0,0,3.312,3.2512119252476395,3.2914629161521933,3.261585970262012,3.286852849975534,3.2686570107772113,3.269481049886699
2011-11-28,3.24,1,0,0,3.248,3.235739737644705,3.2541208804298076,3.2279993127355064,3.238540322600996,3.207718203047306,3.2297588659487992
2011-12-05,3.244,1,0,0,3.24,3.248211067456208,3.236421203132395,3.246246851544694,3.2151514125730474,3.2196787437030974,3.2332665948862296
2011-12-12,3.183,1,0,0,3.244,3.1903538598418932,3.2290319562390444,3.218527665273431,3.2146037281077553,3.240714360137377,3.2190196373431648
2011-12-19,3.213,1,0,0,3.183,3.220466998716051,3.2323018266462173,3.2215395507508933,3.1808487922438995,3.180450626503929,3.205416332075248
2011-12-26,3.254,1,0,0,3.213,3.2575528022360194,3.2409769402136273,3.244525084737103,3.1689839284618113,3.213076575597494,3.226329837897544
2012-01-02,3.333,1,0,0,3.254,3.318714174975954,3.3005397042165887,3.3053719425852557,3.2091604628236707,3.2810040898530692,3.2855563440501183
2012-01-09,3.342,1,0,0,3.333,3.337508469971268,3.3341017684864434,3.3394412519172274,3.2504379573407327,3.3448184222975046,3.3251870453409014
2012-01-16,3.333,1,0,0,3.342,3.3458005850316628,3.348153797398074,3.3645240757281183,3.2884380501105643,3.3606042523867714,3.3447133612286453
2012-01-23,3.386,1,0,0,3.333,3.378487436854565,3.3765532586635225,3.373582489896384,3.2959904709075802,3.3441815121803957,3.3547290925450857
2012-01-30,3.436,1,0,0,3.386,3.4214475753166043,3.3983148254355307,3.408079980210297,3.3253217338312506,3.4081730690049192,3.396182020550937
2012-02-06,3.466,1,0,0,3.436,3.463170061283742,3.4646175931329495,3.459530760853993,3.3679825402675516,3.46721467806662,3.4481501314534695
2012-02-13,3.523,1,0,0,3.466,3.5279800627280427,3.5190358852042483,3.524297977622453,3.404667409340702,3.5099304012797408,3.501118321352475
2012-02-20,3.641,1,0,0,3.523,3.6376232705337475,3.603076991633427,3.620354277600828,3.453936072105305,3.5693256331026864,3.5812273598986684
2012-02-27,3.717,1,0,0,3.641,3.7168308068875078,3.664905842729691,3.704986367656587,3.5208069212232216,3.6931769674860444,3.6688630158703726
2012-03-05,3.747,1,0,0,3.717,3.7471318001211116,3.728294671117674,3.741287232616418,3.601533454730909,3.740072172604168,3.717667399758641
2012-03-12,3.787,1,0,0,3.747,3.78123993392396,3.7706951059896223,3.7824031901895117,3.6648618359242944,3.7724347120341406,3.758752190895067
2012-03-19,3.843,1,0,0,3.787,3.833239267056205,3.821365958431592,3.8272531744470646,3.7113188473246717,3.823965363305894,3.8079969521829278
2012-03-26,3.874,1,0,0,3.843,3.880140470038468,3.8514179144346583,3.8774019327477673,3.7561251545433447,3.8821862043812487,3.8558598519733716
2012-04-02,3.877,1,0,0,3.874,3.870065532522195,3.8618555903242022,3.8591259900258996,3.794006971456919,3.910787750744711,3.8648466334044724
2012-04-09,3.867,1,0,0,3.877,3.8732752117883718,3.8444213581709814,3.8519232222777267,3.8073755093093182,3.8982405023532154,3.860432399831111
2012-04-16,3.805,1,0,0,3.867,3.805888489767698,3.7982117009510685,3.8162927822532873,3.800355570256264,3.873559268784674,3.823899851478199
2012-04-23,3.764,1,0,0,3.805,3.751901898337406,3.7603532505909842,3.7538054397076195,3.7720119137631833,3.7948261340972724,3.7680299345524984
2012-04-30,3.718,1,0,0,3.764,3.7223106564352713,3.711236205598175,3.7092730291808493,3.7304859426945356,3.7459692810038945,3.725477209371501
2012-05-07,3.658,1,0,0,3.718,3.6563383843575417,3.6613948001130225,3.6605775998863317,3.6940767861264767,3.7118070913453245,3.678653443071308
2012-05-14,3.622,1,0,0,3.658,3.6072844416565046,3.6142567640627226,3.623434259581374,3.625019516590516,3.630843758932809,3.6208140673863767
2012-05-21,3.575,1,0,0,3.622,3.5756075538715946,3.5786646217195606,3.577074779398701,3.586591808931595,3.603408110454264,3.5854321089545524
2012-05-28,3.518,1,0,0,3.575,3.5272645363001818,3.543287593573415,3.5358269289190134,3.547064571271911,3.55361908704697,3.5414972515292398
2012-06-04,3.489,1,0,0,3.518,3.498777965354652,3.5110200904616273,3.4964976878453244,3.499979909074448,3.509376038457201,3.5029800577406736
2012-06-11,3.473,1,0,0,3.489,3.4564552147569736,3.465493697350512,3.4697749847623616,3.439657035033596,3.445859962773393,3.455085231867937
2012-06-18,3.378,1,0,0,3.473,3.4039837961450696,3.4090569907504924,3.408223104107939,3.414981875363949,3.4459245002632253,3.418399884836608
2012-06-25,3.291,1,0,0,3.378,3.306447223846836,3.363438871703861,3.3228512551681773,3.3677584358219583,3.329615578516982,3.3340490545943604
2012-07-02,3.357,1,0,0,3.291,3.3375914623721066,3.3551114889654747,3.318908701705079,3.305390881730398,3.27482570139664,3.3143185896286846
2012-07-09,3.364,1,0,0,3.357,3.372589782598235,3.3591026854810924,3.365678043151968,3.2956416641842385,3.3610860893315473,3.3536588190582948
2012-07-16,3.435,1,0,0,3.364,3.4189535069273314,3.40921042927318,3.417577241795724,3.3145761632217505,3.358954257422517,3.3845597345649217
2012-07-23,3.45,1,0,0,3.435,3.4636519436469695,3.4430157776064636,3.4581205673059285,3.3599603438820793,3.4462824378443315,3.4381222128530258
2012-07-30,3.606,1,0,0,3.45,3.5650461100296873,3.5580783743624336,3.5627076913022173,3.39026660159293,3.4627858152880058,3.508289395935785
2012-08-06,3.662,1,0,0,3.606,3.6535595654022184,3.608718614915229,3.6455866116747506,3.471351136568095,3.6531480721936163,3.6157663474100143
2012-08-13,3.682,1,0,0,3.662,3.675091834844138,3.6620871458856104,3.679499704349624,3.53415494788159,3.6778206530267843,3.65198463244387
2012-08-20,3.722,1,0,0,3.682,3.7162604593688333,3.7066692372220844,3.710702261715535,3.5843448074409543,3.685009637986983,3.684040522564896
2012-08-27,3.797,1,0,0,3.722,3.77962161064614,3.744480351409884,3.7622571004277363,3.625146934926087,3.740469904205062,3.735520897600499
2012-09-03,3.799,1,0,0,3.797,3.8155271372233908,3.7826338968754643,3.811144641781075,3.6845274546549973,3.8096393131396185,3.787088428070681
2012-09-10,3.832,1,0,0,3.799,3.815248824296598,3.806214662728232,3.8096152391530316,3.703254737297984,3.809855485684711,3.79311512560615
2012-09-17,3.775,1,0,0,3.832,3.788817285253976,3.7627953867088832,3.8099695068650856,3.7184794341164835,3.8235588933978475,3.7873847878061264
2012-09-24,3.75,1,0,0,3.775,3.738924835903474,3.739753522842058,3.740402423630782,3.6981342304536864,3.7583089463593455,3.7378015747982376
2012-10-01,3.742,1,0,0,3.75,3.732008583390403,3.7034681277321275,3.711043975789845,3.6756438954489035,3.7127288609862736,3.7092434931305633
2012-10-08,3.713,1,0,0,3.742,3.6921416732993317,3.666349069928561,3.6858774263509835,3.661348369304897,3.7092489903424273,3.6866398926404265
2012-10-15,3.582,1,0,0,3.713,3.6070487026075404,3.6030438787197023,3.610867525124794,3.638351733010579,3.6809050453936685,3.631774462274757
2012-10-22,3.48,1,0,0,3.582,3.4930867491469106,3.520616684413988,3.520221334234991,3.572694932405858,3.543006099772568,3.5288604565142347
2012-10-29,3.406,1,0,0,3.48,3.417413207593557,3.4436136664481767,3.4173421603936833,3.472658804221257,3.429206139567742,3.4331651119953652
2012-11-05,3.372,1,0,0,3.406,3.3719580853268485,3.3768552266112715,3.3687058968259116,3.4072659698996026,3.3608797213190478,3.3747878771421465
2012-11-12,3.36,1,0,0,3.372,3.356334793794455,3.3682829567485584,3.3456028075043265,3.3470255656438646,3.3183180523572546,3.3442121679752335
2012-11-19,3.382,1,0,0,3.36,3.359601702719001,3.348414867686858,3.3423509923284787,3.326379995840752,3.350728961487569,3.3465723494423423
2012-11-26,3.337,1,0,0,3.382,3.339643833543675,3.336836400854936,3.3480971891859013,3.333896524711623,3.36933758725808,3.347924442061294
2012-12-03,3.297,1,0,0,3.337,3.301604413490853,3.3153526936010302,3.306301637060455,3.314519606638403,3.319568145620641,3.3113623040954616
2012-12-10,3.198,1,0,0,3.297,3.2306456363594807,3.2615101507619024,3.2509231447715594,3.290531108989242,3.2810161524159676,3.262315064746701
2012-12-17,3.205,1,0,0,3.198,3.1965353232642464,3.234768235088288,3.2037320274110264,3.2215918623682134,3.180075505137412,3.2032211622339375
2012-12-24,3.245,1,0,0,3.205,3.2421937149245057,3.2396950236570228,3.2177895522164097,3.2006032527800485,3.2087198999141324,3.221027197522707
2012-12-31,3.233,1,0,0,3.245,3.2435109988879387,3.2423066379091536,3.2482987347969154,3.215039031796145,3.267170436624503,3.2459433367784136
2013-01-07,3.236,1,0,0,3.233,3.2440234419280047,3.2767677831689057,3.26253782212622,3.2233096363954448,3.271906144704842,3.2565561615176915
2013-01-14,3.254,1,0,0,3.236,3.2548701593667704,3.272025270718443,3.251494176773926,3.2230771933414815,3.2663766091241033,3.2543917339791975
2013-01-21,3.296,1,0,0,3.254,3.311298273790656,3.286436690032633,3.294099201905068,3.2286421054420127,3.288072738064149,3.284546850817329
2013-01-28,3.471,1,0,0,3.296,3.4302028694148547,3.4017082563826584,3.431555524626479,3.2544963925202106,3.329137267306381,3.3713817204078467
2013-02-04,3.537,1,0,0,3.471,3.5383968189624397,3.5016434066400066,3.522683911289053,3.3525582553021023,3.5459767442672416,3.5015738204739173
2013-02-11,3.69,1,0,0,3.537,3.669570293240339,3.6360562600341155,3.650504527463748,3.4353469410707405,3.5955107499414347,3.603192335905637
2013-02-18,3.722,1,0,0,3.69,3.7262701863568832,3.689585294611825,3.711909076222522,3.5369506728403395,3.7604128832495993,3.6961472941178175
2013-02-25,3.698,1,0,0,3.722,3.695895990948885,3.71311880855706,3.7128834225620118,3.616663375069496,3.771447622195138,3.708891502652771
2013-03-04,3.644,1,0,0,3.698,3.6469189415686776,3.6630949353093496,3.6542612788300244,3.6285842927953196,3.7015373333145023,3.6621123699595692
2013-03-11,3.633,1,0,0,3.644,3.6365707930568667,3.6407579408434816,3.6245523141737777,3.617864013141279,3.641889411881292,3.6329143297197763
2013-03-18,3.616,1,0,0,3.633,3.6099780585181915,3.620938173585549,3.612594928939704,3.6061278171988684,3.6392240649825234,3.619124263105846
2013-03-25,3.572,1,0,0,3.616,3.56793086530081,3.5919389448362615,3.5791828104893555,3.5859980937209945,3.639653104934593,3.595480002002665
2013-04-01,3.539,1,0,0,3.572,3.5297408056359436,3.550429661010099,3.546493970127021,3.5525489636316636,3.5880449105650505,3.5552641249284522
2013-04-08,3.469,1,0,0,3.539,3.4915917040387776,3.523686553699764,3.50613814216096,3.531386167523153,3.5607023015715775,3.5238402437200604
2013-04-15,3.472,1,0,0,3.469,3.4619795399140596,3.4896505877936663,3.461847198331404,3.4658761136054297,3.4595779089740883,3.465841789971919
2013-04-22,3.455,1,0,0,3.472,3.4585206654338947,3.45939655276397,3.4488668066437027,3.425234603196871,3.4593254810205094,3.451351931053055
2013-04-29,3.478,1,0,0,3.455,3.4768235439633313,3.4641663531084523,3.477555420079664,3.4100232582175707,3.455685426778306,3.458784319445366
2013-05-06,3.543,1,0,0,3.478,3.5444368743627486,3.5076746428298367,3.5099453114856427,3.419452307518577,3.4938771686661565,3.4982229243530636
2013-05-13,3.636,1,0,0,3.543,3.623838274562525,3.556062202687909,3.5900741082344334,3.4532186895775947,3.573755047386376,3.566120270995798
2013-05-20,3.601,1,0,0,3.636,3.6156710056468526,3.583444031815125,3.6334626973961197,3.5016895141898425,3.6567062326849955,3.6071861911700918
2013-05-27,3.61,1,0,0,3.601,3.6037536840408704,3.6012723663318273,3.599632545920531,3.5297440594620535,3.6153930361693334,3.593517794929328
2013-06-03,3.619,1,0,0,3.61,3.6041537207114396,3.585642232529213,3.5957116952553014,3.531972563869016,3.600453317620671,3.5870093447157982
2013-06-10,3.577,1,0,0,3.619,3.568941213146144,3.5652376162336563,3.5698682601129117,3.5313112186195146,3.6092797945222355,3.573072151717562
2013-06-17,3.498,1,0,0,3.577,3.5280796103181733,3.538376784809155,3.5380756194932994,3.5241228448167323,3.559688524532247,3.539327265385528
2013-06-24,3.41,1,0,0,3.498,3.447036913303972,3.4857177470337994,3.451690637636346,3.48591009562344,3.4826545554584327,3.469142867552239
2013-07-01,3.413,1,0,0,3.41,3.4212501650419798,3.442517843386171,3.417195301331047,3.413120542471311,3.4027233860598334,3.4171800945297175
2013-07-08,3.57,1,0,0,3.413,3.5091382585374205,3.4869418673952084,3.4951507992412902,3.381591411388172,3.423204200768299,3.45970090486499
2013-07-15,3.612,1,0,0,3.57,3.6090567897096273,3.5539735684829754,3.6009563007218075,3.4469355327479865,3.5958515587282736,3.5697133330233406
2013-07-22,3.57,1,0,0,3.612,3.58282314303099,3.5766033373536548,3.581356369689463,3.523221765444433,3.6440008747903923,3.587971412925472
2013-07-29,3.566,1,0,0,3.57,3.5526157419004476,3.5675369789508484,3.5586639224080883,3.5311138633183394,3.5978438998754028,3.564375601221843
2013-08-05,3.493,1,0,0,3.566,3.5071446915429414,3.5268055454083758,3.529631092578403,3.527691309160044,3.5924435294793877,3.5404713680707407
2013-08-12,3.496,1,0,0,3.493,3.4920072507492077,3.5105115015677653,3.498809057636088,3.4874633758996145,3.492685318575855,3.495511667456432
2013-08-19,3.504,1,0,0,3.496,3.503803772101028,3.501580874833752,3.50337146511399,3.4630955084389656,3.5070776267240253,3.4976286357909316
2013-08-26,3.575,1,0,0,3.504,3.5607844310489902,3.5341020363030924,3.536256192525269,3.4610260869527836,3.5417969718780387,3.530522556486238
2013-09-02,3.54,1,0,0,3.575,3.5419873181595842,3.5378631166485435,3.5438021948076104,3.4896177080643622,3.612171682912674,3.551677309680811
2013-09-09,3.475,1,0,0,3.54,3.5061632281975768,3.520421633295198,3.5112690476638426,3.5019915854997627,3.559744779923232,3.522638900499825
2013-09-16,3.425,1,0,0,3.475,3.4337010008556446,3.4685806569820548,3.4352872438888817,3.4516428630111626,3.4633158841484692,3.4496290430848267
2013-09-23,3.354,1,0,0,3.425,3.3670798340491297,3.403764290145679,3.38471177140362,3.4051215301823285,3.409918129194752,3.393463948671978
2013-09-30,3.298,1,0,0,3.354,3.2986104499067217,3.349172341966033,3.3177156263701826,3.3436332965179454,3.310148152802386,3.3201901326147247
2013-10-07,3.296,1,0,0,3.298,3.291689409175226,3.312207481755993,3.27787356056967,3.2964295597322457,3.277628572541848,3.28867441395891
2013-10-14,3.31,1,0,0,3.296,3.308683162332063,3.2870289969416278,3.2941523676765394,3.269808362462123,3.2932279504598507,3.292124106366413
2013-10-21,3.235,1,0,0,3.31,3.2480546993585095,3.254137831715795,3.2615257149348236,3.2689107362068084,3.317278659185847,3.273364227644816
2013-10-28,3.209,1,0,0,3.235,3.2000253049169807,3.2387256672697378,3.2087773053785105,3.237686775879868,3.220928695451085,3.218962513348754
2013-11-04,3.133,1,0,0,3.209,3.1454034080076294,3.185083829597297,3.1605508503631365,3.208649164216826,3.184523477346755,3.174800898937663
2013-11-11,3.161,1,0,0,3.133,3.1446802877998263,3.1785092742004624,3.150475497529013,3.150874643957381,3.106326520836124,3.1416327989441593
2013-11-18,3.241,1,0,0,3.161,3.226514793932597,3.2086568366366786,3.206430093341472,3.145152280522058,3.151898131450759,3.1868586254847715
2013-11-25,3.209,1,0,0,3.241,3.212404632937058,3.219803436151608,3.2185415968469475,3.179282014953198,3.255245788620767,3.2206091457613395
2013-12-02,3.208,1,0,0,3.209,3.1986496425911937,3.2256471218352343,3.194591570946963,3.1882223438668573,3.221716625588004,3.205916613069488
2013-12-09,3.165,1,0,0,3.208,3.174232369466242,3.209013354859341,3.186852538004017,3.191676186563655,3.2106836195720705,3.1942390683191872
2013-12-16,3.198,1,0,0,3.165,3.191487121780513,3.2204995865788977,3.1985179034150057,3.174422294867251,3.15116797023599,3.183727335695009
2013-12-23,3.264,1,0,0,3.198,3.2375426951638695,3.2422372913449022,3.2266784846207464,3.1717376844095,3.2011771166718694,3.215607111010639
2013-12-30,3.261,1,0,0,3.264,3.2624833158317643,3.2648077870646173,3.277753719116905,3.2166383828599088,3.2799574655457535,3.263222539644487
2014-01-06,3.267,1,0,0,3.261,3.264015986290751,3.2866507000932077,3.2737145099949085,3.233961783972669,3.2754675110995284,3.2673970456642873
2014-01-13,3.24,1,0,0,3.267,3.2427627736228213,3.27183396237293,3.247524030026076,3.2280220760159892,3.2807565056246997,3.2554359478007457
2014-01-20,3.241,1,0,0,3.24,3.242988600419176,3.2673942230741955,3.245909467627797,3.220213413568952,3.2422203143324677,3.2431366563572257
2014-01-27,3.243,1,0,0,3.241,3.2541050823484063,3.263512204407365,3.2608124264863045,3.213438689936199,3.245585826558623,3.248018176533498
2014-02-03,3.257,1,0,0,3.243,3.274483326204732,3.2821322320826356,3.2658060009515233,3.2115922556026244,3.268092461848009,3.2617692651449666
2014-02-10,3.326,1,0,0,3.257,3.3130753833063524,3.304452332171206,3.312443818554601,3.2145863141645723,3.267440932675143,3.2837252224550295
2014-02-17,3.394,1,0,0,3.326,3.3805451912456768,3.3625834397505634,3.373621384896571,3.2599974192849746,3.372315439902424,3.354742775593632
2014-02-24,3.421,1,0,0,3.394,3.4315458206630436,3.4147316574453717,3.4404239516878894,3.3147040254535725,3.443417215406493,3.4151888619078745
2014-03-03,3.452,1,0,0,3.421,3.4753975030930366,3.459571717627903,3.472026741121076,3.3545795948107213,3.478199318588121,3.4535105685681207
2014-03-10,3.489,1,0,0,3.452,3.4893721871185384,3.4993513360243256,3.493769773742793,3.4082525994516297,3.4981456614388096,3.48081525442619
2014-03-17,3.487,1,0,0,3.489,3.4995858152754074,3.5293895984368713,3.5132678968187667,3.428105035492953,3.5324131009291206,3.5036935217897853
2014-03-24,3.521,1,0,0,3.487,3.518822838842672,3.5386658812414966,3.533491086697065,3.432817647583554,3.508855996521873,3.5081576448622895
2014-03-31,3.533,1,0,0,3.521,3.543063877664136,3.543877084517713,3.533953518020946,3.4533913265583696,3.5545461308078545,3.5296226444582635
2014-04-07,3.581,1,0,0,3.533,3.575304712760421,3.5717820407744534,3.5737123695716297,3.470388779982062,3.5627107858329228,3.554081333432495
2014-04-14,3.612,1,0,0,3.581,3.5973888414415875,3.5839808097814028,3.583350441454784,3.4980764096194537,3.60923452104378,3.5794127169041445
2014-04-21,3.635,1,0,0,3.612,3.619231149295181,3.6089172433764314,3.613622542939217,3.538845434946161,3.6330164795101756,3.6070988569231064
2014-04-28,3.606,1,0,0,3.635,3.6236585013053757,3.609783228580267,3.633416631289179,3.56788411204142,3.6591648732854507,3.62404505035973
2014-05-05,3.597,1,0,0,3.606,3.598558494928303,3.6034202238033104,3.5998050191436364,3.5623380457710274,3.6223080014064464,3.5998406362152586
2014-05-12,3.593,1,0,0,3.597,3.5907638497157475,3.5877245798778428,3.588476030382659,3.5404626574219087,3.59130427604462,3.581794957698245
2014-05-19,3.607,1,0,0,3.593,3.607471144701498,3.590837114989732,3.5976910291157664,3.5349901829306147,3.5954387226750892,3.588067984092755
2014-05-26,3.624,1,0,0,3.607,3.6160096701499547,3.6004246645137217,3.59831957827891,3.5431744157709826,3.597185426040668,3.5932083101437873
2014-06-02,3.61,1,0,0,3.624,3.608730416259852,3.6045744472608416,3.6052938968036057,3.559500173161263,3.632083119711237,3.605513271877946
2014-06-09,3.621,1,0,0,3.61,3.614069612847041,3.602605457555053,3.610564269292931,3.5504747511569468,3.603010352084233,3.598448523864735
2014-06-16,3.639,1,0,0,3.621,3.6048553395926786,3.601507987310918,3.607221354555647,3.558820266214844,3.61429761544108,3.599876335908422
2014-06-23,3.635,1,0,0,3.639,3.6359392230780094,3.6116927165968575,3.632956781093865,3.578365620694658,3.643138056688956,3.6244040186877373
2014-06-30,3.605,1,0,0,3.635,3.6208216184715094,3.614685006944095,3.6153458435142025,3.5860005389623235,3.630591699527004,3.61567062287999
2014-07-07,3.56,1,0,0,3.605,3.575554697225773,3.5918855585149907,3.5713815050987723,3.572333526095859,3.628797954749134,3.590385245047728
2014-07-14,3.523,1,0,0,3.56,3.5153021721664706,3.548943271590127,3.5240645554979944,3.537113668420721,3.5632617116230767,3.5380453243791647
2014-07-21,3.468,1,0,0,3.523,3.490996496886701,3.511861689183657,3.496284651760898,3.49990096580543,3.5203301054914604,3.5042098984668075
2014-07-28,3.449,1,0,0,3.468,3.458671320898247,3.478403856063003,3.4552797133928794,3.4584851675819235,3.4541333430549637,3.4594904253029326
2014-08-04,3.447,1,0,0,3.449,3.4394007452605146,3.4638783852145676,3.4553082982412766,3.4256071214006454,3.456729442715086,3.4485691538292738
2014-08-11,3.408,1,0,0,3.447,3.4156776156945816,3.426938785010649,3.4030282680999244,3.395994619710888,3.444409286984731,3.418859168035241
2014-08-18,3.397,1,0,0,3.408,3.4052852786113306,3.41256989116967,3.3915109604340863,3.378248666722889,3.400475035744446,3.3976725812160904
2014-08-25,3.41,1,0,0,3.397,3.385699973338682,3.3927731437798485,3.384944336177097,3.3516328026406663,3.388100059315059,3.381612797900254
2014-09-01,3.406,1,0,0,3.41,3.402920650957102,3.3880325883566402,3.4050406065900005,3.360145563132997,3.406504334639328,3.3952622611611227
2014-09-08,3.352,1,0,0,3.406,3.3681922040402124,3.37949158173349,3.3704432921615894,3.3624721207976034,3.4025315849170914,3.3783383135570535
2014-09-15,3.296,1,0,0,3.352,3.2990724373861577,3.3353117679113864,3.309382781963953,3.3142700873261925,3.3204441458440916,3.3144654956723896
2014-09-22,3.304,1,0,0,3.296,3.2872784518854288,3.304565138028841,3.281787761471059,3.2759136083849203,3.2731182095110825,3.282957740396964
2014-09-29,3.246,1,0,0,3.304,3.254042592060549,3.2754565247983174,3.2608022100261764,3.2651571412701603,3.284187810412994,3.2682232486755134
2014-10-06,3.147,1,0,0,3.246,3.158193257347661,3.2177117006119333,3.1706890461822748,3.2480979845623748,3.233982393396096,3.2037610296462176
2014-10-13,3.07,1,0,0,3.147,3.0912315814750446,3.143981106906327,3.094033634739082,3.1588675852252717,3.1071632020254283,3.114434726256743
2014-10-20,3.016,1,0,0,3.07,3.0200244132253737,3.055892094404185,3.0249685439015446,3.0786245040728653,3.0158342909402127,3.034571107163135
2014-10-27,2.956,1,0,0,3.016,2.9587625735565237,2.9940689921002734,2.9692965337160953,3.0166001333993187,2.948471751377886,2.972712673454937
2014-11-03,2.907,1,0,0,2.956,2.901431313103925,2.9440076983791226,2.9257416754477155,2.9615184802181633,2.8967699378386644,2.9212175840926875
2014-11-10,2.856,1,0,0,2.907,2.867434373412962,2.8917951546193774,2.874187156708744,2.9106382186975943,2.859051163759628,2.8771489103301073
2014-11-17,2.781,1,0,0,2.856,2.7721746328473023,2.82112086072415,2.766927336852319,2.8664328500607965,2.8178598829454096,2.8052437162337327
2014-11-24,2.738,1,0,0,2.781,2.7220745829845936,2.7613529158604035,2.72943173279364,2.806300698277853,2.743939293767946,2.7486257831833325
2014-12-01,2.634,1,0,0,2.738,2.6476683677258706,2.6787368031332837,2.64689807778976,2.763535755494254,2.7136887297207415,2.6880436467048727
2014-12-08,2.499,1,0,0,2.634,2.5076370553660308,2.564707257102591,2.5188574045662206,2.6811166669428554,2.5994526200189507,2.570396165777069
2014-12-15,2.341,1,0,0,2.499,2.350926519073546,2.3869647952622883,2.3526645252100384,2.57240534191792,2.4491681992678616,2.418186203462132
2014-12-22,2.229,1,0,0,2.341,2.220157268128104,2.2682452144336436,2.2334554419593804,2.4464172153527985,2.2983843850996037,2.2871337162875593
2014-12-29,2.136,1,0,0,2.229,2.1410542685832255,2.1681845216643825,2.1390051620026598,2.337397224473158,2.1890440197308427,2.1889754849185867
2015-01-05,2.066,1,0,0,2.136,2.068077484738754,2.0966579007088058,2.07085185619488,2.2371070590611994,2.1140807499399124,2.1122750577619134
2015-01-12,1.999,1,0,0,2.066,2.018123152551193,2.032660460943549,2.0137541627648403,2.1561924785467745,2.042245760452494,2.0480283452669705
2015-01-19,1.982,1,0,0,1.999,1.9779810469754677,2.004450604638076,1.981821071272454,2.0823245510948287,1.9994100403548893,2.005135727832899
2015-01-26,2.013,1,0,0,1.982,2.014858786918249,2.0331419718506294,2.0053327710187494,2.05658674848486,2.0046196859127687,2.019480161609992
2015-02-02,2.133,1,0,0,2.013,2.11951285003335,2.087540279840783,2.1080518089387827,2.0471653469599453,2.058876818094164,2.0848692117834275
2015-02-09,2.206,1,0,0,2.133,2.2087970071967993,2.167587267923983,2.2050454192620803,2.1241557211790654,2.1964671190856366,2.1851852891972263
2015-02-16,2.256,1,0,0,2.206,2.2704962507319673,2.222121469035491,2.2639136219278564,2.1886390276204275,2.2764373576913304,2.2505119001038754
2015-02-23,2.36,1,0,0,2.256,2.3497986768702015,2.3159854921629206,2.3376346549907616,2.248301892330112,2.331374841495967,2.3210680472737546
2015-03-02,2.367,1,0,0,2.36,2.3746991702593707,2.3453845436381098,2.3734385948483365,2.3186394271843773,2.3943855272111745,2.366344836245852
2015-03-09,2.339,1,0,0,2.367,2.347630300997094,2.349539586874455,2.358053176295334,2.386537001873652,2.402171562386025,2.3707847059263396
2015-03-16,2.347,1,0,0,2.339,2.350304559142393,2.3667971214146846,2.350082848189502,2.390354713609396,2.3612226196027093,2.3619570099729224
2015-03-23,2.348,1,0,0,2.347,2.331917169446198,2.3389106198559664,2.3352246092942157,2.3748349266581754,2.3652696432111013,2.349346969828446
2015-03-30,2.315,1,0,0,2.348,2.329404670422731,2.3282872624812105,2.335946726729256,2.383356138975271,2.3612889393355827,2.347804857565537
2015-04-06,2.317,1,0,0,2.315,2.328119405894538,2.3403105286867922,2.332996755283745,2.369907076620367,2.3432992158379484,2.3416685007478195
2015-04-13,2.393,1,0,0,2.317,2.3747942569613487,2.379951241055278,2.386120229326625,2.3688678187082313,2.33471156488111,2.366486580809908
2015-04-20,2.451,1,0,0,2.393,2.4401650422266266,2.4210206352694583,2.447909496142035,2.3904502404596846,2.4335667034539274,2.4293225758129307
2015-04-27,2.517,1,0,0,2.451,2.527272071347631,2.5016456147484223,2.518502111546801,2.4455631632686576,2.48924317077881,2.4985044079841945
2015-05-04,2.547,1,0,0,2.517,2.5498072982262867,2.5521045186765337,2.547077832544368,2.504508197772618,2.5456254871768564,2.5410687013136775
2015-05-11,2.604,1,0,0,2.547,2.592663282416004,2.591205328194045,2.5875742359729603,2.5463968803634107,2.588104422664783,2.5826317841379227
2015-05-18,2.642,1,0,0,2.604,2.6382688142580455,2.62962683559981,2.6218070636144737,2.5815950140725445,2.636937975115194,2.623926320070945
2015-05-25,2.656,1,0,0,2.642,2.6632896866351325,2.664291852026039,2.676186436826556,2.6238639355214346,2.6613658082713902,2.6592894452339593
2015-06-01,2.668,1,0,0,2.656,2.670400459919252,2.6770250585644466,2.6724047216664943,2.648749911620089,2.6656831502701874,2.667001111796696
2015-06-08,2.744,1,0,0,2.668,2.721699939682551,2.7059186324534763,2.71187268585495,2.663189012784555,2.677267060826548,2.696184600705476
2015-06-15,2.72,1,0,0,2.744,2.738949196205063,2.7079888964276972,2.7271872784958715,2.6952664588652513,2.7662322444923104,2.732105082954391
2015-06-22,2.713,1,0,0,2.72,2.7133242949256324,2.714719055690036,2.7106013435273426,2.7172262354706254,2.7197941889453245,2.7152645383984133
2015-06-29,2.702,1,0,0,2.713,2.711899229175366,2.7107881557781557,2.710869464071552,2.710764989961097,2.6951908232090105,2.7069548569464854
2015-07-06,2.694,1,0,0,2.702,2.686120524742339,2.705533489642868,2.690979160457457,2.7055560496580933,2.6948921398434185,2.695359994168294
2015-07-13,2.661,1,0,0,2.694,2.6532317644290537,2.663465087190802,2.6539332048229816,2.6842083143308693,2.663715309392743,2.6626130418811753
2015-07-20,2.605,1,0,0,2.661,2.6135925548313055,2.6160530023512067,2.6352529397393023,2.669466432849508,2.6481266838638082,2.636765338700965
2015-07-27,2.555,1,0,0,2.605,2.573715077196333,2.5829748294819903,2.581800899140798,2.6367437869917065,2.5845961705997067,2.589876052665475
2015-08-03,2.505,1,0,0,2.555,2.519904086030647,2.521445328453282,2.511281532741486,2.58563723356983,2.538173568324347,2.5337535301902796
2015-08-10,2.608,1,0,0,2.505,2.5554627121270452,2.5377681460326458,2.539958768286092,2.5273943996522474,2.469921858117215,2.5226307031081734
2015-08-17,2.534,1,0,0,2.608,2.5472891386647403,2.5062363011317474,2.5594588011078963,2.5492212484504426,2.590068476394,2.5556822503098466
2015-08-24,2.406,1,0,0,2.534,2.433283956530717,2.451484348386288,2.4405791463405504,2.5302671329219026,2.496722328847296,2.469840582040948
2015-08-31,2.337,1,0,0,2.406,2.3398339330493783,2.3646297470589315,2.3439556018497227,2.450519989725923,2.3546681281838047,2.3661176718096217
2015-09-07,2.28,1,0,0,2.337,2.2824894000093474,2.3005578974031113,2.2942323199907477,2.410595172131105,2.3062206821601055,2.3146422518069394
2015-09-14,2.237,1,0,0,2.28,2.2316594973754587,2.2529197935804026,2.221202702555424,2.3244426853949833,2.206919023656623,2.241008313539253
2015-09-21,2.246,1,0,0,2.237,2.2445103064330434,2.2192253301085034,2.2413260780424547,2.2646671829936142,2.19827916876167,2.2314309337462523
2015-09-28,2.252,1,0,0,2.246,2.250711570954954,2.2281448836352427,2.242111799869095,2.2594783158873843,2.238635252504001,2.2439472634635163
2015-10-05,2.283,1,0,0,2.252,2.2612207373134767,2.232809743718482,2.2400520523596033,2.248724153050669,2.239377585036145,2.24490024473251
2015-10-12,2.22,1,0,0,2.283,2.2503213896434695,2.215698655987236,2.270529543304625,2.2658871339295383,2.2767512901058478,2.259284625013904
2015-10-19,2.166,1,0,0,2.22,2.179260620879157,2.1946685887770654,2.2031476942004624,2.2443380933531514,2.201481823028823,2.203001957444745
2015-10-26,2.17,1,0,0,2.166,2.160982579471842,2.166382458582745,2.1582146350005194,2.2015254845804364,2.136884860258809,2.161425769276098
2015-11-02,2.172,1,0,0,2.17,2.1668667881661112,2.1488699491558223,2.165551082968233,2.188147966087296,2.134590818823465,2.159056685987348
2015-11-09,2.11,1,0,0,2.172,2.1209840588271764,2.1330001648452392,2.147374483005049,2.190535144857789,2.162064152553283,2.1504629866431246
2015-11-16,2.015,1,0,0,2.11,2.0487444467136053,2.0685693782737626,2.0527148536691353,2.1635536044832393,2.118307992553392,2.0893204566664307
2015-11-23,1.974,1,0,0,2.015,1.9746681751936423,2.0278409417235808,1.982495432117666,2.095812652159285,1.9920889654979939,2.0081179238341673
2015-11-30,1.969,1,0,0,1.974,1.9578525744638107,2.000179870792685,1.9452846905532744,2.0585353641082964,1.9623956956870074,1.9786697944189728
2015-12-07,1.953,1,0,0,1.969,1.9566114050573233,1.996405459551469,1.9490502792471638,2.0370432809969716,1.9590656654556966,1.9743081719345938
2015-12-14,1.929,1,0,0,1.953,1.9475239538349505,1.947054187419714,1.9536149926183652,2.00094558402483,1.942346687708031,1.9561128476276297
2015-12-21,1.933,1,0,0,1.929,1.9208954301570296,1.9299943676859077,1.9089875616817888,1.990494551318929,1.933175544087664,1.9341562449687113
2015-12-28,1.922,1,0,0,1.933,1.911281441618494,1.9153658418981843,1.906749893283462,1.9783299547414641,1.9344292083769197,1.9278642106289603
2016-01-04,1.888,1,0,0,1.922,1.8866849623600612,1.8903539479253197,1.8971972265121988,1.9740552051908196,1.9291346199560422,1.9148258998115995
2016-01-11,1.81,1,0,0,1.888,1.819847560602923,1.8431126103357727,1.8497435668235673,1.9644120865380532,1.8714076758764029,1.8666246978408532
2016-01-18,1.752,1,0,0,1.81,1.7654151152033155,1.7872653885943608,1.7622993859856797,1.9024317689354913,1.7929162925502589,1.7973323409409945
2016-01-25,1.729,1,0,0,1.752,1.7265299332854107,1.7427227210482794,1.7263772762455034,1.844981210244661,1.7299684316269188,1.7489591872090189
2016-02-01,1.663,1,0,0,1.729,1.668379038797273,1.6860126395726058,1.6876596815102372,1.8116800041434693,1.7241683335691493,1.712977989735944
2016-02-08,1.638,1,0,0,1.663,1.6404577467453472,1.6779627905828183,1.647716693471114,1.7754047977158032,1.679522136063702,1.6795074399886225
2016-02-15,1.661,1,0,0,1.638,1.6610160738416433,1.678961713349867,1.6606078361219094,1.7285128725281207,1.6735820387246974,1.6777333754421786
2016-02-22,1.715,1,0,0,1.661,1.706517607373651,1.711171371807147,1.6948589272722596,1.7325866712923572,1.7029680597110393,1.707969271489913
2016-02-29,1.782,1,0,0,1.715,1.7822556943364876,1.7781317268009733,1.768763589668655,1.747686953044131,1.7583442842158417,1.7668663671887286
2016-03-07,1.888,1,0,0,1.782,1.8745243971746819,1.8582107300733197,1.854310344375905,1.7946130453819369,1.8135285473065998,1.83886526863503
2016-03-14,1.935,1,0,0,1.888,1.9407731616997606,1.9233039994407746,1.9288990747757064,1.9022354740922554,1.9588050823090253,1.9342113469668232
2016-03-21,1.976,1,0,0,1.935,1.982875163220484,1.9720398664796528,1.9798132193885327,1.960621133209754,1.9907819532041455,1.9791427096731862
2016-03-28,1.994,1,0,0,1.976,1.9972409696448006,1.9889421376639238,1.9985896845064528,2.009511309023112,2.0326738409404688,2.00765594799557
2016-04-04,1.981,1,0,0,1.994,1.9871737043418858,1.9987351948518537,1.9949265347165805,2.0387701642521,2.0200353671113587,2.007488643192231
2016-04-11,2.053,1,0,0,1.981,2.0356277618926044,2.0456627581178966,2.0256924010538824,2.0341695049871706,1.9968425575676805,2.0244851365276686
2016-04-18,2.08,1,0,0,2.053,2.0798619201115414,2.077008986302467,2.0859233808588207,2.080153380369327,2.102682017923536,2.0868007736640104
2016-04-25,2.168,1,0,0,2.08,2.1479169541694603,2.1323992292461926,2.127391161140476,2.098300189164358,2.109133711066897,2.12305976383266
2016-05-02,2.143,1,0,0,2.168,2.1534555382123703,2.143147710935927,2.1624265392030866,2.15741998889741,2.2237401435355038,2.1730199174762754
2016-05-09,2.17,1,0,0,2.143,2.1675886532680195,2.1866079255767987,2.178967502813132,2.1816950973608242,2.168241004608006,2.175182960723146
2016-05-16,2.235,1,0,0,2.17,2.204660764494584,2.201327775424099,2.196960931091509,2.1843931679062956,2.175145914224007,2.19149151956349
2016-05-23,2.281,1,0,0,2.235,2.2771055580985564,2.258213246932317,2.2679874363360524,2.2379018588468025,2.2519878812537497,2.2595149837366186
2016-05-30,2.328,1,0,0,2.281,2.3150474458123966,2.308719751201216,2.308149837291238,2.2782991768084644,2.2761466999751185,2.2964860557592632
2016-06-06,2.343,1,0,0,2.328,2.345878859735109,2.3178215549902754,2.3406705598868345,2.3158016628758595,2.3534863591179493,2.337912332390217
2016-06-13,2.29,1,0,0,2.343,2.3065526612986966,2.305678996931023,2.3242181195717184,2.3367956504724408,2.345433019263719,2.325361632576627
2016-06-20,2.25,1,0,0,2.29,2.250095227725479,2.2692086526231106,2.263524078447928,2.321404846602829,2.275205252852568,2.2738725462573273
2016-06-27,2.205,1,0,0,2.25,2.217833984789401,2.2385210498263968,2.2296912397900233,2.303200880573125,2.217742278909755,2.2371733524724937
2016-07-04,2.171,1,0,0,2.205,2.18017064556766,2.196326201985986,2.180831628670731,2.256894720747168,2.182549179498014,2.195698206867916
2016-07-11,2.148,1,0,0,2.171,2.1534433714328656,2.1710767253749688,2.1483112951791727,2.229783073992221,2.177234190678502,2.1734808145392344
2016-07-18,2.105,1,0,0,2.148,2.11267378865854,2.1330477618679318,2.1246448709057826,2.1887289844665827,2.145835521661303,2.1391976648397657
2016-07-25,2.091,1,0,0,2.105,2.088418907143231,2.1191156964240103,2.0917299877331663,2.1602157836697202,2.115318522652422,2.1121884073354273
2016-08-01,2.087,1,0,0,2.091,2.0932971395890325,2.1075456476285903,2.0943473966396504,2.133182493976013,2.100421672904166,2.1038872885463062
2016-08-08,2.096,1,0,0,2.087,2.1006739087223196,2.0978293701973967,2.102329033546264,2.1176920213654427,2.097010527769891,2.1024418242461067
2016-08-15,2.136,1,0,0,2.096,2.1348934840063136,2.1161589680363617,2.117384702093345,2.1236566765860028,2.1182540756090322,2.1222913959153953
2016-08-22,2.187,1,0,0,2.136,2.1709234033394034,2.155200748469217,2.160916878782289,2.145239719891622,2.1581562522299795,2.1590263068893845
2016-08-29,2.17,1,0,0,2.187,2.1857481150942686,2.182167772230764,2.187227850415602,2.1859398655522155,2.202674476729137,2.1900344134651144
2016-09-05,2.138,1,0,0,2.17,2.1450726640106237,2.1751536549426236,2.1519687856129006,2.1947442121714125,2.1766090537861222,2.1671426907530646
2016-09-12,2.17,1,0,0,2.138,2.15498691879856,2.1626375475429427,2.1443271102848773,2.1664323478388257,2.1234079036387956,2.1473437857317514
2016-09-19,2.166,1,0,0,2.17,2.163632911698509,2.1599409130786253,2.154369601618144,2.1828164896303783,2.155699480255467,2.1621586733922173
2016-09-26,2.184,1,0,0,2.166,2.1750701701310535,2.178632341564676,2.15777845568283,2.187278765428661,2.159369616279786,2.1697098906314554
2016-10-03,2.216,1,0,0,2.184,2.198008032152949,2.1872937011116313,2.1964645629509216,2.1938924240273354,2.1707123158637995,2.1883423799063815
2016-10-10,2.198,1,0,0,2.216,2.204484629193116,2.1985427329948823,2.2057625218844894,2.2203898879572583,2.2272153073752237,2.21247627710693
2016-10-17,2.175,1,0,0,2.198,2.184185715369512,2.1994896561913695,2.193612539165027,2.2244099632546925,2.1847885269686755,2.1950765737753284
2016-10-24,2.159,1,0,0,2.175,2.162346696413946,2.1860349489750748,2.178348845236126,2.217441237197981,2.159736076891648,2.177412420178009
2016-10-31,2.157,1,0,0,2.159,2.1657711705516896,2.1711682810939497,2.1626489708723775,2.2064985410710602,2.1625233238620947,2.1716350343110378
2016-11-07,2.105,1,0,0,2.157,2.126554553608409,2.142330084782913,2.131861816649697,2.1911392959163307,2.1358097929027435,2.1428580585245856
2016-11-14,2.078,1,0,0,2.105,2.0810377852668767,2.1163405451668957,2.086022419597642,2.1572599968259962,2.0795080209512746,2.0990807640039133
2016-11-21,2.079,1,0,0,2.078,2.07306792885721,2.1013572260994553,2.0770876308147543,2.1218485758128725,2.047102655937586,2.079041915933387
2016-11-28,2.137,1,0,0,2.079,2.1222171958838962,2.132559781895027,2.1098028772931117,2.1239117529219746,2.075213052417647,2.108940948451263
2016-12-05,2.174,1,0,0,2.137,2.1589947222583863,2.1639955894528744,2.156177783205019,2.1427749472460476,2.1316264528909548,2.1492714926340812
2016-12-12,2.203,1,0,0,2.174,2.211254107153251,2.2031557827241888,2.212520345276816,2.187757634499124,2.1834578868260124,2.199275263662936
2016-12-19,2.254,1,0,0,2.203,2.246093774634866,2.2407559694567643,2.2440834998686707,2.213708440243988,2.2194266202932966,2.2326443930989712
2016-12-26,2.319,1,0,0,2.254,2.308469937194228,2.286690425771562,2.2883717773781735,2.2507994203713984,2.263536115388381,2.279901421267293
2017-01-02,2.328,1,0,0,2.319,2.337066565193127,2.3110565078302248,2.337578372978785,2.3016553947443796,2.3252108711909414,2.3246495169533965
2017-01-09,2.298,1,0,0,2.328,2.318133644653238,2.309936909692512,2.3218363298110085,2.333319486946923,2.3169150716364952,2.319934487162734
2017-01-16,2.258,1,0,0,2.298,2.259730891585314,2.2781656750792885,2.271264749346222,2.3229564608869615,2.2884678963129783,2.2826388478867243
2017-01-23,2.224,1,0,0,2.258,2.220141125041985,2.260701627487656,2.2401337128674386,2.3096494236258795,2.2435577622941003,2.250865886505057
2017-01-30,2.221,1,0,0,2.224,2.21610422347848,2.244658598317029,2.2263407718102863,2.2780356778561375,2.207638778097863,2.2301871281653405
2017-02-06,2.228,1,0,0,2.221,2.227445907564305,2.227452096055086,2.2211605618248047,2.2547409007623633,2.2352942340226645,2.2325927981162135
2017-02-13,2.224,1,0,0,2.228,2.233740249252971,2.2309149306387903,2.2307701427331734,2.2509979677544822,2.2576503383358038,2.2417824436792966
2017-02-20,2.233,1,0,0,2.224,2.2293044816652263,2.2423209316227903,2.2384292446512895,2.2531001268275745,2.2440151282110445,2.240833480619769
2017-02-27,2.264,1,0,0,2.233,2.263401664588767,2.2443127113022383,2.2615403544172765,2.253088399529826,2.272033597765614,2.2609034997751447
2017-03-06,2.242,1,0,0,2.264,2.252249369873986,2.2480139000730714,2.2555102374351397,2.269270278405034,2.2926779915143993,2.265731145693385
2017-03-13,2.238,1,0,0,2.242,2.2398436676002347,2.2658321603887264,2.2596886065902777,2.28572812133872,2.2751484681761824,2.264504612459041
2017-03-20,2.228,1,0,0,2.238,2.237728458854306,2.2531937261273525,2.2477903673476223,2.2718404587438292,2.2541860118648174,2.2519414030005143
2017-03-27,2.281,1,0,0,2.228,2.2787875037525605,2.2784484869098334,2.261062998734285,2.2694304816685893,2.2615903089833416,2.2688821447253025
2017-04-03,2.351,1,0,0,2.281,2.342373549759898,2.3161988685668455,2.3166994351982235,2.287169948366545,2.3159185760405583,2.3172319728583117
2017-04-10,2.356,1,0,0,2.351,2.371850317088506,2.3394520306222457,2.3643630761778236,2.335030755987093,2.3877304503591654,2.363853923771213
2017-04-17,2.372,1,0,0,2.356,2.3687387004646783,2.3704543317606084,2.3794323685270973,2.3678489757070307,2.3934782604650064,2.3776297247938754
2017-04-24,2.331,1,0,0,2.372,2.346889179281235,2.3494167613984893,2.367207417662759,2.3823006403417795,2.3960264920255248,2.370279463696435
2017-05-01,2.288,1,0,0,2.331,2.2947978457185574,2.325923278397878,2.313663504109236,2.3619258418245233,2.3304252015181905,2.323512401290077
2017-05-08,2.283,1,0,0,2.288,2.2795217005927535,2.28752034373018,2.276045319393906,2.3261810822540263,2.2679186051245352,2.2844493580272913
2017-05-15,2.306,1,0,0,2.283,2.2951749651288713,2.2847084653432006,2.2868772719291925,2.308284710848091,2.2712935894956074,2.287786688040548
2017-05-22,2.308,1,0,0,2.306,2.311286573225239,2.294287748517838,2.3030689690145043,2.318189801480544,2.3143379670327753,2.3090502094538072
2017-05-29,2.325,1,0,0,2.308,2.3142469448912184,2.3042137911060165,2.3048181399769856,2.3298804414084273,2.3318070551904277,2.31795359092972
2017-06-05,2.276,1,0,0,2.325,2.3111845263971396,2.302893375141972,2.3244188160151156,2.337219286893418,2.332220081574879,2.322630983691268
2017-06-12,2.224,1,0,0,2.276,2.2346433538853256,2.2537590086086907,2.236550296215409,2.310466581540347,2.265784171954549,2.258251153393066
2017-06-19,2.201,1,0,0,2.224,2.2106964735068217,2.219495973265081,2.2117260067233713,2.2745358990641,2.206554746014742,2.221462765149984
2017-06-26,2.163,1,0,0,2.201,2.1805582524742677,2.1968317926787817,2.192464232292551,2.2431118929810943,2.1824562187319927,2.1960955642935227
2017-07-03,2.21,1,0,0,2.163,2.190387995662294,2.1942545317533138,2.1697211524708995,2.2120396578017156,2.167120470615357,2.1838954179454815
2017-07-10,2.188,1,0,0,2.21,2.2007084107261896,2.201018002760449,2.2195383243159763,2.2279802354606923,2.251975468148441,2.222699225503094
2017-07-17,2.224,1,0,0,2.188,2.2170434741267813,2.2216249668802797,2.213446160850778,2.219954691257216,2.2079721049825407,2.2150058929249354
2017-07-24,2.269,1,0,0,2.224,2.2744582842565757,2.2531499131854478,2.260865516350133,2.239964196370587,2.2553997985410583,2.2579185849890626
2017-07-31,2.29,1,0,0,2.269,2.282005002681466,2.2802692284684567,2.278382192019534,2.2657878179023303,2.2960165684538776,2.2820132530230746
2017-08-07,2.301,1,0,0,2.29,2.310985264777792,2.316882306173236,2.314763848220719,2.3065812780170956,2.3321687955501704,2.317466695083114
2017-08-14,2.273,1,0,0,2.301,2.29222675426038,2.310831581288373,2.2954910773363193,2.3141854779012565,2.327528218847401,2.308376468896861
2017-08-21,2.322,1,0,0,2.273,2.324948908904059,2.3242831454651047,2.2913823501804114,2.304130892221642,2.2893700141220323,2.304892925250471
2017-08-28,2.604,1,0,0,2.322,2.5040101382678532,2.4515908850006336,2.5306157450390154,2.3201850510406388,2.3452170590976147,2.430818305839942
2017-09-04,2.61,1,0,0,2.604,2.614637623987547,2.5284765169591314,2.591516240849439,2.4551764157083973,2.628017884530962,2.5750929886238216
2017-09-11,2.559,1,0,0,2.61,2.5448741449932726,2.5494189751837557,2.5649465004039023,2.5331962345413945,2.5711570828389103,2.554834414144552
2017-09-18,2.508,1,0,0,2.559,2.519452000774,2.513879754408041,2.5200636940366707,2.539501441660426,2.5323659126374936,2.5254523169531415
2017-09-25,2.493,1,0,0,2.508,2.49262224874759,2.490231098907724,2.500454951585407,2.5269600423122873,2.4487720561138273,2.48806864938122
2017-10-02,2.426,1,0,0,2.493,2.4342654618423585,2.4531306066563836,2.454528726207562,2.5095116588693873,2.4171505683989145,2.4490509473709987
2017-10-09,2.413,1,0,0,2.426,2.4063775839446624,2.4209934807525983,2.414062617422181,2.4500693479838125,2.3776787957825816,2.409676785889558
2017-10-16,2.406,1,0,0,2.413,2.418121414401123,2.405482793958833,2.4137803559757463,2.425036953691026,2.3844323074951546,2.407701413526852
2017-10-23,2.41,1,0,0,2.406,2.418096973508675,2.4233470196433564,2.4124080325701485,2.4170561814681997,2.406543948873956,2.414407715860601
2017-10-30,2.468,1,0,0,2.41,2.4505220286528333,2.4544001448285764,2.42803969141081,2.419334611055825,2.4111926006046094,2.4308240844292426
2017-11-06,2.504,1,0,0,2.468,2.4887657418031037,2.4780974660443347,2.486777484997179,2.4521643021432697,2.466939824224598,2.4751555436330874
2017-11-13,2.48,1,0,0,2.504,2.484500289327754,2.489712494870925,2.505956960259778,2.4884459219504915,2.500226387183104,2.4946285147251954
2017-11-20,2.444,1,0,0,2.48,2.449791830847307,2.468026264307455,2.45917635600976,2.4905606516512413,2.473973607609559,2.4673569106860054
2017-11-27,2.41,1,0,0,2.444,2.4189920679423653,2.4379471494373925,2.4035078549750484,2.4723053959834265,2.4416087876661545,2.432924280113883
2017-12-04,2.401,1,0,0,2.41,2.3993944828451763,2.4289772240096,2.4170159806373497,2.454925751524972,2.4044875217124626,2.4177286980200177
2017-12-11,2.358,1,0,0,2.401,2.380821065649622,2.4129198575128266,2.3918483347467108,2.425683851290502,2.3972877366087455,2.399331187621382
2017-12-18,2.384,1,0,0,2.358,2.382120251889703,2.4170605576422908,2.370781815807342,2.4046602313578043,2.3609117122804175,2.38268914876763
2017-12-25,2.436,1,0,0,2.384,2.4283385867308107,2.430665585099455,2.419583692881065,2.3952226636315146,2.3915706912047034,2.411742623798487
2018-01-01,2.429,1,0,0,2.436,2.4365113500515547,2.451989149726979,2.4404306066320784,2.426862241773325,2.459180152992377,2.443904129538626
2018-01-08,2.473,1,0,0,2.429,2.4532079347407723,2.4738121165474136,2.440530549655733,2.4421435546613663,2.430205269935449,2.4455325581577436
2018-01-15,2.482,1,0,0,2.473,2.483391484589634,2.4729443686566395,2.4872495415306215,2.465033845345019,2.4998805197023253,2.48409168755512
2018-01-22,2.516,1,0,0,2.482,2.507228204996652,2.5019431950719553,2.498317639222118,2.487953635498278,2.503755564731031,2.500514308199698
2018-01-29,2.544,1,0,0,2.516,2.5369225363336168,2.5159208981749592,2.5398068652967267,2.5123741450443347,2.543618128147618,2.532354219050907
2018-02-05,2.511,1,0,0,2.544,2.5274192138900644,2.5289665497148883,2.5377048856004496,2.54165797549001,2.5999554717261684,2.551195549002137
2018-02-12,2.455,1,0,0,2.511,2.468292980087912,2.4949001371678308,2.4912481396310566,2.5292353883043868,2.549389585137041,2.508171690806738
2018-02-19,2.442,1,0,0,2.455,2.441758634426015,2.459467835652059,2.4516135680619078,2.483897344640089,2.4769779167402186,2.4624688711278067
2018-02-26,2.462,1,0,0,2.442,2.449529438410185,2.4536820423593544,2.4464099599024762,2.4718074771712057,2.459887082397989,2.455782938530029
2018-03-05,2.455,1,0,0,2.462,2.4708733515714436,2.4599292378861186,2.4886276947867945,2.47715540092052,2.494640140383224,2.480422613895139
2018-03-12,2.494,1,0,0,2.455,2.5003805447725473,2.502396567243417,2.514233664889612,2.487581788710621,2.503464199412361,2.5023776245304385
2018-03-19,2.541,1,0,0,2.494,2.535040143210593,2.5246966594005698,2.5194878769506395,2.498101368200623,2.539776082308476,2.52545911262267
2018-03-26,2.592,1,0,0,2.541,2.590147700436933,2.5614997109760465,2.5830352380007335,2.52973041732517,2.577122523885357,2.571336810781185
2018-04-02,2.587,1,0,0,2.592,2.6144685701021744,2.6089752780044817,2.6171571473857784,2.5762164503269305,2.6331683538060617,2.612952621575184
2018-04-09,2.644,1,0,0,2.587,2.6212977869920753,2.6265079935419986,2.613624312726493,2.5886720430063686,2.6167046931266467,2.6138571137238458
2018-04-16,2.696,1,0,0,2.644,2.6856089860127073,2.662364253508295,2.679625865131622,2.621110238062622,2.6730896144813716,2.6672687114259013
2018-04-23,2.741,1,0,0,2.696,2.7367255047589847,2.723495247142858,2.7268846287990476,2.6639994814035233,2.726641535602628,2.7182583037119072
2018-04-30,2.733,1,0,0,2.741,2.757582702877332,2.7423792896113,2.7495848282533735,2.711405355970426,2.758085886701365,2.7463350360297323
2018-05-07,2.786,1,0,0,2.733,2.769194830523352,2.768409758499968,2.7544067448764387,2.7291060715462456,2.7658476476271012,2.7584885611021943
2018-05-14,2.834,1,0,0,2.786,2.826668156911422,2.7965682882417013,2.8179545834304007,2.7572994657973044,2.8222833703152697,2.808116168759585
2018-05-21,2.877,1,0,0,2.834,2.860860496647105,2.8325545950279767,2.8340726470274857,2.7980150012624216,2.848861726928285,2.8377258798483123
2018-05-28,2.849,1,0,0,2.877,2.849398367697501,2.8377753980867415,2.8702863689562133,2.8395807211158677,2.8874020529507627,2.8606404456801764
2018-06-04,2.822,1,0,0,2.849,2.822361861140939,2.820215179541726,2.8110098950865265,2.8380378329102713,2.8448498399345326,2.8280602613376953
2018-06-11,2.79,1,0,0,2.822,2.795531975297063,2.799297382797839,2.8012481305863255,2.8213358067799845,2.797113340111193,2.8019103202307374
2018-06-18,2.745,1,0,0,2.79,2.7593009075188286,2.7728751930141518,2.783156978184171,2.799000071484175,2.775252222463281,2.7770017472414548
2018-06-25,2.762,1,0,0,2.745,2.746358005476928,2.7623215072000074,2.751656380718126,2.7627261628053996,2.695455685070326,2.739060167754783
2018-07-02,2.774,1,0,0,2.762,2.7684748491855884,2.7692622990023232,2.7715906430428383,2.7531622776046425,2.7675718306266104,2.7665277546847955
2018-07-09,2.79,1,0,0,2.774,2.785910401138264,2.7808355646860767,2.7775817439391184,2.7614964862666653,2.779774315192248,2.7778163545824777
2018-07-16,2.754,1,0,0,2.79,2.768723092117908,2.7816549393486225,2.7803241209709637,2.7757870092778334,2.797048763633418,2.7816205299748917
2018-07-23,2.772,1,0,0,2.754,2.763790963750138,2.7717618945483964,2.7633843785084578,2.749499362573708,2.7553368986334723,2.7602787848026273
2018-07-30,2.781,1,0,0,2.772,2.7803836185764403,2.774249231024687,2.7740423137062677,2.761581422466188,2.7796303899480197,2.7748948550877026
2018-08-06,2.774,1,0,0,2.781,2.77942557118086,2.7820712401252363,2.7867658891949763,2.7741422603908816,2.8030664724264516,2.786720152887271
2018-08-13,2.755,1,0,0,2.774,2.75554252283585,2.773205902112225,2.7683606920646526,2.7623076680799397,2.779791776196265,2.768249488448755
2018-08-20,2.761,1,0,0,2.755,2.765383764827551,2.7668675980016877,2.76484309238068,2.7489713194655976,2.7660671882206884,2.7629824079383
2018-08-27,2.759,1,0,0,2.761,2.7611532808978203,2.7681813181401385,2.7681284190726627,2.7463985012569676,2.7618464171401764,2.7614247700636185
2018-09-03,2.765,1,0,0,2.759,2.7670944516340836,2.7741741027236126,2.774074466939296,2.753500913961023,2.762718598686483,2.7662340740202644
2018-09-10,2.771,1,0,0,2.765,2.7744405132734125,2.779484594541757,2.778815147056027,2.7618391548937153,2.757329022386335,2.7695539460243843
2018-09-17,2.779,1,0,0,2.771,2.7707631372088626,2.771647748506675,2.7749440273914745,2.743059519989601,2.76172506391365,2.764908730810975
2018-09-24,2.796,1,0,0,2.779,2.7876936436708872,2.777361756732324,2.7794833654460285,2.7505518188521996,2.7725939093921266,2.774463921790041
2018-10-01,2.829,1,0,0,2.796,2.815773095081679,2.7930521136682454,2.8104111099016027,2.7699548367073175,2.785167080168275,2.7959391199310426
2018-10-08,2.806,1,0,0,2.829,2.8061544943287506,2.791345936619388,2.809000896544443,2.7974169293586377,2.838697751878758,2.8118001351329194
2018-10-15,2.763,1,0,0,2.806,2.7758312436524215,2.7905699779760784,2.803065955533665,2.794530344831632,2.803969033522769,2.7942010698886612
2018-10-22,2.732,1,0,0,2.763,2.76148969983431,2.7546504035382156,2.7641079278404526,2.758921985186617,2.7426118470041843,2.7557257216885027
2018-10-29,2.67,1,0,0,2.732,2.6728104167367746,2.705072093228542,2.694514581554765,2.73053008255334,2.7012114653915966,2.698870207550226
2018-11-05,2.604,1,0,0,2.67,2.612236303591381,2.636679610495558,2.6299574564557373,2.682008057478746,2.6137648138651204,2.6312541629861443
2018-11-12,2.525,1,0,0,2.604,2.5161940138815644,2.5585021985717757,2.5303014673885094,2.6187382579828244,2.5474304734887006,2.5500674492147044
2018-11-19,2.445,1,0,0,2.525,2.459938018141317,2.4667347021998594,2.4626244120076084,2.5555675551243566,2.4714495168505004,2.480061408283987
2018-11-26,2.35,1,0,0,2.445,2.3633069403751668,2.3703804944843814,2.363885374101648,2.487008309138142,2.3881167013598654,2.3910722576045913
2018-12-03,2.325,1,0,0,2.35,2.3109952156910416,2.310445698733518,2.283587612349744,2.3997563223464877,2.291872503343665,2.314441662591581
2018-12-10,2.268,1,0,0,2.325,2.2619957869628826,2.2535382631142395,2.2729781819378263,2.351997624580447,2.2847110192942015,2.283788628136688
2018-12-17,2.216,1,0,0,2.268,2.21535186123254,2.2206687193923185,2.214135626095253,2.3056971370670203,2.238647616637324,2.2366551126306455
2018-12-24,2.156,1,0,0,2.216,2.1702119780321723,2.1826612142077875,2.177201783862438,2.2625919157416403,2.195870015733361,2.1952383559747286
2018-12-31,2.128,1,0,0,2.156,2.113910140887431,2.1412038261678696,2.128261923845524,2.1978406930142085,2.1194594877761777,2.1359610049503064
2019-01-07,2.143,1,0,0,2.128,2.1436703810769275,2.1414607216497505,2.1426974447600076,2.1724591964382807,2.1019681877265555,2.1369019658974513
2019-01-14,2.147,1,0,0,2.143,2.1507751501801327,2.1485835193090357,2.156755223756751,2.163775574211091,2.141468640662239,2.1514340344544722
2019-01-21,2.162,1,0,0,2.147,2.1569483301784436,2.1568469343732315,2.1636294014622495,2.1651942429684117,2.156919563213888,2.159710800042981
2019-01-28,2.162,1,0,0,2.162,2.165446732153831,2.1764773918596814,2.1728695729296903,2.183636021206146,2.196360963856735,2.1796658415848356
2019-02-04,2.187,1,0,0,2.162,2.1877878213316833,2.182146174848207,2.1850617972199964,2.1737531135981745,2.199137330494751,2.1870983186788067
2019-02-11,2.23,1,0,0,2.187,2.24126184457458,2.2060104804691694,2.233017956633953,2.1980007445073433,2.229179385083239,2.2243200335928806
2019-02-18,2.311,1,0,0,2.23,2.300026933182349,2.2575293194613315,2.2776126933486114,2.2197920254994736,2.271416585965702,2.2686555347125923
2019-02-25,2.352,1,0,0,2.311,2.347282244255796,2.3192001988095456,2.3592911054133037,2.2839571467617685,2.3881423800677064,2.3463337505153308
2019-03-04,2.399,1,0,0,2.352,2.4058297781469737,2.3614031436209744,2.400318453474443,2.322594238458045,2.399202319275319,2.3831107959244084
2019-03-11,2.477,1,0,0,2.399,2.465585584513834,2.4509942740433495,2.4636683636877894,2.388178107753507,2.4479462341211633,2.4458935143081826
2019-03-18,2.544,1,0,0,2.477,2.537282130791824,2.513931770837573,2.521113983489128,2.4487222357824048,2.5219172783763546,2.512065455703449
2019-03-25,2.611,1,0,0,2.544,2.6089488570440076,2.5737184264884174,2.598368967212016,2.50870030677542,2.5982741134475944,2.5825962989458287
2019-04-01,2.65,1,0,0,2.611,2.65104613961788,2.642802175767283,2.639601339046788,2.5699223555073134,2.645571680971556,2.6327745413341286
2019-04-08,2.725,1,0,0,2.65,2.721426976637272,2.6926360400099445,2.709362751117934,2.609165769817689,2.6766518454495523,2.684760423000524
2019-04-15,2.723,1,0,0,2.725,2.7460275002805306,2.7294830012999385,2.749061854007283,2.670970936686438,2.7618283324466333,2.73628138415872
2019-04-22,2.761,1,0,0,2.723,2.7573005643040025,2.7494335762884803,2.7524813474438496,2.6990810848288973,2.7254655106376546,2.737328339544242
2019-04-29,2.771,1,0,0,2.761,2.770168614830699,2.768791797349834,2.781013129364931,2.739716062394119,2.778555575276556,2.7695562778376512
2019-05-06,2.735,1,0,0,2.771,2.749816194958017,2.759697769878817,2.7622059069201494,2.7502833197301313,2.7759144955122896,2.760797250171126
2019-05-13,2.723,1,0,0,2.735,2.714705259400716,2.740264290356073,2.711655133546466,2.7326583397083235,2.7314948574517492,2.724962516891783
2019-05-20,2.696,1,0,0,2.723,2.7035521307331893,2.7142311023524286,2.7098151932803307,2.718580061763505,2.698566951571365,2.7075429404629983
2019-05-27,2.691,1,0,0,2.696,2.691607336292326,2.708491967993358,2.6914901858723215,2.7068258209310803,2.678134639398581,2.692898290816416
2019-06-03,2.62,1,0,0,2.691,2.6284668016654242,2.649073611346926,2.6548012941950327,2.685544678901951,2.668325143505781,2.6567888609575143
2019-06-10,2.553,1,0,0,2.62,2.564125378974771,2.572175350854331,2.551330824024532,2.6283948314032357,2.573682613093603,2.5754657416319295
2019-06-17,2.541,1,0,0,2.553,2.538204288683174,2.543211028780852,2.529763174418184,2.5819413058200555,2.503638147084139,2.53514303903285
2019-06-24,2.608,1,0,0,2.541,2.5796229450915966,2.551213711332742,2.560298598060513,2.5471615435223613,2.48877464659482,2.5423547312854424
2019-07-01,2.644,1,0,0,2.608,2.6428902117215904,2.590816791966858,2.6165791715237363,2.5789505825381727,2.614041803160895,2.611923918624115
2019-07-08,2.682,1,0,0,2.644,2.6682845930833916,2.6369012598320523,2.669043345133169,2.6132141250140464,2.6635236274268914,2.6538257047466636
2019-07-15,2.653,1,0,0,2.682,2.6567290349770576,2.6334474102659016,2.6704877807632723,2.6409437101365802,2.692204116174028,2.6631606684569413
2019-07-22,2.615,1,0,0,2.653,2.6389473259747818,2.6247810013237296,2.6482488806060838,2.650230767219493,2.6482845469383696,2.643250576093787
2019-07-29,2.588,1,0,0,2.615,2.58974256813614,2.584595241719852,2.569449399127695,2.622418118162619,2.5970431149245727,2.591875507961153
2019-08-05,2.524,1,0,0,2.588,2.550383626078472,2.5351348908364426,2.5688497815526468,2.6054426205626138,2.579857841022714,2.5689205243091693
2019-08-12,2.501,1,0,0,2.524,2.4994182994721927,2.4914644233885808,2.504343757043789,2.5496841165873563,2.4943139014360107,2.506209884698149
2019-08-19,2.471,1,0,0,2.501,2.4683619903483627,2.472720296919786,2.4585957951193778,2.513760310775145,2.488277220666702,2.4794809121115016
2019-08-26,2.461,1,0,0,2.471,2.45815063741392,2.4661050428515536,2.4688154722093936,2.4869701127032036,2.4530237586878676,2.4649170217331333
2019-09-02,2.45,1,0,0,2.461,2.4534922002486748,2.4540183934865354,2.4521379592617314,2.4636835638952164,2.440177091652096,2.451441626146083
2019-09-09,2.454,1,0,0,2.45,2.462311371319993,2.466251840524928,2.4542643446043533,2.451733808273804,2.432426460690699,2.451569401332803
2019-09-16,2.561,1,0,0,2.454,2.5402458650721154,2.4903681147946073,2.520501752962088,2.4446569967798015,2.45117552333389,2.4900597592600904
2019-09-23,2.518,1,0,0,2.561,2.531007764510837,2.5077119177921077,2.538445696944155,2.5066272176762596,2.577503540198171,2.537563969158062
2019-09-30,2.513,1,0,0,2.518,2.5160441579126074,2.50802095568854,2.509543414928132,2.5061324963008684,2.5134677622582196,2.511225202830005
2019-10-07,2.495,1,0,0,2.513,2.4967711482690107,2.4771460815884083,2.486497763084248,2.4979518069592537,2.49927371983367,2.4926466822052618
2019-10-14,2.512,1,0,0,2.495,2.489319962914741,2.4710494501833127,2.4726698768005577,2.485234738785758,2.4668376051598635,2.47660056076062
2019-10-21,2.469,1,0,0,2.512,2.486347524190886,2.47006644098041,2.500686089116508,2.4902339567301217,2.4792610186510275,2.485929473742425
2019-10-28,2.485,1,0,0,2.469,2.479749051987751,2.4678147598308735,2.475882722959248,2.4739969987041732,2.4569465765013825,2.4703226561316254
2019-11-04,2.493,1,0,0,2.485,2.477691296822352,2.4744384978517946,2.4771548626438133,2.4796165930689127,2.4546037827217813,2.4713779519679764
2019-11-11,2.473,1,0,0,2.493,2.4740885544902205,2.4731434465738116,2.4748266767576648,2.480858269059444,2.475652136657825,2.4756273673665765
2019-11-18,2.469,1,0,0,2.473,2.462313940835856,2.466492271934968,2.4611474492884993,2.4682157916656093,2.447430534138633,2.4597071089421374
2019-11-25,2.485,1,0,0,2.469,2.482107923347042,2.4690826174083083,2.4755985791118436,2.4651415055046457,2.448704844509575,2.4673522571129034
2019-12-02,2.478,1,0,0,2.485,2.476719127730471,2.4718290201003312,2.482308569533911,2.474963308182134,2.4689975705888796,2.4749277374284913
2019-12-09,2.448,1,0,0,2.478,2.454574433277111,2.4483889661180895,2.4561378609792808,2.461927231831271,2.458129392277045,2.4561725088269997
2019-12-16,2.447,1,0,0,2.448,2.436735069393677,2.455443844030518,2.4521238433297685,2.4604946186764334,2.435449087965652,2.4462144742463874
2019-12-23,2.488,1,0,0,2.447,2.474939431282738,2.4600887725038474,2.471120313083665,2.4540277664997268,2.441479763897116,2.4598506994968434
2019-12-30,2.494,1,0,0,2.488,2.4921661578880543,2.4698775835025852,2.4929402416705715,2.4709001171357974,2.4938654241571037,2.4861860014190724
2020-01-06,2.482,1,0,0,2.494,2.4784893676983173,2.4742495394324777,2.4832660753341242,2.484176485280242,2.497820009342849,2.484919706959491
2020-01-13,2.448,1,0,0,2.482,2.4564504957386513,2.4574172809808386,2.481030061475037,2.4893867515649557,2.491613204195593,2.4764735097904413
2020-01-20,2.412,1,0,0,2.448,2.411372782031162,2.4413544932231876,2.4160584337803157,2.4637807327965464,2.457550659461868,2.4372368769194925
2020-01-27,2.358,1,0,0,2.412,2.381857099063675,2.4086007808553824,2.399331155339087,2.43838889043977,2.409971327432036,2.405960540445702
2020-02-03,2.324,1,0,0,2.358,2.3221702384684724,2.3465668530042585,2.3297886362826774,2.384171186483139,2.349922558909443,2.3446129911139013
2020-02-10,2.337,1,0,0,2.324,2.3318578463525657,2.320572599609353,2.318287710307706,2.350179409870737,2.316663778394514,2.3263435651483726
2020-02-17,2.373,1,0,0,2.337,2.355341427793198,2.3331060259142347,2.345201658134026,2.344247043336469,2.344388399384105,2.3453520911214603
2020-02-24,2.324,1,0,0,2.373,2.3420138021163948,2.3255558178973192,2.35675235367919,2.3621072307311892,2.4028845369794425,2.36211651095455
2020-03-02,2.272,1,0,0,2.324,2.2824042656085894,2.3099053065773147,2.3068207747884357,2.3542983491972285,2.328870170768521,2.3154257900753925
2020-03-09,2.139,1,0,0,2.272,2.166878152749654,2.2205731815179846,2.1755270351408726,2.318699103628617,2.2574869493554455,2.2247654374748826
2020-03-16,2.007,1,0,0,2.139,2.0156416665614225,2.0742905410198813,2.0260843653277694,2.1993352142091673,2.0580959999872004,2.067173718992018
2020-03-23,1.886,1,0,0,2.007,1.901449823478657,1.9171594347427015,1.8909356304301497,2.052392571894661,1.8977974569378282,1.9250062677171293
2020-03-30,1.8,1,0,0,1.886,1.8049572162008756,1.8199396877379903,1.8085952722206535,1.9197098987652426,1.7516533855041194,1.8125526834233285
2020-04-06,1.735,1,0,0,1.8,1.7283966199768739,1.7499896269841335,1.7378932472600406,1.8544006760221592,1.6980780438313896,1.7460440339580503
2020-04-13,1.694,1,0,0,1.735,1.6735445716634838,1.7205840191798953,1.6889971086252404,1.8009331239066584,1.6893415919280037,1.7083692041568623
2020-04-20,1.655,1,0,0,1.694,1.6740957676003718,1.6820197066544513,1.6661709264931377,1.752121513103635,1.7143217138023212,1.6967513024253529
2020-04-27,1.68,1,0,0,1.655,1.6793058048823275,1.6980183876606214,1.6883409020414575,1.7045295356731662,1.66480493126079,1.6841878006218598
2020-05-04,1.75,1,0,0,1.68,1.7391363721446722,1.7306232199374707,1.7376531115051461,1.6988631217883619,1.7616397115670948,1.7369644365387795
2020-05-11,1.776,1,0,0,1.75,1.782537020194894,1.76477448641174,1.7792428391348447,1.7469331640151693,1.807794985527814,1.7801579570167074
2020-05-18,1.87,1,0,0,1.776,1.8634713277738248,1.8336535916438357,1.8519230683936818,1.7876740153687232,1.8136475691961287,1.8313850997493626
2020-05-25,1.883,1,0,0,1.87,1.8890066918646304,1.8727782542662135,1.8992426830469182,1.8540961589343756,1.9012181896557165,1.886454330805204
2020-06-01,1.947,1,0,0,1.883,1.9359923838343658,1.9297833227702268,1.936548980373913,1.8899157636572732,1.9550061218675014,1.9327242059492122
2020-06-08,2.017,1,0,0,1.947,2.023530586597978,1.9952489146365655,2.0066681479397745,1.9352111765933364,1.9863408169660572,1.9917875406786711
2020-06-15,2.048,1,0,0,2.017,2.0418703702103147,2.0288372092196076,2.0494170622274455,2.000153876625639,2.0888568881907283,2.0471973685364535
2020-06-22,2.094,1,0,0,2.048,2.087398449048906,2.0690724633751043,2.09515100831139,2.0340564897258675,2.0849531323732946,2.0771711412449867
2020-06-29,2.1,1,0,0,2.094,2.103878998383454,2.0885430480803633,2.110520569293941,2.0872741947260356,2.128455520100377,2.106899420617051
2020-07-06,2.113,1,0,0,2.1,2.113083587632774,2.0977639416548097,2.108832304729338,2.0949515479183547,2.092567528435226,2.101682527219821
2020-07-13,2.099,1,0,0,2.113,2.10213667043789,2.0966508414443723,2.0998894363795313,2.115936072237873,2.125967318048719,2.1093772829464394
2020-07-20,2.085,1,0,0,2.099,2.0889060670479678,2.082256965300592,2.0944020779467345,2.120524402655948,2.0456331283317986,2.082958853627045
2020-07-27,2.085,1,0,0,2.085,2.089251288938032,2.090611670648671,2.0915596880253355,2.108306634561168,2.094604769303687,2.0944469097280916
2020-08-03,2.078,1,0,0,2.085,2.0940240257588623,2.092091164057751,2.0912910400077127,2.109562881557849,2.109316864333371,2.099703151507754
2020-08-10,2.077,1,0,0,2.078,2.0801845098429834,2.0878500759349747,2.0792656424875458,2.096763273702876,2.080413511684884,2.0838222208965043
2020-08-17,2.09,1,0,0,2.077,2.090109965364588,2.0942335857438694,2.0871695213909693,2.0960558204332136,2.0988826185753524,2.0933231673718034
2020-08-24,2.135,1,0,0,2.09,2.1175340876443833,2.1081462867807756,2.106757530886724,2.1050683408161257,2.1104906309515923,2.1100135926677486
2020-08-31,2.122,1,0,0,2.135,2.13139117161557,2.123635593094164,2.1379227540593706,2.137115164830082,2.1728501783010774,2.143515156562631
2020-09-07,2.091,1,0,0,2.122,2.0971935894376075,2.1110138860440477,2.109374037432286,2.1331667138317747,2.1282542975888035,2.1157650727757176
2020-09-14,2.078,1,0,0,2.091,2.0881411437796795,2.093278328595246,2.090796113217375,2.112068644950484,2.0842280765688916,2.0923052852871176
2020-09-21,2.088,1,0,0,2.078,2.074606805373438,2.0865770246627675,2.0752862119730087,2.091512769154161,2.055709915778785,2.0742318271532127
2020-09-28,2.091,1,0,0,2.088,2.0974675738504525,2.081116899596416,2.08818449498638,2.0964706037009253,2.0809755591463763,2.0886811332802733
2020-10-05,2.084,1,0,0,2.091,2.0782131892150253,2.0848856865542666,2.081835572129832,2.1053069982502084,2.080523868842074,2.084949297443078
2020-10-12,2.064,1,0,0,2.084,2.06878216139752,2.073712227711947,2.0813225651733838,2.097372314770447,2.0683889615042395,2.076732491851355
2020-10-19,2.053,1,0,0,2.064,2.0511040985173365,2.067279601158328,2.0635970244318202,2.086535552952358,2.0436043822074828,2.0598738666524494
2020-10-26,2.021,1,0,0,2.053,2.0361175536664122,2.047976756141417,2.054681579272085,2.0752558445829434,2.0207454589887233,2.0441303364703245
2020-11-02,2.004,1,0,0,2.021,2.0078217605526367,2.0326676569155975,2.009669677590819,2.050782477820427,1.9817026888741271,2.011855586422676
2020-11-09,2.018,1,0,0,2.004,1.9904925680668517,2.0152141533620003,1.98737688597208,2.0267208861704082,1.9731943651059072,1.9946548103233952
2020-11-16,2.009,1,0,0,2.018,2.0146846500055378,2.0251444217640304,2.019316640488362,2.0370795693871955,2.0217916282420756,2.022663154997754
2020-11-23,2.022,1,0,0,2.009,2.0252427931514956,2.0325548670073412,2.018718978427267,2.0314256409764453,2.0031060220599732,2.0200637617484998
2020-11-30,2.063,1,0,0,2.022,2.048099015582134,2.0484207039332607,2.0425099815824628,2.0424478368908034,2.0460951592995675,2.045492586322969
2020-12-07,2.063,1,0,0,2.063,2.0713820830979617,2.077994301220936,2.0757613834224116,2.0668735911612415,2.078880661325433,2.074487950771387
2020-12-14,2.137,1,0,0,2.063,2.127694041293458,2.1244500785615075,2.111549588900258,2.078612492899102,2.084139895044082,2.1043420630809258
2020-12-21,2.158,1,0,0,2.137,2.162669026442524,2.145220765136633,2.1619976473554017,2.1214565042095135,2.160907836720705,2.15290159644324
2020-12-28,2.16,1,0,0,2.158,2.1596668231387217,2.1742296089762045,2.171116267167039,2.1543384207091543,2.1713101642364747,2.1663682556374497
2021-01-04,2.232,1,0,0,2.16,2.219634240031967,2.208000454558758,2.198322468115477,2.1704314012682815,2.1831183702890757,2.195814884326468
2021-01-11,2.285,1,0,0,2.232,2.2820013055835346,2.2414018704335557,2.256393349750807,2.2063578749670505,2.235769531502949,2.2463340651772388
2021-01-18,2.298,1,0,0,2.285,2.31160427720298,2.2927556652869083,2.3097351091570237,2.263894454636463,2.3164294028841277,2.302050954663117
2021-01-25,2.316,1,0,0,2.298,2.3145193179906456,2.3061758467693574,2.3173551028340484,2.291758512879197,2.3338529381194406,2.3153233795766948
2021-02-01,2.372,1,0,0,2.316,2.3785149806448445,2.343239075815902,2.364421356000322,2.316398248521993,2.3550024440782287,2.3542400541227315
2021-02-08,2.409,1,0,0,2.372,2.4204428173830452,2.3771704805094243,2.396872665189783,2.350655597019715,2.406265779401624,2.394199150573688
2021-02-15,2.549,1,0,0,2.409,2.5217903832193493,2.503055783153251,2.5105771544751927,2.3920755227446673,2.4519051765220756,2.477293327228646
2021-02-22,2.625,1,0,0,2.549,2.620398398047324,2.576934086677383,2.613640639967046,2.4662796955766817,2.60238673386478,2.5830190379534765
2021-03-01,2.684,1,0,0,2.625,2.6878436924345186,2.640139358911227,2.682142640449943,2.555081654586313,2.661196207812249,2.6513096222616728
2021-03-08,2.766,1,0,0,2.684,2.7593749736377218,2.7195166946982763,2.7497398522268877,2.628250231994502,2.7549265986896088,2.729181781235268
2021-03-15,2.78,1,0,0,2.766,2.7909357429248196,2.763761967380668,2.7957717149004853,2.7045954775121,2.829153935335654,2.7841268823560203
2021-03-22,2.771,1,0,0,2.78,2.77259507846539,2.787841601539487,2.782031557661182,2.7476978300392685,2.817519895731345,2.78449936562906
2021-03-29,2.777,1,0,0,2.771,2.781394332536781,2.7676724120829532,2.7811540843790206,2.7430551718453193,2.791285964124526,2.775766829825397
2021-04-05,2.763,1,0,0,2.777,2.766729854959116,2.7777403472180775,2.776374426814691,2.753594780009327,2.8007237845602835,2.7771328549338694
2021-04-12,2.767,1,0,0,2.763,2.7666310163697903,2.7602793798489995,2.7744287717086156,2.7446523630501893,2.7756060310512805,2.7661965183891213
2021-04-19,2.776,1,0,0,2.767,2.7703142850425975,2.7458382983795824,2.7812136661517224,2.7444144262276513,2.791685117258534,2.7706157635423487
2021-04-26,2.79,1,0,0,2.776,2.8036555966179955,2.783721091549554,2.797719877919569,2.756798180410415,2.8040034367057944,2.7920369987786433
2021-05-03,2.86,1,0,0,2.79,2.8322924850956945,2.801140610162967,2.8279018735234063,2.7560865780263617,2.8132623975218674,2.8095718758262764
2021-05-10,2.928,1,0,0,2.86,2.8946635662346907,2.881199019666019,2.8987229127375005,2.8034513520917326,2.8962359667324242,2.879209563887818
2021-05-17,2.92,1,0,0,2.928,2.933212418652364,2.9074467450428014,2.937026148537062,2.8528710352223206,2.962866659295815,2.925111750928841
2021-05-24,2.927,1,0,0,2.92,2.9390356603637624,2.9269694643851007,2.9367042033877198,2.878578062948055,2.960759919938422,2.93269096901364
2021-05-31,2.935,1,0,0,2.927,2.935191982601094,2.938302678856506,2.9350989831498175,2.886805721026512,2.944526702138903,2.930178317133695
2021-06-07,2.97,1,0,0,2.935,2.9439489722275245,2.964157294956126,2.9424210137876625,2.8968219373692845,2.937922336340731,2.937203689478216
2021-06-14,2.961,1,0,0,2.97,2.9781867173114294,2.9763414484127426,2.9709707993439007,2.9196605128685134,2.9723539345610326,2.9653116693348225
2021-06-21,2.99,1,0,0,2.961,2.9677779185901842,2.9867655564322346,2.975590285619131,2.92324258623995,2.976272960679008,2.967106668908997
2021-06-28,3.032,1,0,0,2.99,3.027752394925908,3.017243314469057,3.021784870851462,2.9408108861556497,3.002120167163207,3.004111342234016
2021-07-05,3.039,1,0,0,3.032,3.0420935102817634,3.02957985589618,3.0430571277754295,2.9671349908511435,3.0534439544090364,3.031315601772052
2021-07-12,3.061,1,0,0,3.039,3.0571185118744255,3.0463159858970883,3.0505756903064745,2.9933471740519,3.0641331305146817,3.0456457002120194
2021-07-19,3.044,1,0,0,3.061,3.0627756307474505,3.043325637950921,3.0663261331317835,3.0076830158904704,3.0728798732991622,3.0544895767565774
2021-07-26,3.059,1,0,0,3.044,3.056307272014868,3.04749634429985,3.0356986359768365,2.9882635297522646,3.03312898034942,3.0334659009419083
2021-08-02,3.081,1,0,0,3.059,3.0763891042761555,3.0569419851657154,3.073916377474551,3.017874718557546,3.0828245401150762,3.0652845502259796
2021-08-09,3.079,1,0,0,3.081,3.085503369443466,3.062968760531212,3.071169185385365,3.02487710962895,3.0978853100005317,3.0726212333963896
2021-08-16,3.048,1,0,0,3.079,3.071207909634093,3.0545494838753156,3.0677806906167193,3.0250340879293613,3.0908148523596277,3.0657523163022633
2021-08-23,3.041,1,0,0,3.048,3.043128389248667,3.0507224880265356,3.040687760749979,3.0119119087021455,3.05637693445259,3.04205973364195
2021-08-30,3.08,1,0,0,3.041,3.056355507756523,3.054366138090011,3.0358222776084633,2.993141593736365,3.0413061932299517,3.0374064956422666
2021-09-06,3.068,1,0,0,3.08,3.075635311567034,3.067493090629948,3.0848758314489864,3.0261010484889965,3.080785593947726,3.069771062178803
2021-09-13,3.094,1,0,0,3.068,3.0828264205581632,3.0751450628288097,3.0901165339098924,3.0088214998286853,3.0659508642359685,3.0668458488288772
2021-09-20,3.08,1,0,0,3.094,3.0948437261516655,3.0721166721423008,3.0853093541196435,3.021812776941214,3.0994874298864024,3.0789213198565104
2021-09-27,3.093,1,0,0,3.08,3.096764440736071,3.085399749217889,3.0876956587106412,3.0173274329177246,3.0745707081015348,3.074457605304363
2021-10-04,3.173,1,0,0,3.093,3.1519495142602314,3.1328134869082422,3.1356171982781835,3.0355138342139014,3.1064776955554376,3.1148555476705386
2021-10-11,3.225,1,0,0,3.173,3.2258500949346387,3.180866841318526,3.218662677066453,3.0800964503598793,3.190955240430995,3.1850994260822376
2021-10-18,3.279,1,0,0,3.225,3.2618264257391822,3.240938123918281,3.254915893858314,3.1290486838419493,3.2541217815540397,3.2337622672367616
2021-10-25,3.28,1,0,0,3.279,3.2754309308200096,3.2821101906863883,3.2917256851080423,3.1868436474775526,3.3240563890336023,3.2782122330097714
2021-11-01,3.294,1,0,0,3.28,3.298954887889158,3.3065934868689077,3.2902058709809263,3.2144410627336715,3.290008970641371,3.282033252664893
2021-11-08,3.277,1,0,0,3.294,3.302606637330222,3.281876912220274,3.291996956275899,3.216825906097239,3.2971757428286206,3.2820149056965535
2021-11-15,3.271,1,0,0,3.277,3.2696199946869875,3.2640715140065497,3.2622507671653427,3.2055608442286556,3.2610262893170545,3.254566904726471
2021-11-22,3.253,1,0,0,3.271,3.252364167064891,3.2466871021617862,3.2479748297124242,3.2017439060033235,3.2491246485383187,3.2415281876236497
2021-11-29,3.204,1,0,0,3.253,3.211369572342295,3.2162650697642943,3.213372809896968,3.1830738423464893,3.2312171156997094,3.21308683974379
2021-12-06,3.178,1,0,0,3.204,3.160743429851174,3.1758760415301723,3.172863530446849,3.135049035149138,3.1560506863975064,3.1600697695816407
2021-12-13,3.154,1,0,0,3.178,3.166459398897586,3.1484873570706924,3.1610876991531858,3.1065137022585048,3.1347698129903288,3.144705879269756
2021-12-20,3.136,1,0,0,3.154,3.1438236695548314,3.139683786734619,3.1484064099235365,3.0927932078143017,3.103942711294003,3.125464283928708
2021-12-27,3.141,1,0,0,3.136,3.1368819163136004,3.1399099576235634,3.1375160569057403,3.0707082351987314,3.0871255387467302,3.1136218962446653
2022-01-03,3.164,1,0,0,3.141,3.1660075678715014,3.1559516232531437,3.167683668560146,3.0821775889361533,3.1315923669822765,3.1422829586554775
2022-01-10,3.182,1,0,0,3.164,3.1782376538754664,3.180529254431475,3.1805954716696485,3.0916602614725583,3.1468489571113456,3.156740547837221
2022-01-17,3.199,1,0,0,3.182,3.1983110037967832,3.199957188431287,3.199614091916967,3.106374317011785,3.197209423135923,3.1835652587918375
2022-01-24,3.249,1,0,0,3.199,3.2546187725291635,3.2404938868030166,3.2404603219057706,3.1384607959651385,3.2320084015080903,3.224737832846378
2022-01-31,3.33,1,0,0,3.249,3.333499147484512,3.299398607092321,3.316522832360797,3.163033876146502,3.288935690230015,3.2856056240590883
2022-02-07,3.372,1,0,0,3.33,3.3739532516890014,3.3643691603065324,3.38016763580963,3.2292160712530737,3.390118329321256,3.354620876970966
2022-02-14,3.41,1,0,0,3.372,3.4325610255895356,3.41304112217258,3.4226350478951457,3.2883027469888066,3.4468564231122802,3.4079381749287005
2022-02-21,3.486,1,0,0,3.41,3.5030225433495827,3.479631735836502,3.490602639313876,3.337905677168589,3.484740033165428,3.465378782165669
2022-02-28,3.963,1,0,0,3.486,3.8727871520429833,3.8134070068875827,3.917146163346787,3.372568721207585,3.5573227228810747,3.7098490101860726
2022-03-07,4.18,1,0,0,3.963,4.175677754414506,4.0042231512794695,4.168305917763551,3.6011260471023396,4.046537502952426,4.022594110193318
2022-03-14,4.091,1,0,0,4.18,4.109226523114082,4.0493448074357765,4.102259102056689,3.9068703675037515,4.215075522349473,4.094122189611742
2022-03-21,4.078,1,0,0,4.091,4.096391537366998,4.075560861203053,4.068895576476976,3.937522135482672,4.0859614067560335,4.058930559418837
2022-03-28,4.021,1,0,0,4.078,4.019447096254867,4.021742118696391,4.0116822667418495,3.989173031482106,4.101986364084915,4.034808952034673
2022-04-04,3.943,1,0,0,4.021,3.944985567517785,3.9897069009571777,3.9660513081940585,3.944279501011108,3.977369138300256,3.964188827776736
2022-04-11,3.915,1,0,0,3.943,3.9343854107454703,3.955497453427451,3.928747283413736,3.891160948596122,3.933990595609042,3.928992409849185
2022-04-18,3.959,1,0,0,3.915,3.94622021701739,3.9596937090156765,3.9530156718121208,3.8292880524129336,3.9009915642420108,3.9186793992193207
2022-04-25,4.031,1,0,0,3.959,4.033471918208173,4.023101446514816,4.036356387120837,3.873904910280522,4.033592778273272,4.0066886814638725
2022-05-02,4.161,1,0,0,4.031,4.1416865355036165,4.126726039756531,4.133305285306867,3.887328539295707,4.04824975886317,4.071860111221078
2022-05-09,4.32,1,0,0,4.161,4.322767719452865,4.239097244793171,4.298780894558679,3.993083405201553,4.208138445308792,4.222102196818892
2022-05-16,4.41,1,0,0,4.32,4.418596324307918,4.35556250180376,4.396727707734904,4.113572406498294,4.373750849815451,4.343600762638673
2022-05-23,4.439,1,0,0,4.41,4.443687637783039,4.411085015873019,4.461697274518929,4.254083690715885,4.50302224265485,4.4276828021383245
2022-05-30,4.702,1,0,0,4.439,4.697544246419386,4.601983031746034,4.68953860878161,4.286043529603535,4.490586075620213,4.561124315107051
2022-06-06,4.844,1,0,0,4.702,4.797838973595172,4.67071792680778,4.812697475922362,4.442993130121991,4.772618160459006,4.718802055294532
2022-06-13,4.798,1,0,0,4.844,4.774698922861832,4.71096375396826,4.779832367842567,4.590992523984461,4.8625749663713576,4.759988058868288
2022-06-20,4.71,1,0,0,4.798,4.709217288529936,4.655205375180389,4.699825212136603,4.6226163225158805,4.806623527081305,4.711047581919688
2022-06-27,4.619,1,0,0,4.71,4.618733984691501,4.58020714285714,4.62307278906317,4.578365372635629,4.63323501096092,4.611489215246065
2022-07-04,4.501,1,0,0,4.619,4.495751246004359,4.472652309523798,4.495120690354343,4.5285756146934855,4.567627137457864,4.516563698329371
2022-07-11,4.35,1,0,0,4.501,4.362793992596537,4.352108650432895,4.347468967955949,4.428819975224102,4.411780911554814,4.381582788805229
2022-07-18,4.183,1,0,0,4.35,4.189492260530982,4.162128151709399,4.178320633981558,4.297630210180411,4.225691169703957,4.210338220309483
2022-07-25,4.034,1,0,0,4.183,4.03272231985921,4.009344240962742,4.040824016598288,4.152383601191651,4.082429750999269,4.063705471665451
2022-08-01,3.879,1,0,0,4.034,3.9002185777828373,3.9120336380262044,3.8986301947121773,4.042735638971997,3.9626667551468264,3.941115769156757
2022-08-08,3.78,1,0,0,3.879,3.760657179852931,3.7958957406320337,3.780775826744554,3.8706250167458975,3.785700803039921,3.7944196183460166
2022-08-15,3.724,1,0,0,3.78,3.7341586689281048,3.7273404297511488,3.717661457660557,3.7536137696529615,3.738501244153724,3.7339477969805723
2022-08-22,3.691,1,0,0,3.724,3.697196116043413,3.6837429429485913,3.6891211658805365,3.688570587065767,3.693249362223072,3.691124949301438
2022-08-29,3.617,1,0,0,3.691,3.620843287528162,3.644325651561175,3.6248702228388687,3.6344858007728744,3.694997775089975,3.646676949099642
2022-09-05,3.551,1,0,0,3.617,3.5654935510072927,3.588522399494177,3.5745346116975973,3.5843140657087638,3.6295887272181506,3.5905507021080076
2022-09-12,3.513,1,0,0,3.551,3.5213876885429016,3.5440253352973508,3.5221224123971426,3.482608050159657,3.5404174218674376,3.5234014980774266
2022-09-19,3.569,1,0,0,3.513,3.55974136108653,3.5301208760794323,3.555099233381107,3.43873169668012,3.4968451486120107,3.518383515031079
2022-09-26,3.592,1,0,0,3.569,3.6026306638369077,3.544797315461979,3.5731364475481873,3.441717720285033,3.555903741951637,3.5496909675113044
2022-10-03,3.723,1,0,0,3.592,3.6936112261320684,3.6051498821563155,3.698608046841907,3.4451662461677626,3.584518715551255,3.613206369496651
2022-10-10,3.692,1,0,0,3.723,3.693993148920004,3.6065474751533393,3.6705673836241797,3.5236367971335047,3.72294443891957,3.656511663518016
2022-10-17,3.609,1,0,0,3.692,3.6048549063847886,3.5884711304852606,3.61139621976494,3.5621526802435524,3.634667795763871,3.6048304563127456
2022-10-24,3.57,1,0,0,3.609,3.5797199247469798,3.5641104994694963,3.5851413571947117,3.5360202126842726,3.5683159845356096,3.568591861628244
2022-10-31,3.628,1,0,0,3.57,3.619643399580129,3.5745221501376006,3.599789468738953,3.5204257554776883,3.5553693302751848,3.5760130965261325
2022-11-07,3.606,1,0,0,3.628,3.5999625194500635,3.567318888189853,3.614677112206345,3.5317914706929496,3.618573842371834,3.5923338990233233
2022-11-14,3.498,1,0,0,3.606,3.5177356455271562,3.5230033586928813,3.51909592269902,3.5088994539671106,3.6057559968371686,3.540411854640112
2022-11-21,3.389,1,0,0,3.498,3.4028976412863985,3.4272540464469063,3.4087560718621637,3.4509689157916212,3.46647450141295,3.432081214605686
2022-11-28,3.26,1,0,0,3.389,3.2780591909640684,3.3215301371002024,3.283783823819823,3.3711186250937977,3.3436296653847157,3.3177461694319628
2022-12-05,3.109,1,0,0,3.26,3.1229389169917723,3.1786724193689953,3.1390913693966636,3.2665429849098313,3.2095949017033236,3.1803571782589346
2022-12-12,2.994,1,0,0,3.109,3.0099538937291275,3.0408204054789025,3.0017340896687017,3.141566872244478,3.056471689785034,3.046142908917388
2022-12-19,2.971,1,0,0,2.994,2.9785707708682536,2.974326737508172,2.976899183569686,3.023587828380185,2.9610733862234344,2.9803554300458197
2022-12-26,3.123,1,0,0,2.971,3.09350830676859,3.053583649122918,3.0909347150122812,2.9733911448153294,2.9726902519431277,3.036106138424358
2023-01-02,3.167,1,0,0,3.123,3.162953686129111,3.130052884868486,3.1529343484808874,3.0307241387678037,3.1640352385002313,3.1349249295154733
2023-01-09,3.225,1,0,0,3.167,3.214605509610398,3.2028718960842326,3.218616435753266,3.084277214456578,3.202058982351727,3.1893128109061792
2023-01-16,3.34,1,0,0,3.225,3.327428018023395,3.2787935062631663,3.307375305192942,3.1150231288007855,3.2588380788673668,3.2637003722138944
2023-01-23,3.417,1,0,0,3.34,3.41309209118461,3.3544433174060138,3.411232751570193,3.216988712589002,3.382207570822862,3.36442554397904
2023-01-30,3.362,1,0,0,3.417,3.3692949514918626,3.3774275621264183,3.3918689140507903,3.304107240643936,3.4346789940550826,3.3818398503267835
2023-02-06,3.311,1,0,0,3.362,3.3190173289068956,3.34964439459295,3.334164015838401,3.2939805186041715,3.3691997339800426,3.3356697963167377
2023-02-13,3.293,1,0,0,3.311,3.298859595923796,3.3076946238320115,3.3009650448893004,3.261133576240958,3.2910936091250096,3.2923756317951844
2023-02-20,3.25,1,0,0,3.293,3.27892313257911,3.297374371661588,3.289547159093927,3.258640462498806,3.3101902299287094,3.288703624710716
2023-02-27,3.288,1,0,0,3.25,3.2865875151427697,3.300454589244011,3.2811170393865736,3.212847330333125,3.263458439246585,3.2692829794531235
2023-03-06,3.35,1,0,0,3.288,3.3362426166199897,3.2985160061042897,3.3060437665252773,3.207846633116569,3.3103181893883313,3.2967241775183904
2023-03-13,3.321,1,0,0,3.35,3.343092261637396,3.3541759677298466,3.3575831650147046,3.2871863903770873,3.4008193443499812,3.3538108435186937
2023-03-20,3.304,1,0,0,3.321,3.30987130678001,3.3572926522885362,3.3218395442842144,3.2676187832897146,3.336819287376291,3.319300672844011
2023-03-27,3.384,1,0,0,3.304,3.3833509332872156,3.371880095921079,3.3718027197195366,3.2566006145846282,3.326616491371917,3.343732942323286
2023-04-03,3.493,1,0,0,3.384,3.461962476174899,3.4371862521719816,3.4466528699687693,3.3020158954154217,3.4075930816380513,3.4148793618759115
2023-04-10,3.553,1,0,0,3.493,3.540526194344103,3.504799894827035,3.542429284886795,3.369699581349184,3.5286843643050982,3.5049999209230664
2023-04-17,3.542,1,0,0,3.553,3.5564173062633064,3.5282246117075777,3.5505796077417067,3.4344248340755517,3.586236741155802,3.5391548332768545
2023-04-24,3.48,1,0,0,3.542,3.4873272493948373,3.525166001429747,3.518499289510135,3.4582889040774507,3.569391475031521,3.5161593321112634
2023-05-01,3.407,1,0,0,3.48,3.42859890282263,3.4614980733184364,3.4414857289002536,3.427123631659002,3.498987224839528,3.454217757368375
2023-05-08,3.415,1,0,0,3.407,3.402729832786656,3.4243281007933586,3.4007567712938864,3.3752868904542868,3.3762488652947864,3.3939249533486113
2023-05-15,3.416,1,0,0,3.415,3.4117757542889247,3.415814037600064,3.416603574763967,3.3417177469740773,3.4128034907281117,3.4022472112983047
2023-05-22,3.443,1,0,0,3.416,3.442330474073949,3.4281303695646934,3.428362064936544,3.332530855737425,3.4068293086628394,3.4101348964544926
2023-05-29,3.414,1,0,0,3.443,3.428760953960882,3.4248490855006413,3.427899071276326,3.3622285639115033,3.4666284085620114,3.4271226974670457
2023-06-05,3.475,1,0,0,3.414,3.4676358341179707,3.4532863016451696,3.446189020923409,3.3643922008790987,3.432573131412267,3.434988010717558
2023-06-12,3.449,1,0,0,3.475,3.4512488169433113,3.4384987911459546,3.45359613441389,3.3633046783222382,3.486358916623775,3.44485245482693
2023-06-19,3.445,1,0,0,3.449,3.4457193866473816,3.448674788536942,3.4565573705427526,3.359566130583334,3.4286317856348827,3.4299645976106143
2023-06-26,3.397,1,0,0,3.445,3.428702362636617,3.437291094332978,3.417100540225156,3.3826541284097784,3.4291631819782182,3.4200283341428204
2023-07-03,3.42,1,0,0,3.397,3.4188180147395233,3.4252744715537045,3.4092273332164726,3.3450346109385674,3.4023506919910154,3.401323544219247
2023-07-10,3.438,1,0,0,3.42,3.4421702300349506,3.4159764855443084,3.4418311668724724,3.331857170478556,3.4365423371675727,3.4189812802549455
2023-07-17,3.479,1,0,0,3.438,3.47298132329328,3.458142522513108,3.464796873472469,3.351312520071329,3.4420875153605266,3.4412197440917303
2023-07-24,3.65,1,0,0,3.479,3.594282076548492,3.5367026184374377,3.5929153314472146,3.379820676552119,3.497929897632312,3.5257153140275
2023-07-31,3.731,1,0,0,3.65,3.710833199590362,3.65244888244937,3.7235971266062013,3.4926657248783717,3.701340551883719,3.667376299085742
2023-08-07,3.746,1,0,0,3.731,3.750498518503131,3.725699381046103,3.7524031733263072,3.575402660925155,3.762646930034876,3.7221030465642397
2023-08-14,3.746,1,0,0,3.746,3.7514240682539244,3.7314764549677966,3.754685155940599,3.609294129356906,3.7566469955430453,3.72755412043026
2023-08-21,3.684,1,0,0,3.746,3.7060318568254793,3.7036312716724153,3.7285959303988294,3.644389735372777,3.7392505556827924,3.7092379005004297
2023-08-28,3.68,1,0,0,3.684,3.66718520452883,3.6804452842499638,3.6688759367168866,3.609681887103954,3.678588075673117,3.6630397013656384
2023-09-04,3.692,1,0,0,3.68,3.692239382366251,3.662235930097028,3.6857208052296557,3.597018865311841,3.670581990885281,3.6654359434278287
2023-09-11,3.724,1,0,0,3.692,3.7106001726986433,3.666253190369108,3.689665407281722,3.568538159766824,3.6795769731471104,3.6685887973182627
2023-09-18,3.663,1,0,0,3.724,3.665695995133109,3.6382365142772506,3.6691770285864247,3.595904787136769,3.706979226202111,3.6620529257647925
2023-09-25,3.598,1,0,0,3.663,3.596786097483554,3.6126566289181437,3.623592907648425,3.578633199584084,3.6464287645529065,3.6148614829038546
2023-10-02,3.506,1,0,0,3.598,3.504567883816067,3.5216326204898882,3.512668024216666,3.5245384062531047,3.576283825242909,3.530770040251571
2023-10-09,3.404,1,0,0,3.506,3.410693722252352,3.4324835234927296,3.4251482496938377,3.450775816055658,3.4483308963521884,3.433268726706221
2023-10-16,3.369,1,0,0,3.404,3.364709052389517,3.3498773057161473,3.3560202768696596,3.3561408993825994,3.3473265535510333,3.354797908400602
2023-10-23,3.32,1,0,0,3.369,3.3223482031271874,3.305188198737689,3.3235918302274263,3.307476577051852,3.3337782170781116,3.3207824690298784
2023-10-30,3.245,1,0,0,3.32,3.245820652001582,3.260590411691382,3.2546610670290432,3.2687831961009164,3.288976383323076,3.264858048050069
2023-11-06,3.212,1,0,0,3.245,3.203559819596871,3.204895169155387,3.2055000981115453,3.20453928300024,3.2117004206713813,3.206460220984413
2023-11-13,3.144,1,0,0,3.212,3.1472294134588794,3.149808974928298,3.15178790782105,3.1676007243217343,3.1890793161822932,3.1628665193402004
2023-11-20,3.088,1,0,0,3.144,3.1049479850051678,3.1087593278397376,3.127804769788464,3.1207003461971357,3.1085549091755142,3.113925960827503
2023-11-27,3.104,1,0,0,3.088,3.096187211146109,3.0920140763063073,3.0661237328385633,3.0733032047606095,3.061585691578179,3.0763144557172564
2023-12-04,3.014,1,0,0,3.104,3.025909184619022,3.0247765963604483,3.032903587642847,3.050150297501861,3.0834497186820706,3.0462952202670954
2023-12-11,2.931,1,0,0,3.014,2.9561661035742204,2.977369978980581,2.9721632684720314,3.0021158567695014,2.9952429121885498,2.98032458659606
2023-12-18,3.005,1,0,0,2.931,2.9837033131886455,2.981125464458607,2.98201096808441,2.936209708988531,2.8986281084267254,2.9529338340951954
2023-12-25,2.966,1,0,0,3.005,2.9719901549384433,2.96935219451333,2.987341909677572,2.9492441683374375,2.9838673452752524,2.974343312774557
2024-01-01,2.945,1,0,0,2.966,2.94104401927841,2.97446399529378,2.9555310596004825,2.9326654125294533,2.9485235037921704,2.9494606949882662
2024-01-08,2.944,1,0,0,2.945,2.9360161389034976,2.9640906019075746,2.947697622919377,2.9169249076593027,2.9137186790316023,2.933524041621623
2024-01-15,2.95,1,0,0,2.944,2.956194866871496,2.9696540787360313,2.953255514487255,2.901220356586803,2.931724272607994,2.942082881595552
2024-01-22,2.979,1,0,0,2.95,2.9812485943415035,2.978555394321242,2.9730863719046225,2.910060286158416,2.9451349475001094,2.9580480471911117
2024-01-29,3.021,1,0,0,2.979,3.031492535046973,3.022136489518007,3.0298016476524783,2.9361782659296827,2.9997460930705055,3.005969633238024
2024-02-05,3.083,1,0,0,3.021,3.078345609310262,3.0653072704962256,3.074905707021075,2.959276282489175,3.0715376094561795,3.054599947833486
2024-02-12,3.159,1,0,0,3.083,3.14440583630606,3.110704477539397,3.130714816586765,2.9948800463307608,3.14425346744764,3.1123326042376513
2024-02-19,3.145,1,0,0,3.159,3.1590759344801413,3.1476440097361182,3.182039991220948,3.065842664420943,3.1965287305363295,3.1570665161466405
2024-02-26,3.243,1,0,0,3.145,3.2421453662422146,3.2203010542525714,3.2246514655561804,3.0847475229587964,3.2020542701443246,3.199161875889386
2024-03-04,3.27,1,0,0,3.243,3.2693190477111904,3.2422358566456198,3.2632172904918764,3.129100335298659,3.2875210880888606,3.2461413624222653
2024-03-11,3.348,1,0,0,3.27,3.346729938769218,3.3386433468494747,3.3360798696623064,3.199022407676801,3.3118232707255753,3.3100926599466325
2024-03-18,3.409,1,0,0,3.348,3.407240677026854,3.394018438779433,3.392771282891409,3.2472163672750645,3.383231432884592,3.369910210745022
2024-03-25,3.401,1,0,0,3.409,3.415479308460828,3.4149007130269964,3.4261607310406483,3.3199913520510824,3.459881174157134,3.413798935324463
2024-04-01,3.448,1,0,0,3.401,3.437381850207043,3.4638295264617214,3.4356153922903054,3.34144133891934,3.4378287980311675,3.4252110605694703
2024-04-08,3.479,1,0,0,3.448,3.4730200076941324,3.4763085922625683,3.4643951801235167,3.3653765232388513,3.5006588359721778,3.461341880372675
2024-04-15,3.506,1,0,0,3.479,3.512484716552197,3.4948458739364554,3.4819639909952973,3.3956905490097364,3.491375274638126,3.4788696216298427
2024-04-22,3.498,1,0,0,3.506,3.505708920525791,3.5119194580599085,3.5174247509282144,3.423422374563329,3.5421079885684166,3.5052561172071828
2024-04-29,3.487,1,0,0,3.498,3.4878352021357437,3.497449701261263,3.4940122794640254,3.420822816944009,3.5091578370166148,3.4851987602083425
2024-05-06,3.463,1,0,0,3.487,3.4714959749072136,3.475405112666141,3.4851520709430344,3.427322698790411,3.5094216147875996,3.4777445973094547
2024-05-13,3.451,1,0,0,3.463,3.4333141664697413,3.4493434514525467,3.4370883701275967,3.395776760278448,3.445223032159201,3.433390706962032
2024-05-20,3.434,1,0,0,3.451,3.424718299238571,3.421366963386212,3.429972623219058,3.3742086039331367,3.4161456548409945,3.414909353884088
2024-05-27,3.376,1,0,0,3.434,3.394561124133073,3.399136014497728,3.3940624225934637,3.364683110581544,3.400602628489521,3.391815504379604
2024-06-03,3.297,1,0,0,3.376,3.3245959006694323,3.3621254893865324,3.344509385190815,3.3281277299709977,3.333446965069676,3.337059595370146
2024-06-10,3.31,1,0,0,3.297,3.299685768564959,3.3189469606634625,3.2740356522975116,3.262215512582933,3.246876813410163,3.2769069697048554
2024-06-17,3.322,1,0,0,3.31,3.3184916544482235,3.323134419484067,3.295495036618921,3.2498857984746863,3.2789322709275415,3.2926373070412955
2024-06-24,3.371,1,0,0,3.322,3.3516238115626646,3.3484435134938817,3.358373767717973,3.249181898705686,3.2883508012592544,3.319361848990588
2024-07-01,3.384,1,0,0,3.371,3.3899959801756268,3.3701738254533296,3.3729265969730857,3.2768700988774437,3.372077577678049,3.3604108561722086
2024-07-08,3.388,1,0,0,3.384,3.3813263940842058,3.397943494565907,3.378078312155793,3.304004914937252,3.4039299061625696,3.3762969840451156
2024-07-15,3.364,1,0,0,3.388,3.3739542172566876,3.3890020504377567,3.3627273467145713,3.310535307275439,3.3940408269224704,3.368586378881616
2024-07-22,3.381,1,0,0,3.364,3.3751448393953813,3.374197660238152,3.372390062368419,3.3005521138589975,3.368588510686594,3.360552838776888
2024-07-29,3.357,1,0,0,3.381,3.3662434887351624,3.3621344492691123,3.371615244699786,3.300021441726247,3.391217462389805,3.362592106258899
2024-08-05,3.326,1,0,0,3.357,3.3223660987874637,3.342402418444098,3.324835292550608,3.2846269022801273,3.3604163410721246,3.3295460010724716
2024-08-12,3.286,1,0,0,3.326,3.2900127741638894,3.3035046885286117,3.3049422448278247,3.257536318419472,3.3136838102492563,3.296048479519853
2024-08-19,3.212,1,0,0,3.286,3.230583391062899,3.271980905471968,3.2408031045913384,3.246217957805718,3.2966223707489473,3.258465565152734
2024-08-26,3.191,1,0,0,3.212,3.1848594886367168,3.20871385088249,3.1689305386357374,3.1801974729773432,3.192066868435596,3.1859033776343573
2024-09-02,3.12,1,0,0,3.191,3.138582185325044,3.141994997879926,3.1490181494483336,3.150023337863143,3.169451112910691,3.1512709909992616
2024-09-09,3.057,1,0,0,3.12,3.066195402284642,3.1042618180776693,3.0613355729255205,3.096958257769063,3.0930333652555575,3.0825393978605673
2024-09-16,3.074,1,0,0,3.057,3.068089232066965,3.0478645912959452,3.0565711326132567,3.013141968547005,3.017643451832174,3.0405884920082125
2024-09-23,3.087,1,0,0,3.074,3.073842620169351,3.052888194651418,3.06642981918928,3.0007465785015004,3.052320342665129,3.0517548437066413
2024-09-30,3.026,1,0,0,3.087,3.0378430591951706,3.032601843080697,3.043441160548635,3.0008477452305957,3.0628389056772325,3.038845983744993
2024-10-07,3.069,1,0,0,3.026,3.0563254992686026,3.024879317290479,3.030583072151866,2.9752336966436386,2.97725821034984,3.012417153009846
2024-10-14,3.044,1,0,0,3.069,3.040184720535659,3.024359540209867,3.049573359054301,3.0044316226869885,3.0759100656508807,3.043535007912321
2024-10-21,3.005,1,0,0,3.044,3.0049684967964927,3.0060190729411547,3.0126064937717727,2.9917748396780057,3.0378132657985075,3.013228856399982
2024-10-28,2.975,1,0,0,3.005,2.979711412742147,2.9769629029367595,2.9816541330852977,2.9612164946067696,3.0127926392151507,2.9854081457570585
2024-11-04,2.962,1,0,0,2.975,2.9626996880210816,2.9623774883947354,2.9775605424605134,2.9330650630684167,2.946850552096607,2.956879845484921
2024-11-11,2.95,1,0,0,2.962,2.948456883112344,2.958172863960126,2.950954886559623,2.9213914281937683,2.947259402914593,2.9456395747192006
2024-11-18,2.946,1,0,0,2.95,2.9343776508540356,2.950029456770688,2.9422246441803255,2.899891348896766,2.9367315274931998,2.9332711822850595
2024-11-25,2.936,1,0,0,2.946,2.9363522910628412,2.947294943322593,2.940994245947687,2.8998306752267577,2.927568358659134,2.930640817552211
2024-12-02,2.912,1,0,0,2.936,2.921496696310282,2.9493929714435803,2.919467933115583,2.890566832319034,2.917969893283944,2.919015827560792
2024-12-09,2.933,1,0,0,2.912,2.9246218566525983,2.9410615287994166,2.9162737410532555,2.867447933221188,2.8894994139337484,2.906609995827162
2024-12-16,2.935,1,0,0,2.933,2.9352634946261276,2.9356210565733103,2.927198433729258,2.8728827952220928,2.9126476683459406,2.9174859684896735
2024-12-23,2.914,1,0,0,2.935,2.9291499875954674,2.943307148465372,2.9308485154435515,2.878061796933538,2.9100007344167524,2.9181649785170305
2024-12-30,2.958,1,0,0,2.914,2.948072545800021,2.9478339683916657,2.934012002424588,2.8670516909103614,2.8919110176143366,2.9170858756747515
2025-01-06,2.95,1,0,0,2.958,2.9533886635243416,2.9330744966278535,2.9547812107623996,2.885531269649046,2.9419524954096983,2.9367886732159207
2025-01-13,3.011,1,0,0,2.95,3.002141568959134,2.9866382638697466,2.9682763327170645,2.8975835298751775,2.9576316783166012,2.9639607055162607
2025-01-20,3.006,1,0,0,3.011,3.009805734604006,2.996924668678066,3.0267894958681603,2.9326248745117596,3.0313054939864577,3.004732671721135
2025-01-27,2.972,1,0,0,3.006,2.9872129529743217,3.0003967092706065,2.9943015033256786,2.9476141592850067,3.0180571598109194,2.9922348192049086
2025-02-03,3.022,1,0,0,2.972,3.0082320040765915,2.9921258472658296,3.00555463134859,2.929827691524407,3.007835710438596,2.9925225085153655
2025-02-10,3.021,1,0,0,3.022,3.026936125715684,3.002174133201659,3.0348153493354566,2.9548482737241843,3.0575774307348156,3.021456357878563
2025-02-17,2.997,1,0,0,3.021,3.0059119027543697,3.006155165638054,3.022769312019153,2.9599012919774648,3.0460673556839217,3.012622034736327
2025-02-24,2.951,1,0,0,2.997,2.9741741128783574,2.9899843527473893,2.9928540654814673,2.9530014356784346,3.0186155913170394,2.988631821491643
2025-03-03,2.947,1,0,0,2.951,2.9432050416531665,2.9801334756314986,2.957492650022121,2.922099451067122,2.9586189129055023,2.9520798273820508
2025-03-10,2.943,1,0,0,2.947,2.9459584826439857,2.9783236075331576,2.962636814849308,2.9278058839060526,2.9635417153160604,2.955757947282933
2025-03-17,2.999,1,0,0,2.943,2.9890336943620195,2.9967822104341577,2.976126366939059,2.90637686440289,2.9620155648113373,2.96679349051597
2025-03-24,3.04,1,0,0,2.999,3.031363805440677,3.015860140394641,3.0249701777482234,2.9355136519604943,3.0410964446762456,3.0147525890454316
2025-03-31,3.118,1,0,0,3.04,3.0754382628414465,3.054437022672174,3.0680756891557026,2.9673489041964665,3.0843301869559427,3.05563261945841
2025-04-07,3.043,1,0,0,3.118,3.0669290866201764,3.044275731632883,3.088811708461163,3.0241839003273574,3.1735413969882194,3.0894666276298053
2025-04-14,3.02,1,0,0,3.043,3.0331508420531863,3.024454246164718,3.0492633843981114,2.9882381401994786,3.0391432645438035,3.029664905996661
2025-04-21,3.013,1,0,0,3.02,3.015335717270415,3.007890606152533,3.0324000541212475,2.973951682362504,3.008649809513276,3.0094808183541577
2025-04-28,3.031,1,0,0,3.013,3.027909944564716,3.0156775087534324,3.030167223059866,2.965543300815711,3.0015038650238246,3.0095999964226117
2025-05-05,2.986,1,0,0,3.031,3.0194118546088844,3.011056198493925,3.025114279153813,2.9690040198937986,3.0181016321140866,3.0109178025740864
2025-05-12,3.041,1,0,0,2.986,3.032337115373639,3.016182667069158,3.0229053387780223,2.9429231615319016,2.9829628434982616,3.000527254735678
2025-05-19,3.03,1,0,0,3.041,3.0231402162306855,3.0156267650812167,3.033466921321088,2.9697553144439253,3.0584679969930253,3.024885138820448
2025-05-26,3.008,1,0,0,3.03,3.011256135563937,3.021414137677331,3.023199643966509,2.9742980789032543,3.0265566608050833,3.013254610160062
2025-06-02,2.99,1,0,0,3.008,2.996802826346203,3.010487791462767,3.011738059491584,2.964088417417737,3.0129743351643214,3.000861539889838
2025-06-09,3.023,1,0,0,2.99,3.025166681245522,3.012957709388949,3.002216001726323,2.946443014560717,2.966499024626281,2.990297412334307
2025-06-16,3.102,1,0,0,3.023,3.0663077032959327,3.0355808769864354,3.065795500164824,2.957248204888016,3.0242402930978365,3.033093323410152
2025-06-23,3.047,1,0,0,3.102,3.052316433399982,3.0470764664719048,3.053296292353731,3.0084184359908823,3.1089066038876214,3.0594840943100348
2025-06-30,3.013,1,0,0,3.047,3.0106587622742245,3.031564512151632,3.0135535473447947,3.008176890668798,3.037021295200974,3.020728373030174
2025-07-07,3.018,1,0,0,3.013,3.0169844696176145,3.024281927628474,3.0018529359226225,2.9765415291618242,3.0179744509610673,3.0084188750623664
2025-07-14,3.018,1,0,0,3.018,3.0170079955521025,3.0229509564069112,3.0242387755252405,2.976554421057018,3.0419818442793627,3.019365087028312
2025-07-21,3.023,1,0,0,3.018,3.013691777659277,3.0207310835830232,3.0230195688370567,2.972067226131249,3.016465958553685,3.010643247870276
2025-07-28,3.036,1,0,0,3.023,3.033333327229245,3.02939733503953,3.0301568484530903,2.968886150124048,3.0447184120453623,3.024587274787367
2025-08-04,3.016,1,0,0,3.036,3.0365069189215887,3.024531458154882,3.0268173740136786,2.9757916938448545,3.0685720427939893,3.0312569813036054
2025-08-11,3.018,1,0,0,3.016,3.0135363001273046,3.01858907789065,3.0030102519389605,2.967578523414494,3.032700478919739,3.0095171272737256
2025-08-18,3.038,1,0,0,3.018,3.0277394511651425,3.0169527503675817,3.015813487758365,2.9622526908577087,3.017815501463184,3.010386172310384
2025-08-25,3.058,1,0,0,3.038,3.0545335723492455,3.0265330761735414,3.0286643864655614,2.9713309286314074,3.048007356784018,3.0297605691777774
2025-09-01,3.069,1,0,0,3.058,3.063086020101459,3.0322063274680877,3.0594668055178134,2.9892930957948973,3.0595162437681505,3.0450171361983687
2025-09-08,3.036,1,0,0,3.069,3.0466738716635935,3.0334863453790804,3.057222182624886,3.005696094326516,3.063258223210428,3.0447747892706998
2025-09-15,3.05,1,0,0,3.036,3.034332685533365,3.0242930847938503,3.021920984062743,2.970928683633821,3.003863909843173,3.011931157941768
2025-09-22,2.994,1,0,0,3.05,3.0068336411836403,3.006939128830901,3.012817333192236,2.9778497928202317,3.0342177687693024,3.0106013804358835
2025-09-29,3.0,1,0,0,2.994,2.9889131333446866,2.998786504126407,2.9833098078149654,2.9511081079165744,2.952403956095536,2.973361392882926
2025-10-06,2.932,0,1,0,3.0,2.9959322829057955,2.954076535968347,2.995889913732144,2.9370134300247144,2.9501534941940037,2.966613131365001
2025-10-13,2.898,0,1,0,2.932,2.9371438467635067,2.9211585912625915,2.9439993828468953,2.894433426434363,2.9012154836726554,2.9195901461960023
2025-10-20,2.92,0,1,0,2.898,2.8381112762646477,2.8408276127977867,2.8560502628274045,2.855838453621602,2.8452610476329,2.8472177306288686
2025-10-27,2.898,0,1,0,2.92,2.911073488163655,2.837641348588787,2.9251050780796968,2.84566713842382,2.8799286425634105,2.8798831391638737
2025-11-03,2.927,0,1,0,2.898,2.835044107993132,2.826036259495142,2.867728520471049,2.8455192360410484,2.8366079598683167,2.8421872167737376
2025-11-10,2.939,0,1,0,2.927,2.9299098666695143,2.8243759029445954,2.9290408892483035,2.8519948588776054,2.886351543817453,2.8843346123114944
2025-11-17,2.936,0,1,0,2.939,2.9596908381480103,2.864875164736116,2.9429102481150746,2.867843463581926,2.903219730089786,2.9077078889341825
2025-11-24,2.854,0,1,0,2.936,2.964011008765981,2.893590415389168,2.945153644101789,2.8742355141446865,2.9142685888411526,2.918251834248556
2025-12-01,2.819,0,1,0,2.854,2.808910896369757,2.819492457000591,2.810857935265975,2.8340456468646464,2.840319837969535,2.8227253546941014
2025-12-08,2.773,0,1,0,2.819,2.8004680769840786,2.7506571165486178,2.794462186171274,2.7984455811401916,2.794175149323275,2.7876416220334876
2025-12-15,2.72,0,1,0,2.773,2.736688877699405,2.6822684859779553,2.7504203212572174,2.7533096080263357,2.764171390287632,2.7373717366497097
2025-12-22,2.69,0,1,0,2.72,2.672900671188387,2.5999087288149525,2.705505286607757,2.7048888725416855,2.6945508437562626,2.675550880581809
2025-12-29,2.681,0,1,0,2.69,2.6633548792260804,2.568555179481823,2.650230907487217,2.674341226951152,2.6741038322320136,2.646117205075657
2026-01-05,2.665,0,1,0,2.681,2.6668871191239796,2.6381821712055307,2.6607496970884688,2.6512468314682214,2.6633206817667787,2.657262352183074
2026-01-12,2.7,0,1,0,2.665,2.669562452052907,2.6189145173442125,2.6599117497579,2.6367681923591992,2.659524056839422,2.6508806919721075
2026-01-19,2.747,0,1,0,2.7,2.6780606526532322,2.6294249767131075,2.6986259480340817,2.65251417847485,2.7090991630007117,2.6773771081896376
2026-01-26,2.747,0,1,0,2.747,2.7695799990046543,2.6425527932234116,2.777214480611485,2.675278464487387,2.7449215164965817,2.727424397659706
2026-02-02,2.77,0,1,0,2.747,2.7932028917438907,2.6681828151111158,2.774700759049088,2.6943702509677703,2.7972168519439227,2.7510401565187665
2026-02-09,2.79,0,1,0,2.77,2.7922286654774457,2.677243540393742,2.778174462468199,2.715291420402431,2.8003819534011205,2.758113666072413
2026-02-16,2.796,0,1,0,2.79,2.8038762328079065,2.745248912111708,2.7928252074139115,2.74701645085047,2.8502499867024937,2.791483527779393
2026-02-23,2.884,0,1,0,2.796,2.8233628354372335,2.7116400325063226,2.798320883091005,2.748065782229179,2.8535793136879066,2.7926311256327843
2026-03-02,3.364,0,1,0,2.884,2.941463182623864,2.755114523655064,2.8639911551772634,2.7971824644454166,2.8960234911979277,2.8563182273310415
2026-03-09,3.566,0,1,0,3.364,3.367402830054639,2.9722306009713213,3.3520919406701153,3.0501354670942806,3.416692482117786,3.251146291688205
2026-03-16,3.788,0,1,0,3.566,3.57690109345851,3.122499800708203,3.6561921222110936,3.3093000997275994,3.5073333958337405,3.4569153631323157
2026-03-23,3.814,0,1,0,3.788,3.7259808518168605,3.4051829796064035,3.8081259267414733,3.5318029575561787,3.81152483750979,3.6767681523086333
2026-03-30,3.947,0,1,0,3.814,3.718831269839501,3.5211896273455796,3.8197486364948294,3.6422606275912783,3.7891067593458954,3.713013404002628
2026-04-06,3.962,0,1,0,3.947,3.931678670905093,3.874492659706299,4.000375790187123,3.793545262872269,3.9882276400155905,3.9357851716015384
2026-04-13,3.885,0,1,0,3.962,3.99141570252756,3.854056842223833,4.011563614639757,3.8418719168811775,4.001113468700315,3.961101368269028
2026-04-20,3.948,0,1,0,3.885,3.8756993859015587,3.8806023590734706,3.8567487442271777,3.807868371419915,3.884133304968044,3.8637937785254572
2026-04-27,4.305,0,1,0,3.948,4.040897509503624,3.8848978940722985,4.0147705307302255,3.820864993868253,3.9349866725038884,3.958520332231706
2026-05-04,4.353,0,1,0,4.305,4.203803637045228,4.069141469880035,4.367536374891267,4.0129705083196985,4.33559031369556,4.233136560670193
2026-05-11,4.334,0,1,0,4.353,4.305966664196636,4.204065695710286,4.402109939007653,4.151882813685903,4.394447451567635,4.3171465426183415
2026-05-18,4.327,0,1,0,4.334,4.354931260025073,4.264646127173558,4.357923854727018,4.186188355600063,4.34962881856722,4.31939502690374
2026-05-25,4.138,0,1,0,4.327,4.435632000160976,4.3151729057794075,4.565661608211235,4.223089128429195,4.353324460444188,4.402872427688958
2026-06-01,3.986,0,1,0,4.138,4.3972780374715725,4.298439922438673,4.473516103559911,4.108228442222284,4.091888874318077,4.288170866147559
2026-06-08,3.908,0,1,0,3.986,4.113493091282278,4.058618398352721,4.081368683319518,3.957505317513009,3.8896652106586727,4.021899592437936
2026-06-15,3.771,0,1,0,3.908,3.9363676615924814,3.9316212864463465,3.908188776730793,3.8644667017982037,3.832927423786252,3.8931621086163384
2026-06-22,3.7,0,1,0,3.771,3.9086797370248125,3.858384184140995,3.783155678848539,3.7468445538600763,3.6762210697705173,3.7915522830825292
2026-06-29,3.645,0,1,0,3.7,3.782757126365705,3.754720845500208,3.6626176700249022,3.6725232824929113,3.594756024280789,3.6878884520103408
2026-07-06,3.728,0,1,0,3.645,3.710977387236852,3.6272115555849638,3.6342127623208422,3.620009327513289,3.590450162128828,3.636230041471879
2026-07-13,3.863,0,1,0,3.728,3.668306163515918,3.606149432526333,3.6770487459208057,3.6169172684670268,3.662586027759124,3.651479288321909
2026-07-20,3.952,0,1,0,3.863,3.905805063929252,3.6862400309573387,3.8520212113100443,3.700960726233858,3.813089521936429,3.8055292646421592
2026-07-27,3.935,0,1,0,3.952,4.064217725198693,3.8007017958201588,4.048296414917764,3.8031512798391973,3.924951230511486,3.9441499386495487
2026-08-03,3.864,0,1,0,3.935,4.091038103169323,3.86077379489644,3.97594127476281,3.8312305450360684,3.936346378896448,3.950911258090773
2026-08-10,3.919,0,1,0,3.864,3.961878706788813,3.7790258624679236,3.7957080148730267,3.774404385302777,3.8144604349287645,3.831498119295772
2026-08-17,3.949,0,1,0,3.919,4.032083476734016,3.792158200610661,3.9447938527601636,3.801549484808369,3.8846354028065706,3.9031904941783093
2026-08-24,3.916,0,1,0,3.949,4.155013366871154,3.843120518632737,4.002231408083248,3.83284438070367,3.90935207320623,3.9611907796934736
2026-08-31,3.996,0,1,0,3.916,3.9938899101249397,3.8734710125467413,3.969648069592919,3.830695204462458,3.900637751135234,3.9203771267564185
2026-09-07,4.168,0,1,0,3.996,4.172134384998,3.8878445020487575,4.03495745665381,3.8804718541977636,3.9981801274543534,4.009475329618242
2026-09-14,4.337,0,1,0,4.168,4.1756368689613,3.897295108747634,4.055676193209412,3.940232415070371,4.1289176354823915,4.060419701364691
2026-09-21,4.309,0,1,0,4.337,4.054667223130083,3.9633767167063425,4.1513863243657125,4.070744129087547,4.33042463712799,4.1379704999382785
2026-09-28,4.157,0,1,0,4.309,4.301652344870733,4.055208659380949,4.214772025990844,4.1415410434751205,4.302346884104866,4.222809426478036
2026-10-05,,0,0,1,4.157,4.2159569041950915,4.07204268363396,4.159466063635524,4.096318859939821,4.150418629259275,4.14689013275483
