week_date,brent_etf,wti_crude,usd_index,natural_gas,rbob_gasoline,ung_etf,uso_etf,energy_xle,sp500,treasury_10y,gas_us_avg,gas_midwest,crude_wti,crude_brent,cpi_energy,cpi_gasoline,unemployment,gdp_growth,eia_gas_us_regular,eia_gas_stocks_total,eia_crude_stocks,eia_total_pet_stocks,eia_gas_demand,eia_crude_input_mbbl,eia_crude_imports,eia_gas_days_supply,eia_gas_stocks_total_zscore,eia_crude_stocks_zscore,eia_total_pet_stocks_zscore,eia_gas_demand_trend,eia_gas_chg_1w,eia_gas_chg_4w,eia_gas_chg_12w
2000-01-03,,,100.22000122070312,,,,,6.608262062072754,1455.219970703125,6.547999858856201,1.26,1.353,,,115.0,115.9,4.0,1.5,1.309,191997.0,842310.0,1495432.0,8851.0,14390.0,8054.0,151.84487628516553,,,,,,,
2000-01-10,,,100.98999786376953,,,,,6.927013874053955,1457.5999755859375,6.558000087738037,1.252,1.345,24.71,22.77,115.0,115.9,4.0,1.5,1.307,194173.0,844791.0,1488583.0,7907.0,13905.0,8508.0,171.89970911850259,,,,,,,
2000-01-17,,,102.05000305175781,,,,,6.981431007385254,1465.1500244140625,6.673999786376953,1.268,1.362,28.01,25.99,115.0,115.9,4.0,1.5,1.307,198240.0,844982.0,1486494.0,7543.0,13746.0,7396.0,183.96924300676122,,,,,-0.0015278838808250317,,
2000-01-24,,,102.19999694824219,,,,,6.981431007385254,1401.530029296875,6.684000015258789,1.307,1.397,29.25,27.02,115.0,115.9,4.0,1.5,1.418,200815.0,843147.0,1478838.0,7919.0,13850.0,8448.0,177.51041798206845,,,,,0.0,,
2000-01-31,,,105.12999725341797,,,,,6.794844150543213,1394.4599609375,6.666999816894531,1.307,1.398,27.65,27.08,115.0,115.9,4.0,1.5,1.439,201447.0,835028.0,1465376.0,8385.0,14087.0,6746.0,168.17280858676207,,,,,0.08492731446059687,,
2000-02-07,,,104.63999938964844,,,,,6.6199235916137695,1424.239990234375,6.63100004196167,1.319,1.406,28.4,27.94,118.8,119.8,4.1,1.5,1.47,200937.0,838976.0,1460659.0,7642.0,13707.0,8416.0,184.05639884846897,,,,,0.01480959097320178,0.09931245225362884,
2000-02-14,,,104.72000122070312,,,,,6.499417304992676,1389.93994140625,6.539000034332275,1.35,1.438,30.3,28.03,118.8,119.8,4.1,1.5,1.456,199593.0,839088.0,1453846.0,8375.0,13882.0,8198.0,166.824,,,,,0.02154273801250861,0.12471308339709264,
2000-02-21,,,104.58000183105469,,,,,6.596599578857422,1346.0899658203125,6.482999801635742,1.4,1.487,29.51,26.93,118.8,119.8,4.1,1.5,1.456,196688.0,838780.0,1448711.0,8524.0,14004.0,8265.0,161.52229000469262,,,,,-0.00952380952380949,0.1140015302218822,
2000-02-28,,,105.2699966430664,,,,,6.359478950500488,1348.050048828125,6.414000034332275,1.413,1.499,30.11,28.7,118.8,119.8,4.1,1.5,1.461,196523.0,838911.0,1447866.0,8072.0,14184.0,7684.0,170.42381070366702,,,,,0.0,0.026798307475317307,
2000-03-06,,,106.16000366210938,,,,,6.647130966186523,1391.280029296875,6.408999919891357,1.49,1.579,32.19,30.08,124.3,133.2,4.0,1.5,1.49,200970.0,843876.0,1455792.0,7608.0,14201.0,8818.0,184.90930599369085,,,,,0.003434065934065922,0.015288394718554477,
2000-03-13,,,105.5,,,,,6.802620887756348,1383.6199951171875,6.361999988555908,1.511,1.6,32.11,29.25,124.3,133.2,4.0,1.5,1.496,198819.0,844307.0,1449330.0,8662.0,14453.0,7953.0,160.6710921265297,,,,,0.019849418206707714,0.013605442176870763,
2000-03-20,,,105.1500015258789,,,,,6.825414180755615,1456.6300048828125,6.171000003814697,1.508,1.597,29.33,25.59,124.3,133.2,4.0,1.5,1.479,199255.0,845945.0,1450142.0,8201.0,14428.0,8628.0,170.0749908547738,,,,,0.00402684563758382,0.027472527472527597,
2000-03-27,,,105.44999694824219,,,,,7.020418643951416,1523.8599853515625,6.195000171661377,1.484,1.576,27.59,25.16,124.3,133.2,4.0,1.5,1.451,201120.0,845795.0,1449226.0,8384.0,14702.0,8043.0,167.91984732824426,,,,,-0.011363636363636354,0.015796703296703463,
2000-04-03,,,105.54000091552734,,,,,7.441646099090576,1505.969970703125,5.986000061035156,1.478,1.572,26.28,24.62,120.9,125.6,3.8,7.5,1.442,203808.0,847336.0,1452797.0,7896.0,14941.0,9282.0,180.68085106382978,1.8089953478460017,1.5469379140172583,-0.6373478550872261,0.006653436784101574,-0.01893171061528065,-0.006844626967830281,0.10847975553857925
2000-04-10,,,105.68000030517578,,,,,7.098425388336182,1504.4599609375,5.791999816894531,1.447,1.541,23.91,21.08,120.9,125.6,3.8,7.5,1.419,203566.0,850183.0,1458485.0,8655.0,15010.0,9205.0,164.64032351242057,1.4850103732820752,2.161717605875221,-0.2709651598430986,0.017825022593863205,-0.006202618883528688,-0.03221476510067112,0.10328997704667175
2000-04-17,,,106.12999725341797,,,,,6.942419052124023,1401.43994140625,5.992000102996826,1.415,1.508,26.06,22.2,120.9,125.6,3.8,7.5,1.398,202022.0,855678.0,1461306.0,8557.0,15048.0,9124.0,165.26282575669043,0.8641598537855663,3.1782053035594156,-0.08950399463177856,0.01334159707724436,-0.015950069348127593,-0.051470588235294046,0.08569242540168331
2000-04-24,,,107.27999877929688,,,,,7.219336986541748,1429.8599853515625,5.986999988555908,1.406,1.495,27.41,23.57,120.9,125.6,3.8,7.5,1.428,200684.0,860748.0,1469464.0,8616.0,15011.0,9708.0,163.04410399257196,0.4049666863081475,3.3899187134130044,0.42865381343295045,0.02124545475335604,-0.014799154334038112,-0.05476673427991896,-0.014104372355430161
2000-05-01,,,109.62999725341797,,,,,7.324638366699219,1468.25,6.255000114440918,1.386,1.477,25.84,23.79,120.0,123.6,4.0,7.5,1.418,202506.0,857484.0,1475455.0,8302.0,15368.0,8701.0,170.74704890387858,0.9700771819771082,2.000935089035095,0.8030268812403335,0.02525089951858761,0.02145922746781115,-0.015851137146795424,-0.007644197359277349
2000-05-08,,,111.44999694824219,,,,,7.597656726837158,1424.1700439453125,6.559999942779541,1.427,1.518,28.05,26.03,120.0,123.6,4.0,7.5,1.402,200770.0,862020.0,1481619.0,8679.0,15152.0,9353.0,161.92994584629565,0.36624509326685784,2.4099976309494076,1.1719327433537352,0.0370427889452325,-0.007002801120448154,-0.01664355062413314,-0.03537414965986396
2000-05-15,,,110.55999755859375,,,,,8.053987503051758,1452.3599853515625,6.459000110626221,1.466,1.556,29.95,28.26,120.0,123.6,4.0,7.5,1.415,202479.0,862270.0,1486201.0,8242.0,15443.0,8908.0,171.9671196311575,0.9137518878375968,2.0744480666518417,1.3993861837333765,0.03478485501792328,-0.01128349788434413,-0.011980267794221344,-0.03708791208791207
2000-05-22,,,111.05999755859375,,,,,7.874574661254883,1400.719970703125,6.420000076293945,1.494,1.581,28.62,28.45,120.0,123.6,4.0,7.5,1.432,203561.0,863219.0,1491647.0,8408.0,15535.0,9341.0,169.4727640342531,1.2280784160732023,1.9419882396852501,1.6470937885415293,0.025299963640770917,0.009272467902995851,0.012160228898426384,-0.02815934065934056
2000-05-29,,,109.12000274658203,,,,,7.71076774597168,1378.02001953125,6.320000171661377,1.509,1.594,29.76,30.09,120.0,123.6,4.0,7.5,1.431,201075.0,858618.0,1492433.0,9075.0,15669.0,8672.0,155.09917355371903,0.3495818415861802,1.2191949894334406,1.5581930745799462,0.018075224300574178,0.012014134275618371,0.0028011204481792618,-0.019849418206707825
2000-06-05,,,107.45999908447266,,,,,7.597656726837158,1467.6300048828125,6.10099983215332,1.535,1.615,29.87,28.27,126.8,135.2,4.0,7.5,1.419,201348.0,854488.0,1500118.0,8863.0,15676.0,8660.0,159.02470946632067,0.43153685872981906,0.6892724227584671,1.899745797458242,0.03681583316438619,-0.0006983240223462639,0.009167842031029716,-0.039597315436241565
2000-06-12,,,106.97000122070312,,,,,7.956482410430908,1446.0,6.074999809265137,1.607,1.68,31.76,30.1,126.8,135.2,4.0,7.5,1.411,202699.0,853052.0,1503981.0,8403.0,15619.0,8846.0,168.85552778769488,0.8776652382751602,0.5045908493202336,1.9415018937408248,0.03927029879915955,-0.008385744234800874,0.012125534950071515,-0.051470588235294046
2000-06-19,,,106.33000183105469,,,,,7.896979808807373,1486.0,5.989999771118164,1.664,1.73,31.57,27.69,126.8,135.2,4.0,7.5,1.423,202768.0,848491.0,1499476.0,8895.0,15723.0,9477.0,159.57009555930298,0.8693963298512519,-0.03486684990275519,1.522389852242137,0.04367544513913568,-0.005637773079633535,-0.002826855123674865,-0.04597701149425293
2000-06-26,,,108.11000061035156,,,,,7.818594932556152,1455.31005859375,6.09499979019165,1.641,1.712,31.56,30.9,126.8,135.2,4.0,7.5,1.432,204280.0,847822.0,1504672.0,8475.0,15732.0,9374.0,168.7268436578171,1.3567478742303922,-0.11308860074416018,1.6964482910244922,0.05540486140397971,0.00850460666194186,-0.006284916201117263,-0.019297036526533473
2000-07-03,,,107.05999755859375,,,,,7.657916069030762,1469.5400390625,5.980000019073486,1.606,1.682,32.44,32.15,127.3,133.7,4.0,0.4,1.453,204522.0,846028.0,1505255.0,8620.0,15668.0,8939.0,166.08515081206497,1.366479766655782,-0.32683271324367535,1.6058056607672728,0.03681973298209895,0.006324666198172846,0.0006988120195665637,-0.006934812760055475
2000-07-10,,,107.01000213623047,,,,,7.485472679138184,1475.6199951171875,6.026000022888184,1.571,1.654,29.51,30.58,127.3,133.7,4.0,0.4,1.449,205147.0,847777.0,1512449.0,8519.0,15655.0,9824.0,168.56778964667214,1.5035849262197802,-0.10610976877528344,1.8565651184734748,0.028321130054615562,0.014664804469273873,0.02396053558844269,0.02396053558844269
2000-07-17,,,108.69999694824219,,,,,7.4266886711120605,1510.489990234375,6.145999908447266,1.521,1.61,30.71,28.44,127.3,133.7,4.0,0.4,1.435,205638.0,847768.0,1512278.0,8844.0,15781.0,9341.0,162.7618724559023,1.5787346946625798,-0.10537045384357124,1.7098207771120133,0.03109553607252913,-0.002752924982794225,0.02693125442948263,0.03648068669527915
2000-07-24,,,108.69000244140625,,,,,7.183703422546387,1464.2900390625,6.025000095367432,1.499,1.591,27.97,26.84,127.3,133.7,4.0,0.4,1.424,206907.0,848042.0,1518438.0,8361.0,15832.0,9983.0,173.22676713311807,1.889725975277428,-0.06877518793855038,1.8802851725873733,0.02755201092455639,-0.009661835748792313,0.008432888264230609,0.004901960784313708
2000-07-31,,,109.56999969482422,,,,,7.320868968963623,1430.8299560546875,6.0289998054504395,1.447,1.541,27.5,25.3,127.3,133.7,4.0,0.4,1.408,206253.0,837588.0,1509933.0,8614.0,15829.0,8784.0,167.60749941954955,1.5549829284299983,-1.419095130124945,1.3739719873703433,0.024244183503457473,-0.0076655052264809065,-0.005586592178770999,0.004231311706629048
2000-08-07,,,110.80000305175781,,,,,7.622640609741211,1479.3199462890625,5.947999954223633,1.437,1.532,28.93,27.56,123.8,126.3,4.1,0.4,1.41,204582.0,840011.0,1512640.0,8759.0,15695.0,9429.0,163.49743121360888,0.9745838055283063,-1.0437072670130023,1.4285937488676057,0.023154823008339154,-0.011235955056179803,-0.030970406056435085,0.004279600570613384
2000-08-14,,,111.08000183105469,,,,,7.9479265213012695,1491.56005859375,5.770999908447266,1.42,1.511,31.92,29.24,123.8,126.3,4.1,0.4,1.447,202442.0,843925.0,1513535.0,8813.0,15709.0,9696.0,160.79586973788722,0.3071127691886851,-0.5124690860689062,1.4006961792633184,0.028892790192519335,0.0014204545454545858,-0.0269151138716357,-0.0035335689045937757
2000-08-21,,,111.45999908447266,,,,,8.151721000671387,1499.47998046875,5.770999908447266,1.444,1.534,32.42,31.34,123.8,126.3,4.1,0.4,1.471,201200.0,839767.0,1514500.0,8786.0,15764.0,9318.0,160.3004780332347,-0.07366113240654668,-1.037847658569844,1.3799572053860585,0.02644785698079355,0.026241134751773254,0.00836236933797907,0.010474860335195624
2000-08-28,,32.869998931884766,111.45999908447266,,,,,8.214425086975098,1514.0899658203125,5.765999794006348,1.456,1.544,32.92,33.29,123.8,126.3,4.1,0.4,1.536,196372.0,842054.0,1513820.0,8960.0,15623.0,9296.0,153.415625,-1.5559142937800061,-0.7125597039448006,1.294326848011658,0.03772669354697933,0.016586040082930298,0.03300561797752821,0.02795248078266943
2000-09-04,,33.380001068115234,111.41999816894531,4.835000038146973,,,,8.202670097351074,1520.77001953125,5.675000190734863,1.502,1.586,33.42,36.02,129.2,134.2,3.9,0.4,1.609,195498.0,844797.0,1518874.0,8644.0,15787.0,9671.0,158.31628875520593,-1.7456193809456018,-0.3420554708958429,1.453248190711817,0.04609616979503417,0.04418762746431004,0.09090909090909105,0.08245243128964064
2000-09-11,,35.099998474121094,115.37000274658203,5.014999866485596,,,,8.5083589553833,1489.260009765625,5.757999897003174,1.535,1.615,35.14,36.87,129.2,134.2,3.9,0.4,1.629,191795.0,844129.0,1517360.0,8573.0,15765.0,9497.0,156.60387262335237,-2.7371555926339446,-0.4245039353424309,1.3308898927743646,0.04199185026590224,0.04752604166666674,0.14113475177304968,0.14032600992204114
2000-09-18,,36.880001068115234,116.0,5.295000076293945,,,,8.564824104309082,1444.510009765625,5.870999813079834,1.539,1.619,36.75,34.55,129.2,134.2,3.9,0.4,1.653,187566.0,841647.0,1510299.0,8814.0,15318.0,9034.0,148.96324029952348,-3.6011708190819594,-0.747339436520922,0.9995062053246568,0.03446784078405285,0.0124300807955251,0.12577747062888722,0.1447645818692902
2000-09-25,,31.56999969482422,114.05999755859375,5.276000022888184,,,,7.935059070587158,1439.030029296875,5.833000183105469,1.525,1.607,31.5,30.01,129.2,134.2,3.9,0.4,1.657,190559.0,841146.0,1510336.0,8153.0,15669.0,9464.0,163.61008217833924,-2.3523563759602353,-0.7991238442899476,0.9750437065758071,0.03412237203138324,0.014732965009208066,0.12372535690006803,0.15432960893854752
2000-10-02,,32.150001525878906,113.79000091552734,5.3520002365112305,,,,8.423123359680176,1436.22998046875,5.820000171661377,1.498,1.58,32.05,29.65,129.6,132.6,3.9,2.4,1.625,195621.0,841541.0,1514777.0,7819.0,15572.0,8990.0,175.1307072515667,-1.0391696014425806,-0.7295046782502635,1.1289412372188674,0.011210592265146424,0.002419842710223774,0.07877604166666674,0.14039917412250502
2000-10-09,,31.8799991607666,114.80999755859375,5.150000095367432,,,,8.249938011169434,1402.030029296875,5.815999984741211,1.473,1.554,31.98,29.99,129.6,132.6,3.9,2.4,1.614,195840.0,842032.0,1519530.0,8340.0,15139.0,9139.0,164.37410071942446,-0.963610648243129,-0.6493688193657812,1.287199709368078,-0.01134497863184547,-0.01931200965600488,0.009944064636420169,0.12146307798481715
2000-10-16,,33.099998474121094,116.38999938964844,5.355000019073486,,,,8.234196662902832,1374.6199951171875,5.739999771118164,1.516,1.6,33.18,32.03,129.6,132.6,3.9,2.4,1.67,193261.0,837997.0,1508537.0,8663.0,14943.0,8983.0,156.16149140020778,-1.517677312783775,-1.1873656299717554,0.8103949988400503,-0.017979338149804236,-0.00676923076923075,-0.009208103130755041,0.1247386759581881
2000-10-23,,33.72999954223633,117.54000091552734,5.072000026702881,,,,8.194836616516113,1395.780029296875,5.581999778747559,1.532,1.614,34.9,30.98,129.6,132.6,3.9,2.4,1.648,192240.0,840402.0,1507820.0,8604.0,15135.0,9631.0,156.40167364016736,-1.6843051245664356,-0.8280086358666812,0.7660328875235839,-0.02308977176860294,0.034696406443618155,0.010284331518451317,0.172752808988764
2000-10-30,,32.810001373291016,117.25,4.480000019073486,,,,7.9744181632995605,1398.6600341796875,5.728000164031982,1.523,1.608,32.86,31.09,129.6,132.6,3.9,2.4,1.629,188097.0,836037.0,1499492.0,8942.0,15351.0,9320.0,147.24658912994857,-2.5051300693221608,-1.4056155345282926,0.418713725961345,-0.01017973968734942,-0.013173652694610793,-0.005431502715751435,0.17045454545454541
2000-11-06,,32.86000061035156,115.69000244140625,4.848999977111816,0.8824999928474426,,,7.998035907745361,1432.18994140625,5.855000019073486,1.502,1.586,33.02,31.0,129.2,131.8,3.9,2.4,1.61,186147.0,832589.0,1494974.0,8780.0,15359.0,9328.0,148.40876993166287,-2.7115178845228427,-1.8229901208186388,0.2305932093631141,0.021700849806568945,-0.011529126213592145,0.002461538461538515,0.15531914893617027
2000-11-13,,34.43000030517578,115.69999694824219,5.690000057220459,0.8849999904632568,,,8.013777732849121,1351.260009765625,5.761000156402588,1.501,1.587,34.3,32.5,129.2,131.8,3.9,2.4,1.603,189003.0,832589.0,1496644.0,8216.0,15291.0,8561.0,161.02981986368061,-1.937250368734437,-1.73859156111923,0.29617370572400636,0.03382626783664744,-0.011663597298956385,-0.0024783147459727095,0.11264685556323428
2000-11-20,,35.220001220703125,117.3499984741211,6.239999771118164,0.919700026512146,,,8.143665313720703,1342.6199951171875,5.664000034332275,1.487,1.573,35.98,34.23,129.2,131.8,3.9,2.4,1.627,188941.0,834581.0,1492678.0,8419.0,15082.0,8853.0,157.0954982777052,-1.8527705071707585,-1.4090458751672537,0.12900221675309115,0.021261662420333005,-0.004347826086956608,-0.040119760479041866,0.08973487423521398
2000-11-27,,35.380001068115234,117.0999984741211,6.380000114440918,0.906000018119812,,,8.24600887298584,1348.969970703125,5.625999927520752,1.489,1.575,36.24,33.47,129.2,131.8,3.9,2.4,1.645,191190.0,828454.0,1486540.0,8063.0,14787.0,7916.0,165.9841250155029,-1.3617598492451357,-2.144389299570843,-0.12850853752043317,0.015885847874337555,0.014971927635683002,-0.012742718446601908,0.05924479166666674
2000-12-04,,31.299999237060547,113.70999908447266,7.449999809265137,0.8025000095367432,,,7.911440849304199,1324.969970703125,5.521999835968018,1.464,1.55,31.28,30.37,130.1,130.5,3.9,2.4,1.622,195234.0,828995.0,1490938.0,8233.0,15000.0,8712.0,165.99514150370462,-0.5967613001489755,-1.9592166108734852,0.058310312634697554,-0.009147973214616134,0.011063306699446773,0.009821976672805377,0.02237414543194527
2000-12-11,,29.450000762939453,114.29000091552734,9.420000076293945,0.7645000219345093,,,7.828784465789795,1380.199951171875,5.360000133514404,1.425,1.514,29.75,27.28,130.1,130.5,3.9,2.4,1.577,196568.0,820530.0,1475782.0,8711.0,15171.0,8810.0,157.95844334749168,-0.34772450561512047,-2.8762849970960733,-0.5882019312399662,-0.02483392880452917,-0.013981762917933072,0.007453416149068248,-0.0042971147943523524
2000-12-18,,29.649999618530273,113.06999969482422,8.527000427246094,0.7760000228881836,,,8.021946907043457,1322.739990234375,5.156000137329102,1.396,1.485,29.52,25.11,130.1,130.5,3.9,2.4,1.545,198983.0,819194.0,1474945.0,8475.0,15311.0,9445.0,164.35174041297935,0.0961453959333575,-2.783140359908666,-0.6162799711979193,-0.01080520562798759,-0.027743526510480954,-0.016219588271989993,-0.04597701149425293
2000-12-25,,26.18000030517578,110.81999969482422,9.579000473022461,0.7408999800682068,,,8.085110664367676,1305.949951171875,5.001999855041504,1.388,1.467,26.16,22.23,130.1,130.5,3.9,2.4,1.515,196401.0,816514.0,1466328.0,8400.0,15186.0,8637.0,163.6675,-0.3799746367207384,-2.845556259460334,-0.9801120962896734,-0.009210562961862623,-0.02029169308814205,-0.05039950829748008,-0.06759203379601697
2001-01-01,,26.799999237060547,109.55999755859375,9.774999618530273,0.7857999801635742,,,8.385144233703613,1320.280029296875,5.110000133514404,1.377,1.467,26.72,22.58,135.0,130.6,4.2,-1.3,1.522,193771.0,813959.0,1455285.0,8693.0,15306.0,8877.0,156.03324513976762,-0.8639860594185604,-2.8695454054991307,-1.4389242027523121,0.0008719130181393808,-0.01941747572815533,-0.07902735562310037,-0.06769230769230772
2001-01-08,,27.350000381469727,108.86000061035156,9.699999809265137,0.8349999785423279,,,8.037734985351562,1295.8599853515625,4.896999835968018,1.4,1.492,27.44,24.75,135.0,130.6,4.2,-1.3,1.52,195663.0,812750.0,1451739.0,7825.0,15099.0,9362.0,175.03399361022363,-0.522645823486925,-2.7267910633456873,-1.5301587478376864,0.01485062832209083,0.004620462046204699,-0.06165228113440202,-0.057001239157372985
2001-01-15,,30.049999237060547,109.97000122070312,8.472000122070312,0.9007999897003174,,,7.9627275466918945,1318.550048828125,5.230000019073486,1.458,1.546,30.07,26.03,135.0,130.6,4.2,-1.3,1.509,198713.0,811740.0,1447486.0,8225.0,15125.0,8508.0,169.11744680851064,0.04205852210543258,-2.585558203034199,-1.6439308884439718,-0.011195287729144576,-0.0013140604467805073,-0.03614457831325302,-0.08982035928143706
2001-01-22,,32.0,110.23999786376953,7.456999778747559,0.8759999871253967,,,7.8166584968566895,1342.9000244140625,5.2210001945495605,1.456,1.543,32.21,27.69,135.0,130.6,4.2,-1.3,1.528,200703.0,810630.0,1449523.0,7894.0,14926.0,7806.0,177.9732708386116,0.41355128335859487,-2.4737125302341387,-1.4900503025891407,-0.020120262175180703,-0.007236842105263208,-0.023300970873786464,-0.08434466019417475
2001-01-29,,29.059999465942383,111.7699966430664,6.619999885559082,0.8769999742507935,,,7.963827133178711,1364.1700439453125,5.295000076293945,1.446,1.533,29.07,26.95,135.0,130.6,4.2,-1.3,1.539,205882.0,807060.0,1447034.0,7338.0,14916.0,8751.0,196.39874625238485,1.3854508192217798,-2.564998853756751,-1.5366025885140855,-0.03502539341022237,0.012591119946984808,0.008580858085808662,-0.06200122774708405
2001-02-05,,30.5,109.88999938964844,5.705999851226807,0.8858000040054321,,,8.312503814697266,1354.31005859375,5.145999908447266,1.426,1.517,30.55,29.25,134.1,129.2,4.2,-1.3,1.52,203783.0,810971.0,1449312.0,8589.0,14727.0,9217.0,166.08231458842707,0.9607923475693646,-2.099958809238806,-1.4090781379950645,-0.07288080723336532,0.007198952879581055,0.011169513797634645,-0.04409937888198767
2001-02-12,,30.549999237060547,111.19000244140625,5.809999942779541,0.8920000195503235,,,8.45651912689209,1330.31005859375,5.047999858856201,1.46,1.547,30.52,29.32,134.1,129.2,4.2,-1.3,1.518,202920.0,814338.0,1449080.0,8032.0,14667.0,9056.0,176.847609561753,0.7857003939068217,-1.7466283945660672,-1.3953585908393986,-0.052283879421540114,-0.012345679012345623,0.0,-0.051777916406737345
2001-02-19,,29.15999984741211,111.91999816894531,5.567999839782715,0.8644999861717224,,,8.342820167541504,1301.530029296875,5.0929999351501465,1.429,1.517,29.22,27.05,134.1,129.2,4.2,-1.3,1.48,204595.0,802458.0,1441474.0,7850.0,14794.0,7689.0,182.44140127388536,1.0750567492191179,-2.462585718906618,-1.677594752148532,-0.057255975120549696,-0.001315789473684159,0.0059642147117298094,-0.06699446834665024
2001-02-26,,28.440000534057617,112.7699966430664,5.059999942779541,0.8379999995231628,,,8.183649063110352,1267.6500244140625,5.035999774932861,1.41,1.498,28.27,25.84,134.1,129.2,4.2,-1.3,1.451,204546.0,805337.0,1444333.0,8187.0,15049.0,9041.0,174.88970318798093,1.0285454098147293,-2.1032853074485414,-1.5494660866733625,-0.05711139081183125,-0.025032938076416378,-0.03141361256544506,-0.10030395136778114
2001-03-05,,28.600000381469727,111.54000091552734,5.335999965667725,0.8816999793052673,,,8.34029483795166,1241.4100341796875,4.9629998207092285,1.393,1.482,28.61,25.98,131.7,125.6,4.3,-1.3,1.42,203021.0,802625.0,1439975.0,8489.0,15088.0,8654.0,167.4104134762634,0.7193149424078468,-2.145146439355313,-1.706292943591161,-0.032198942734892655,-0.01959459459459456,-0.057179987004548294,-0.10542540073982742
2001-03-12,,28.0,112.01000213623047,5.170000076293945,0.8939999938011169,,,8.322607040405273,1180.1600341796875,4.919000148773193,1.387,1.477,27.91,25.34,131.7,125.6,4.3,-1.3,1.406,201582.0,811050.0,1444957.0,8425.0,14803.0,10277.0,167.48652818991096,0.452708422849271,-1.5199037666202373,-1.4814082252478313,-0.03709618709618723,-0.02136457615437637,-0.06578947368421062,-0.09955611921369689
2001-03-19,,26.18000030517578,115.19999694824219,5.065000057220459,0.8579999804496765,,,8.071613311767578,1170.81005859375,4.815000057220459,1.377,1.464,26.17,23.19,131.7,125.6,4.3,-1.3,1.392,198193.0,816213.0,1443303.0,8484.0,14976.0,9331.0,163.52557755775578,-0.16131233937527104,-1.1573154282487157,-1.5331926102184419,-0.024947476002849855,-0.009859154929577452,-0.07378129117259558,-0.08996763754045312
2001-03-26,,27.459999084472656,115.20999908447266,5.320000171661377,0.9330000281333923,,,7.838463306427002,1152.68994140625,4.8470001220703125,1.379,1.468,27.4,24.01,131.7,125.6,4.3,-1.3,1.379,196272.0,827401.0,1451420.0,8475.0,14664.0,9882.0,162.1125663716814,-0.49973864975321297,-0.4781601548785454,-1.2179953029623418,-0.00682656742628629,-0.009957325746799417,-0.05945945945945952,-0.08118811881188115
2001-04-02,,25.59000015258789,117.33999633789062,5.103000164031982,0.8980000019073486,,,7.635725975036621,1145.8699951171875,4.9710001945495605,1.411,1.502,25.7,23.31,132.3,128.1,4.4,2.5,1.391,193035.0,829086.0,1449383.0,8507.0,14657.0,9228.0,158.8391912542612,-1.0585279840319117,-0.3627293416650937,-1.297367802934387,0.001482839318894591,-0.009339080459770055,-0.049620951068228836,-0.09395532194480949
2001-04-09,,27.34000015258789,115.20999908447266,5.4770002365112305,0.9909999966621399,,,7.947437286376953,1137.5899658203125,4.906000137329102,1.469,1.562,27.45,24.37,132.3,128.1,4.4,2.5,1.397,193855.0,832897.0,1453240.0,8306.0,14793.0,9480.0,163.37406693956174,-0.8731079418239456,-0.12642124781869074,-1.1487295448135495,0.0006245628060357333,0.00870195794053652,-0.02042253521126758,-0.08486842105263159
2001-04-16,,28.790000915527344,116.18000030517578,5.515999794006348,1.0430999994277954,,,8.180585861206055,1179.6800537109375,5.275000095367432,1.535,1.625,28.81,26.8,132.3,128.1,4.4,2.5,1.437,192831.0,839107.0,1460708.0,8438.0,15370.0,9864.0,159.96883147665324,-1.0217633360642229,0.24880276257635825,-0.8660944965252525,-0.0020979227609845275,0.004313443565780117,-0.006401137980085236,-0.07422133863485747
2001-04-23,,27.610000610351562,114.7699966430664,5.125,1.0693000555038452,,,8.34024715423584,1224.3599853515625,5.188000202178955,1.586,1.676,26.97,25.42,132.3,128.1,4.4,2.5,1.443,193913.0,837742.0,1466044.0,8708.0,15850.0,9415.0,155.87861736334406,-0.7936464603029992,0.19128690267994033,-0.6693767280524071,-0.003187522735540238,0.02863278453829632,0.032327586206896575,-0.05955497382198949
2001-04-30,,28.459999084472656,115.8499984741211,4.695000171661377,1.129699945449829,,,8.583538055419922,1249.4599609375,5.3379998207092285,1.585,1.671,28.48,27.21,132.3,128.1,4.4,2.5,1.442,198975.0,844067.0,1484672.0,8404.0,15788.0,10324.0,165.73357924797713,0.12129941888650354,0.5997895415332805,0.017168425087529377,0.0034891755998653906,0.0041753653444676075,0.046410442349528624,-0.06237816764132542
2001-05-07,,27.770000457763672,115.31999969482422,4.238999843597412,1.0615999698638916,,,8.307304382324219,1263.510009765625,5.204999923706055,1.659,1.738,27.79,27.71,138.4,140.1,4.3,2.5,1.47,200025.0,845144.0,1488429.0,8665.0,15739.0,9709.0,161.58972879399883,0.31925580297431505,0.6904926542304064,0.14860003346527603,0.00021361985664736238,-0.0006930006930008226,0.03666427030913,-0.051315789473684204
2001-05-14,,28.709999084472656,117.13999938964844,4.394000053405762,1.0097999572753906,,,8.434012413024902,1248.9200439453125,5.415999889373779,1.663,1.735,28.83,27.77,138.4,140.1,4.3,2.5,1.491,204069.0,848081.0,1496833.0,8275.0,15405.0,9330.0,172.62634441087613,1.0365708874537318,0.9107637311166092,0.4522593160084922,0.010851779464569944,0.01941747572815533,0.052254831782390765,-0.031620553359683834
2001-05-21,,29.979999542236328,116.5199966430664,4.110000133514404,1.1050000190734863,,,8.768536567687988,1312.8299560546875,5.386000156402588,1.637,1.715,29.96,29.8,138.4,140.1,4.3,2.5,1.494,203706.0,851423.0,1502849.0,8917.0,15641.0,10241.0,159.91275092519905,0.9623125727996311,1.163281109453212,0.664294115139041,0.005960645649501384,0.014285714285714457,0.03757828810020869,0.007432432432432412
2001-05-28,,28.3799991607666,118.18000030517578,3.9730000495910645,1.1064000129699707,,,8.459355354309082,1277.8900146484375,5.485000133514404,1.656,1.73,28.08,28.69,138.4,140.1,4.3,2.5,1.529,208032.0,849681.0,1511716.0,8270.0,15710.0,8951.0,176.08512696493352,1.7215593830474203,1.091923974038505,0.9776754678633796,0.01096553947004053,0.002012072434607548,0.03534303534303529,0.02963473466574773
2001-06-04,,28.1299991607666,119.19000244140625,4.068999767303467,0.9077000021934509,,,8.578473091125488,1267.1099853515625,5.323999881744385,1.63,1.703,28.14,28.95,136.9,137.1,4.5,2.5,1.514,210265.0,851183.0,1526704.0,8809.0,16047.0,9846.0,167.08536723805202,2.037481481597442,1.2206052582095572,1.4984867221222982,0.008854890314423658,0.023427041499330503,0.060332871012482636,0.0767605633802817
2001-06-11,,29.040000915527344,120.05000305175781,4.178999900817871,0.883400022983551,,,8.3326416015625,1254.3900146484375,5.2870001792907715,1.58,1.66,28.94,29.57,136.9,137.1,4.5,2.5,1.486,216010.0,842979.0,1527448.0,8428.0,16004.0,8694.0,179.41029900332225,2.8852635765612162,0.6850678776896367,1.4790403509645293,0.013236207167110381,-0.009810333551340644,0.029931972789115635,0.07681365576102417
2001-06-18,,27.549999237060547,118.36000061035156,3.938999891281128,0.8514999747276306,,,8.155357360839844,1208.4300537109375,5.241000175476074,1.526,1.611,27.55,27.61,136.9,137.1,4.5,2.5,1.48,219666.0,842251.0,1539338.0,8393.0,15512.0,8709.0,183.20767306088408,3.211154663107413,0.6584209479606283,1.8537257589769462,0.017701852053997102,-0.018494055482166427,-0.0033534540576795058,0.06752873563218387
2001-06-25,,27.25,118.31999969482422,3.446000099182129,0.7901999950408936,,,7.933842182159424,1218.5999755859375,5.131999969482422,1.454,1.546,27.11,27.36,136.9,137.1,4.5,2.5,1.447,220745.0,842243.0,1542174.0,8921.0,15409.0,9076.0,173.21096289653627,3.047055574794169,0.6708503691970625,1.8685249432962814,0.003355903339055555,-0.004037685060565233,-0.009370816599732268,0.07324147933284997
2001-07-02,,25.950000762939453,119.66999816894531,3.117000102996826,0.7148000001907349,,,7.707233428955078,1236.719970703125,5.330999851226807,1.384,1.482,26.02,25.73,129.6,123.0,4.6,-1.6,1.407,221633.0,837490.0,1539345.0,9036.0,15760.0,9573.0,171.69444444444443,2.8918593888326116,0.3569408235894845,1.697350282840415,0.021586546334540158,-0.022297297297297236,-0.053629823413996025,0.040258806613946874
2001-07-09,,27.59000015258789,119.88999938964844,3.1530001163482666,0.7494000196456909,,,7.628299713134766,1198.780029296875,5.340000152587891,1.35,1.448,27.63,25.59,129.6,123.0,4.6,-1.6,1.392,221549.0,834845.0,1540774.0,8622.0,15760.0,9262.0,179.8704476919508,2.642468872601019,0.18840595483042935,1.6816648565101922,0.027326352911235974,-0.027643400138216978,-0.07067371202113604,0.007158196134574135
2001-07-16,,26.059999465942383,119.30000305175781,3.068000078201294,0.7437000274658203,,,7.429703235626221,1202.449951171875,5.175000190734863,1.33,1.428,26.02,23.58,129.6,123.0,4.6,-1.6,1.38,217832.0,841866.0,1548009.0,9095.0,15508.0,9986.0,167.65519516217702,2.02826358148945,0.6981296589594573,1.856609643129051,0.032815300630862465,-0.010660980810234588,-0.06325706594885605,-0.03131524008350739
2001-07-23,,26.1200008392334,117.8499984741211,2.9779999256134033,0.7131999731063843,,,7.465350151062012,1191.030029296875,5.107999801635742,1.318,1.408,25.88,24.44,129.6,123.0,4.6,-1.6,1.348,214521.0,843246.0,1548692.0,9176.0,15251.0,9651.0,163.64941150828247,1.5676368656116197,0.808358263170493,1.8060977234589244,0.05294681252015021,-0.008620689655172376,-0.06756756756756765,-0.04365904365904383
2001-07-30,,26.6299991607666,117.19999694824219,3.3529999256134033,0.7511000037193298,,,7.727599620819092,1204.52001953125,5.0960001945495605,1.319,1.406,26.6,24.46,129.6,123.0,4.6,-1.6,1.347,211313.0,842196.0,1545694.0,9007.0,15249.0,8893.0,164.2268235816587,1.1755562598250469,0.7458430540410176,1.6569625532309513,0.05851465245877119,-0.023188405797101352,-0.068417415342087,-0.06518723994452136
2001-08-06,,27.739999771118164,116.41999816894531,3.0269999504089355,0.7753999829292297,,,7.480625152587891,1200.47998046875,5.176000118255615,1.319,1.406,27.7,25.39,127.3,120.3,4.9,-1.6,1.345,207789.0,835537.0,1544703.0,8959.0,15235.0,8683.0,162.3532760352718,0.7757476252207965,0.267136963648244,1.5706345661132828,0.05671912147628211,-0.0007418397626113293,-0.04264392324093824,-0.0836734693877551
2001-08-13,,27.81999969482422,115.01000213623047,2.999000072479248,0.8015999794006348,,,7.414423942565918,1191.2900390625,4.960000038146973,1.347,1.43,27.85,25.88,127.3,120.3,4.9,-1.6,1.367,204627.0,832688.0,1538226.0,8671.0,15345.0,8516.0,165.1930573174951,0.4280470058385957,0.07243819057682688,1.3369443749852228,0.06615593527215125,-0.0014847809948033142,-0.033764367816091934,-0.09792085848423882
2001-08-20,,27.18000030517578,113.4000015258789,3.187000036239624,0.7430999875068665,,,7.414423942565918,1171.4100341796875,4.895999908447266,1.399,1.476,27.2,24.35,127.3,120.3,4.9,-1.6,1.394,202069.0,828685.0,1531390.0,9035.0,15182.0,8572.0,156.55594908688434,0.14992037942040862,-0.196858742996725,1.1126822628252133,0.05401985021779088,0.01635687732342017,-0.009420289855072372,-0.08500669344042833
2001-08-27,,26.670000076293945,113.38999938964844,2.5439999103546143,0.8381999731063843,,,7.531548500061035,1179.2099609375,4.932000160217285,1.48,1.538,26.69,26.22,127.3,120.3,4.9,-1.6,1.452,195874.0,831382.0,1530148.0,8943.0,15143.0,9400.0,153.31745499273174,-0.5130126167201837,0.010539841469786987,1.0598349369908648,0.049278549723163145,0.01975128017556682,0.034124629080118485,-0.08829300196206669
2001-09-03,,27.200000762939453,113.66999816894531,2.380000114440918,0.8057000041007996,,,7.315124988555908,1133.5799560546875,4.815999984741211,1.538,1.599,26.65,26.52,130.9,130.9,5.0,-1.6,1.488,194690.0,829428.0,1528057.0,8612.0,15393.0,8258.0,158.24779377612634,-0.6380223795776383,-0.11516001149172893,0.9851629798451302,0.04743630357062045,0.041606886657101994,0.07795100222717144,-0.04095112285336855
2001-09-10,,27.6299991607666,114.56999969482422,2.3919999599456787,0.8187000155448914,,,7.350770473480225,1092.5400390625,4.835000038146973,1.511,1.575,27.66,27.59,130.9,130.9,5.0,-1.6,1.492,195380.0,830389.0,1533856.0,8529.0,15733.0,9107.0,160.35408605932702,-0.5622022645912969,-0.02503855219758281,1.136700261917678,0.03730414475411159,0.024793388429751984,0.10631970260223045,0.0013458950201883368
2001-09-17,,28.809999465942383,112.01000213623047,2.36899995803833,0.8317000269889832,,,7.200549125671387,1038.77001953125,4.611000061035156,1.516,1.58,28.84,28.32,130.9,130.9,5.0,-1.6,1.527,192331.0,830307.0,1534940.0,8969.0,15050.0,8677.0,150.10781581001228,-0.899557286011105,-0.011917482720101503,1.1486740956040908,0.033229681530968724,0.0026881720430107503,0.0914411119239209,0.008108108108108025
2001-09-24,,22.010000228881836,112.83999633789062,1.909999966621399,0.6359999775886536,,,6.2526960372924805,1003.4500122070312,4.699999809265137,1.46,1.532,21.46,20.63,130.9,130.9,5.0,-1.6,1.473,200823.0,833974.0,1548864.0,7834.0,14810.0,8778.0,179.44357926984938,0.0006923065259046866,0.27479136324051145,1.502292004202575,0.030926272400055188,0.023458445040214437,0.09540889526542329,0.055286800276433956
2001-10-01,,23.280000686645508,113.0,2.2079999446868896,0.6525999903678894,,,6.518991470336914,1038.550048828125,4.543000221252441,1.381,1.455,23.12,21.22,122.9,117.0,5.3,1.1,1.39,203912.0,835586.0,1554718.0,8514.0,15000.0,8988.0,167.65139769790935,0.3181987531007364,0.4062709918409008,1.6096003016769866,-0.0009689834729454949,-0.03536345776031424,0.01446280991735538,0.046908315565032055
2001-10-08,,22.450000762939453,112.58999633789062,2.2699999809265137,0.6147000193595886,,,6.9773173332214355,1062.43994140625,4.504000186920166,1.31,1.39,22.25,20.91,122.9,117.0,5.3,1.1,1.371,206117.0,835459.0,1555447.0,8500.0,15077.0,9556.0,169.74341176470588,0.5442173104313714,0.4075819875466597,1.5738773787287639,-0.005418234835384728,-0.05634758995247802,-0.0658602150537635,-0.001436781609195359
2001-10-15,,22.290000915527344,113.81999969482422,2.378000020980835,0.597100019454956,,,7.115582466125488,1089.97998046875,4.607999801635742,1.264,1.349,22.37,20.36,122.9,117.0,5.3,1.1,1.353,208339.0,831019.0,1552721.0,8766.0,15083.0,8636.0,166.36698608259184,0.7676228138828299,0.08612308070920642,1.4557100253015909,-0.006629684446000983,-0.013669064748201398,-0.08109919571045576,-0.006521739130434745
2001-10-22,,21.760000228881836,115.75,2.806999921798706,0.5978999733924866,,,6.9850006103515625,1089.9000244140625,4.604000091552734,1.221,1.306,21.78,20.38,122.9,117.0,5.3,1.1,1.318,208908.0,833842.0,1554313.0,8619.0,15279.0,9361.0,169.66655064392623,0.800422302661641,0.3094101878496595,1.4467611366982502,-0.012822540200335242,-0.013129102844638973,-0.11394891944990171,0.0037091988130562026
2001-10-29,,22.149999618530273,114.44000244140625,3.2019999027252197,0.5838000178337097,,,7.105341911315918,1078.300048828125,4.4670000076293945,1.193,1.278,22.1,20.55,122.9,117.0,5.3,1.1,1.31,208308.0,836298.0,1553159.0,8702.0,15343.0,9443.0,167.56561709951737,0.702250390868966,0.5068726334348682,1.3689358062338963,0.01019714326376353,-0.025868440502586743,-0.10522742701968768,-0.021529324424647278
2001-11-05,,20.020000457763672,114.54000091552734,2.921999931335449,0.5378999710083008,,,6.7519941329956055,1102.8399658203125,4.296000003814697,1.17,1.256,20.0,18.78,116.9,104.1,5.5,1.1,1.291,206944.0,840757.0,1552371.0,8797.0,15089.0,9350.0,164.67068318745027,0.517845553261501,0.8443844199362502,1.3008941287244165,0.016269130015166056,-0.006069802731411222,-0.05755395683453224,-0.026022304832713727
2001-11-12,,21.229999542236328,115.33999633789062,2.7330000400543213,0.5756999850273132,,,6.9850006103515625,1118.3299560546875,4.314000129699707,1.147,1.233,21.26,19.48,116.9,104.1,5.5,1.1,1.269,205335.0,841019.0,1551760.0,8771.0,14649.0,9669.0,163.87470071827613,0.2999921579423823,0.8469173874176017,1.2395566808878196,0.02495649225901242,-0.014503816793893232,-0.058351568198395376,-0.05559619604974397
2001-11-19,,17.719999313354492,116.93000030517578,2.7909998893737793,0.5078999996185303,,,6.462660312652588,1151.06005859375,4.75600004196167,1.14,1.222,17.74,16.55,116.9,104.1,5.5,1.1,1.252,206682.0,840320.0,1549631.0,8612.0,14823.0,8909.0,167.99512308406875,0.4318429422283537,0.7770141447605963,1.1469226304245215,0.023819144253450775,-0.017041053446940402,-0.06208425720620847,-0.08967001434720234
2001-11-26,,18.690000534057617,117.11000061035156,2.696000099182129,0.5217000246047974,,,6.565080165863037,1157.4200439453125,5.002999782562256,1.097,1.18,18.69,18.66,116.9,104.1,5.5,1.1,1.223,207701.0,837664.0,1551512.0,8868.0,15055.0,8217.0,163.9498195760036,0.5278051947941774,0.5673425979866787,1.151386344499628,0.02316797458472286,-0.013396375098502666,-0.050075872534142696,-0.13774104683195587
2001-12-03,,20.09000015258789,115.95999908447266,2.634000062942505,0.5601999759674072,,,6.580438613891602,1129.9000244140625,4.703000068664551,1.084,1.167,20.27,20.0,113.9,99.2,5.7,1.1,1.194,212099.0,842465.0,1560190.0,8517.0,15095.0,9891.0,174.32112246096042,1.0532591088346541,0.9090810650611572,1.308833607616819,0.02617324657716269,-0.02316293929712454,-0.06641221374045803,-0.17809139784946226
2001-12-10,,18.3700008392334,116.26000213623047,2.746999979019165,0.5109000205993652,,,6.559959888458252,1139.9300537109375,5.136000156402588,1.075,1.161,18.32,18.03,113.9,99.2,5.7,1.1,1.173,211201.0,840128.0,1555809.0,8327.0,14846.0,9001.0,177.54377326768343,0.9003171153981542,0.710741367003348,1.159973084574967,0.017324387164152855,-0.023712183156173405,-0.07513555383423698,-0.1997319034852547
2001-12-17,,19.219999313354492,114.93000030517578,2.686000108718872,0.5454999804496765,,,6.411447048187256,1134.3599853515625,5.27400016784668,1.042,1.13,19.28,18.58,113.9,99.2,5.7,1.1,1.143,210320.0,841508.0,1551458.0,8622.0,14877.0,8807.0,170.75388540941776,0.754731390838786,0.7852223774333403,1.0184147828634267,0.005201586833159411,-0.017587939698492372,-0.07565011820330958,-0.23182711198428285
2001-12-24,,19.6200008392334,117.94000244140625,2.8949999809265137,0.5586000084877014,,,6.769534587860107,1144.6500244140625,5.131999969482422,1.063,1.151,19.3,18.65,113.9,99.2,5.7,1.1,1.154,207036.0,844824.0,1545131.0,8888.0,14630.0,8692.0,163.05715571557155,0.31188616366544225,0.9998319494411483,0.839751660499618,0.005161580903051632,-0.025575447570332477,-0.08706070287539935,-0.2240325865580448
2001-12-31,,19.84000015258789,116.75,2.569999933242798,0.5724999904632568,,,6.864660739898682,1148.0799560546875,5.0320000648498535,1.096,1.182,19.96,19.35,113.9,99.2,5.7,1.1,1.169,207914.0,842654.0,1541966.0,8860.0,14883.0,8167.0,164.26613995485326,0.40090542864461465,0.8014862139409863,0.736880733555074,0.004643022643733508,0.009623797025371639,-0.056418642681929865,-0.1697841726618705
2002-01-07,,21.479999542236328,116.33000183105469,2.2720000743865967,0.6233999729156494,,,6.800384521484375,1164.8900146484375,5.057000160217285,1.109,1.194,21.42,21.08,114.2,100.5,5.7,3.4,1.168,207726.0,844645.0,1549019.0,8288.0,14876.0,8662.0,175.44425675675674,0.348683791865634,0.9189381564217135,0.8653027637336308,0.014292620950967505,0.01299826689774708,-0.020938023450586152,-0.14733770970094817
2002-01-14,,18.889999389648438,116.63999938964844,2.25,0.5504999756813049,,,6.489291191101074,1138.4100341796875,4.868000030517578,1.099,1.185,18.88,18.89,114.2,100.5,5.7,3.4,1.159,210500.0,846705.0,1549845.0,8359.0,14953.0,8517.0,176.27706663476494,0.6886721720855999,1.0421018232981476,0.8510201282435874,0.012098803148474335,-0.0008554319931566301,-0.004262574595055524,-0.1367331855136733
2002-01-21,,18.0,117.66000366210938,2.2360000610351562,0.5392000079154968,,,6.401875019073486,1127.5799560546875,4.888000011444092,1.087,1.175,18.02,18.32,114.2,100.5,5.7,3.4,1.14,214055.0,850640.0,1553004.0,8049.0,14602.0,9187.0,186.15790781463537,1.1309295448902401,1.3117132134328406,0.892004701652277,0.004116307584515644,-0.0077054794520546865,0.013998250218722585,-0.12063732928679816
2002-01-28,,20.049999237060547,120.04000091552734,1.940000057220459,0.5770000219345093,,,6.594701766967773,1133.06005859375,5.078999996185303,1.081,1.167,20.05,19.74,114.2,100.5,5.7,3.4,1.144,216656.0,853793.0,1555400.0,8184.0,14130.0,8589.0,185.31182795698925,1.4294963656405077,1.520546734694388,0.9156228453526023,-0.02071804910462738,-0.01639344262295095,-0.012131715771230511,-0.12977099236641232
2002-02-04,,20.059999465942383,118.9000015258789,2.125,0.5929999947547913,,,6.479004859924316,1094.43994140625,4.895999908447266,1.098,1.184,20.02,20.26,113.5,99.7,5.7,3.4,1.144,216355.0,856721.0,1554738.0,8223.0,14180.0,8595.0,184.1766995013985,1.3368111891117604,1.7240836822214556,0.8678162535440795,-0.04226500830153501,0.0035087719298245723,-0.021385799828913754,-0.11386522075910155
2002-02-11,,21.31999969482422,118.44000244140625,2.2850000858306885,0.6190000176429749,,,6.561278820037842,1111.93994140625,4.89900016784668,1.085,1.172,21.29,20.08,113.5,99.7,5.7,3.4,1.153,217358.0,862065.0,1557485.0,8117.0,14284.0,9293.0,187.4468399655045,1.4119951779135682,2.107946425570175,0.904069085800227,-0.04337383980248333,0.0,-0.020547945205479423,-0.0985027580772262
2002-02-18,,21.5,118.76000213623047,2.2060000896453857,0.6108999848365784,,,6.628128528594971,1104.1800537109375,4.86299991607666,1.089,1.175,21.47,20.12,113.5,99.7,5.7,3.4,1.156,216883.0,859337.0,1551166.0,8428.0,14388.0,8034.0,180.13538205980066,1.2945851199698069,1.7936690482410647,0.7152190872129909,-0.050609611185098546,0.00786713286713292,-0.0051768766177739955,-0.07907348242811496
2002-02-25,,20.420000076293945,119.12999725341797,2.315000057220459,0.5609999895095825,,,6.9058003425598145,1109.4300537109375,4.85099983215332,1.087,1.172,20.24,19.78,113.5,99.7,5.7,3.4,1.154,215753.0,858593.0,1547217.0,8729.0,14539.0,8095.0,173.01764234161988,1.1074943857641886,1.7330300654459307,0.5853964291877538,-0.040806090461262934,0.002601908065914982,0.01403508771929829,-0.054783319705641986
2002-03-04,,22.5,118.80999755859375,2.48799991607666,0.7080000042915344,,,7.096057891845703,1153.8399658203125,4.999000072479248,1.118,1.204,22.55,21.59,117.6,107.8,5.7,3.4,1.173,212674.0,863481.0,1544356.0,8782.0,14149.0,8201.0,169.5192439079936,0.6959055226735918,2.176477341736193,0.4793887635886918,-0.026123692249889308,-0.0017301038062284002,0.00874125874125875,-0.03350083752093802
2002-03-11,,24.299999237060547,117.7300033569336,3.0299999713897705,0.7910000085830688,,,7.332590579986572,1168.260009765625,5.320000171661377,1.194,1.277,24.36,23.14,117.6,107.8,5.7,3.4,1.216,211544.0,864053.0,1543249.0,8277.0,14009.0,8160.0,178.9063670411985,0.5350981238390305,2.2767550794918283,0.4178266203520534,-0.010519963793623632,0.016464471403812908,0.02534965034965042,0.0
2002-03-18,,25.049999237060547,117.5,3.299999952316284,0.8330000042915344,,,7.4553399085998535,1165.550048828125,5.303999900817871,1.262,1.346,25.03,23.8,117.6,107.8,5.7,3.4,1.251,209080.0,867613.0,1543446.0,8713.0,14221.0,8448.0,167.97429128887867,0.21410183294943244,2.6081602762065654,0.39203217225677106,-0.005542302816759603,0.036658141517476484,0.05464006938421506,0.06386701662292205
2002-03-25,,25.020000457763672,118.0999984741211,3.434999942779541,0.7879999876022339,,,7.2644429206848145,1131.8699951171875,5.406000137329102,1.308,1.393,25.69,24.75,117.6,107.8,5.7,3.4,1.281,207157.0,863169.0,1534277.0,8621.0,14475.0,7858.0,168.20542860457022,-0.04499610364331322,2.067250668068884,0.05686036135182779,0.002227853305803551,0.028782894736842035,0.08217993079584773,0.08405545927209701
2002-04-01,,26.860000610351562,117.7699966430664,3.5199999809265137,0.8479999899864197,,,7.5043535232543945,1146.5400390625,5.427999973297119,1.339,1.428,26.82,26.06,121.5,115.8,5.9,2.5,1.295,211521.0,869193.0,1540762.0,8386.0,14653.0,9127.0,176.5617696160267,0.4739662840856666,2.5549425642559442,0.23574272448637498,-0.0012353069950096218,0.023980815347721895,0.11005199306759095,0.0958083832335328
2002-04-08,,26.549999237060547,118.19999694824219,3.319999933242798,0.8399999737739563,,,7.326351165771484,1125.2900390625,5.235000133514404,1.382,1.472,26.16,26.36,121.5,115.8,5.9,2.5,1.323,212602.0,870028.0,1543675.0,8865.0,14973.0,8849.0,167.8752397067118,0.5837084553215367,2.45872453418046,0.3061530427730064,-0.012468131411423666,0.010928961748633892,0.10400682011935203,0.10873287671232879
2002-04-15,,24.549999237060547,117.63999938964844,3.4200000762939453,0.7850000262260437,,,7.12771463394165,1102.550048828125,5.126999855041504,1.368,1.457,24.53,23.39,121.5,115.8,5.9,2.5,1.32,211127.0,865998.0,1538942.0,8840.0,15182.0,8265.0,167.18201357466063,0.35758858478184063,1.92495031484521,0.057608716610527744,0.0033586253068511596,0.021621621621621623,0.08799342105263164,0.14150129421915447
2002-04-22,,26.299999237060547,116.43000030517578,3.5999999046325684,0.7910000085830688,,,7.349572658538818,1107.8299560546875,5.169000148773193,1.367,1.457,26.28,25.96,121.5,115.8,5.9,2.5,1.304,210555.0,869400.0,1545733.0,8684.0,15126.0,9133.0,169.72420543528327,0.24486954972167832,2.116187705920645,0.33343411840469006,0.0061404408453029635,-0.0022675736961450532,0.05515587529976029,0.1578947368421053
2002-04-29,,27.520000457763672,114.88999938964844,3.549999952316284,0.8330000042915344,,,7.1251349449157715,1065.449951171875,5.098999977111816,1.353,1.44,27.45,26.85,121.5,115.8,5.9,2.5,1.302,211946.0,874551.0,1553361.0,8699.0,15280.0,9409.0,170.5508679158524,0.41240407587428735,2.4208608121285566,0.7528120830214743,0.00802046031243453,-0.012121212121212088,0.01795472287275568,0.13986013986014
2002-05-06,,26.079999923706055,113.66000366210938,3.5950000286102295,0.7735000252723694,,,7.058071613311768,1052.6700439453125,5.078999996185303,1.356,1.446,26.11,25.8,121.9,116.5,5.8,2.5,1.305,214108.0,870114.0,1556812.0,8521.0,15514.0,9160.0,175.88968430935338,0.7062345821139787,1.8955151946837732,0.9904579127441943,0.016424784913530832,-0.0015337423312883347,0.005405405405405572,0.13811188811188835
2002-05-13,,28.450000762939453,114.1500015258789,3.7799999713897705,0.7990000247955322,,,7.238646984100342,1074.56005859375,5.21999979019165,1.349,1.439,28.62,26.3,121.9,116.5,5.8,2.5,1.299,217207.0,866889.0,1558369.0,8548.0,15407.0,8765.0,177.8718998596163,1.1450935016589874,1.5480124183861377,1.1549241044502314,0.006782887419226169,0.0023041474654377225,-0.013605442176870763,0.13183000867302685
2002-05-20,,28.200000762939453,112.81999969482422,3.490000009536743,0.8050000071525574,,,7.112238883972168,1091.8800048828125,5.189000129699707,1.36,1.449,28.24,25.97,121.9,116.5,5.8,2.5,1.309,216094.0,872140.0,1567094.0,9190.0,15084.0,9101.0,164.59825897714907,0.9336176264726317,1.8819396334791658,1.9776695183287338,-0.00228557680741015,-0.0045977011494252595,-0.015909090909090984,0.12370242214532867
2002-05-27,,25.8799991607666,113.0,3.3469998836517334,0.7900999784469604,,,7.218005180358887,1083.8199462890625,5.138000011444092,1.348,1.438,26.69,23.52,121.9,116.5,5.8,2.5,1.308,218100.0,871756.0,1571761.0,8685.0,15225.0,8844.0,175.78583765112262,1.2005531193006287,1.7652417211463676,2.5402957964247883,0.011752657650136333,0.007698229407236301,0.0038343558282207812,0.13431542461005197
2002-06-03,,25.110000610351562,111.30000305175781,3.242000102996826,0.7462000250816345,,,6.836210250854492,1040.6800537109375,5.039999961853027,1.353,1.442,25.1,23.87,121.6,116.8,5.8,2.5,1.3,215916.0,879039.0,1578974.0,8778.0,15402.0,9165.0,172.1818181818182,0.8318015871384529,2.2008848244500103,3.305799362985102,0.01041393269423252,-0.0007639419404124048,0.004608294930875667,0.11508951406649626
2002-06-10,,24.31999969482422,111.0999984741211,3.134999990463257,0.7379000186920166,,,6.681426525115967,1030.739990234375,5.043000221252441,1.332,1.42,24.24,22.83,121.6,116.8,5.8,2.5,1.286,214362.0,878974.0,1582023.0,9004.0,15387.0,8730.0,166.6519324744558,0.58056079640881,2.0649235779195796,3.324854923113553,0.017915334805887584,-0.006116207951070374,-0.003831417624520994,0.06907894736842102
2002-06-17,,26.09000015258789,110.8499984741211,3.377000093460083,0.7910000085830688,,,6.831050872802734,1036.1700439453125,4.855999946594238,1.335,1.423,25.98,24.69,121.6,116.8,5.8,2.5,1.275,215229.0,879382.0,1587609.0,8771.0,15451.0,9218.0,171.7709497206704,0.7158125626140676,1.969713625675783,3.5461927734167875,0.029782176458173604,-0.010769230769230753,-0.01000769822940717,0.027977617905675656
2002-06-24,,26.469999313354492,108.20999908447266,3.4700000286102295,0.7777000069618225,,,6.734672546386719,992.719970703125,4.843999862670898,1.342,1.428,26.31,24.99,121.6,116.8,5.8,2.5,1.281,216405.0,877526.0,1587561.0,8752.0,15341.0,9030.0,173.0844378427788,0.9153849010683458,1.742144181163836,3.1244298344776356,0.016827483335663862,-0.008553654743390426,-0.025974025974025983,-0.004683840749414525
2002-07-01,,26.809999465942383,106.51000213623047,3.191999912261963,0.7918999791145325,,,6.734672546386719,968.6500244140625,4.815000057220459,1.357,1.444,26.79,25.65,122.4,118.5,5.8,1.6,1.289,216434.0,880183.0,1590382.0,9172.0,15517.0,9591.0,165.18076755342346,0.9475492580224955,1.8194041969839727,3.027403984668535,0.01914314390776828,0.004705882352941115,-0.02064220183486254,-0.010810810810810811
2002-07-08,,26.06999969482422,106.30000305175781,2.938999891281128,0.7613999843597412,,,6.716506481170654,976.97998046875,4.811999797821045,1.345,1.431,26.14,25.08,122.4,118.5,5.8,1.6,1.294,214720.0,876805.0,1588056.0,9004.0,15572.0,8417.0,166.93025322079077,0.716135693252308,1.523830998348923,2.577306254325106,0.03020555851536133,0.006245120999219367,-0.00846153846153852,-0.02569916855631149
2002-07-15,,27.06999969482422,104.66999816894531,2.7839999198913574,0.8084999918937683,,,5.98205041885376,917.9299926757812,4.620999813079834,1.361,1.444,27.23,26.16,122.4,118.5,5.8,1.6,1.3,213232.0,875906.0,1593567.0,8985.0,15448.0,9163.0,166.12398441847523,0.5181180066685533,1.4048523098892152,2.750980161605897,0.02933270047154135,0.0038789759503492505,0.0062208398133747345,-0.01969696969696977
2002-07-22,,26.600000381469727,104.75,2.947000026702881,0.8113999962806702,,,5.2138566970825195,819.8499755859375,4.4670000076293945,1.381,1.465,26.61,25.7,122.4,118.5,5.8,1.6,1.311,212591.0,872747.0,1591871.0,9056.0,15409.0,9226.0,164.32608215547702,0.4351391356473747,1.1614074565272883,2.4114916388410985,0.0357558036348149,0.004636785162287493,0.019607843137255054,-0.0030674846625766694
2002-07-29,,26.549999237060547,107.0999984741211,2.9760000705718994,0.83160001039505,,,5.847097873687744,898.9600219726562,4.5329999923706055,1.376,1.459,26.54,25.2,122.4,118.5,5.8,1.6,1.303,211591.0,870770.0,1590325.0,9093.0,15614.0,9168.0,162.88760585065435,0.2796457901341298,1.0030912763372746,2.147623288452231,0.04480152319409192,0.008461538461538298,0.023419203747072626,0.00691244239631339
2002-08-05,,26.579999923706055,107.2699966430664,2.6700000762939453,0.7681999802589417,,,5.247596740722656,834.5999755859375,4.23799991607666,1.355,1.443,26.55,25.2,123.1,119.7,5.7,1.6,1.304,212470.0,869164.0,1587267.0,9297.0,15289.0,8686.0,159.97526083682908,0.4220863424676104,0.8737173476646849,1.8394708658038594,0.04232358148554094,-0.006102212051868783,0.010861132660977546,-0.0015325670498084198
2002-08-12,,27.860000610351562,107.41000366210938,2.9649999141693115,0.7774999737739563,,,5.8393120765686035,903.7999877929688,4.2170000076293945,1.355,1.441,27.84,25.63,123.1,119.7,5.7,1.6,1.303,207965.0,862532.0,1575294.0,9270.0,15284.0,9193.0,157.0393743257821,-0.3272596458248616,0.4562345647085445,1.0754644634303805,0.049987141286226056,0.0007674597083653367,0.007727975270479082,0.0038491147036181506
2002-08-19,,29.84000015258789,107.5199966430664,3.2899999618530273,0.7908999919891357,,,6.096240997314453,950.7000122070312,4.297999858856201,1.357,1.443,29.86,27.44,123.1,119.7,5.7,1.6,1.333,208743.0,865875.0,1577109.0,8939.0,15452.0,9398.0,163.46358653093188,-0.21225956860808462,0.6255580944017592,1.1359746748992545,0.056797777064352406,-0.0007668711656442229,0.002307692307692122,-0.004583651642475206
2002-08-26,,29.280000686645508,107.86000061035156,3.617000102996826,0.8210999965667725,,,6.106621742248535,947.9500122070312,4.205999851226807,1.365,1.45,29.23,27.56,123.1,119.7,5.7,1.6,1.37,206761.0,866770.0,1577004.0,9173.0,15284.0,9200.0,157.7812057124169,-0.5680319965367971,0.6498302622931103,1.0900176532690242,0.053654118287975505,0.023023791250959436,0.016781083142639153,0.019113149847094668
2002-09-02,,28.979999542236328,106.9800033569336,3.2960000038146973,0.8141999840736389,,,5.9457173347473145,916.0700073242188,4.13700008392334,1.353,1.438,28.97,27.45,123.7,120.6,5.7,1.6,1.388,205330.0,862811.0,1571585.0,9135.0,15349.0,9233.0,157.34099616858236,-0.8904974953276807,0.3783484031476701,0.7445357296531668,0.055419675999194284,0.02775693923480871,0.051419800460476006,0.05384615384615388
2002-09-09,,29.729999542236328,107.0999984741211,3.3989999294281006,0.7900000214576721,,,5.792597770690918,902.9600219726562,4.046999931335449,1.355,1.441,29.8,28.67,123.7,120.6,5.7,1.6,1.396,205598.0,859139.0,1575971.0,8844.0,15436.0,8339.0,162.73021257349617,-0.9460429891173419,0.11790445627307329,0.9714843058411219,0.04954323564265395,0.01313868613138669,0.06441717791411028,0.07931570762052864
2002-09-16,,29.670000076293945,108.23999786376953,3.506999969482422,0.7936000227928162,,,5.844502925872803,891.0999755859375,3.874000072479248,1.367,1.452,29.14,28.38,123.7,120.6,5.7,1.6,1.414,204987.0,855101.0,1571710.0,8899.0,15147.0,8665.0,161.24384762332846,-1.1905789255403842,-0.1753986096808951,0.6845125957101822,0.03657757933132588,0.0057636887608070175,0.07137375287797387,0.09490196078431379
2002-09-23,,30.709999084472656,107.86000061035156,3.9779999256134033,0.8427000045776367,,,5.518848419189453,833.7000122070312,3.680999994277954,1.357,1.441,30.85,29.36,123.7,120.6,5.7,1.6,1.417,207222.0,852861.0,1570615.0,8625.0,15174.0,8953.0,168.1801739130435,-0.905960211713597,-0.36252788968657107,0.5885250711676655,0.03558888714570774,0.012893982808023008,0.06076519129782443,0.10382513661202197
2002-09-30,,30.469999313354492,106.87000274658203,4.139999866485596,0.8059999942779541,,,5.521458625793457,815.280029296875,3.6070001125335693,1.385,1.471,30.59,29.11,123.7,120.6,5.7,1.6,1.438,208421.0,844179.0,1563412.0,8582.0,14903.0,8509.0,170.00081566068516,-0.6846614389523576,-0.9913892630007043,0.12867913604590064,0.018067797806541552,0.0021216407355022504,0.03430656934306553,0.09930178432893721
2002-10-07,,29.639999389648438,107.55000305175781,3.740000009536743,0.8047000169754028,,,5.5031914710998535,785.280029296875,3.630000114440918,1.416,1.502,29.65,28.38,126.9,125.9,5.7,0.5,1.46,205280.0,840480.0,1552148.0,8895.0,13768.0,8191.0,161.54693648116918,-1.540803128633977,-1.2751954406896227,-0.5636953083151822,0.0020599184854526165,0.014820042342978068,0.036023054755043304,0.1112828438948994
2002-10-14,,30.030000686645508,107.1500015258789,4.302999973297119,0.8496000170707703,,,5.706724643707275,841.4400024414062,3.811000108718872,1.422,1.507,30.06,28.56,126.9,125.9,5.7,0.5,1.461,198979.0,850954.0,1551322.0,9090.0,13228.0,9502.0,153.2291529152915,-3.1496498177855097,-0.5592074301756624,-0.6087940383538925,0.002648679736718673,0.015299026425591222,0.045845272206303855,0.12307692307692308
2002-10-21,,28.3799991607666,108.2300033569336,4.1570000648498535,0.8102999925613403,,,5.933741569519043,899.719970703125,4.2210001945495605,1.443,1.527,28.31,27.01,126.9,125.9,5.7,0.5,1.469,195357.0,858130.0,1554023.0,8653.0,14272.0,9992.0,158.0375592280134,-3.7127822474468433,-0.0851521722639611,-0.4434061597720666,0.007400882997346647,0.00068493150684934,0.03323903818953333,0.11441647597254012
2002-10-28,,27.290000915527344,107.16000366210938,4.176000118255615,0.8529999852180481,,,5.66497278213501,890.22998046875,4.084000110626221,1.427,1.51,27.25,25.44,126.9,125.9,5.7,0.5,1.456,194311.0,859477.0,1551234.0,9022.0,14729.0,9015.0,150.7622478386167,-3.47135086438327,-0.021830823508611697,-0.6114866867236832,0.008126930724025705,0.005475701574264136,0.03669724770642202,0.12739831158864168
2002-11-04,,26.950000762939453,106.12000274658203,3.86299991607666,0.7742999792098999,,,5.675410270690918,908.3499755859375,4.045000076293945,1.427,1.513,26.89,25.21,126.7,125.1,5.9,0.5,1.442,192146.0,863471.0,1556305.0,9324.0,14861.0,9099.0,144.25375375375376,-3.4937684315464477,0.25397982707377553,-0.302530343862714,0.02000268433339425,-0.008849557522124019,0.012517385257301727,0.1165644171779141
2002-11-11,,25.940000534057617,104.56999969482422,3.7780001163482666,0.7103999853134155,,,5.631051540374756,876.1900024414062,3.8519999980926514,1.406,1.489,26.02,23.86,126.7,125.1,5.9,0.5,1.427,194044.0,858147.0,1552901.0,8759.0,14836.0,9177.0,155.0756935723256,-2.778656503772313,-0.19952121130020928,-0.5134852246993133,0.03107802802538817,-0.009615384615384581,-0.012328767123287676,0.10667689946277825
2002-11-18,,26.709999084472656,105.19999694824219,4.263000011444092,0.7193999886512756,,,5.714550971984863,900.3599853515625,4.019000053405762,1.37,1.456,26.71,23.41,126.7,125.1,5.9,0.5,1.405,193499.0,863910.0,1556053.0,8540.0,15032.0,10159.0,158.60573770491803,-2.6596726272906324,0.23961921051320187,-0.32450352800708127,0.021648161334845373,-0.010402219140083102,-0.02327173169062291,0.07051762940735196
2002-11-25,,26.110000610351562,106.54000091552734,4.261000156402588,0.715499997138977,,,5.792835712432861,932.8699951171875,4.184000015258789,1.336,1.423,27.01,24.85,126.7,125.1,5.9,0.5,1.405,197419.0,861568.0,1553298.0,8667.0,15179.0,8957.0,159.44767508941965,-1.8680748768392421,0.011448182279204376,-0.5006446180233961,0.018580798888625072,-0.015416958654519974,-0.043567052416609964,0.025547445255474477
2002-12-02,,27.239999771118164,106.3499984741211,4.320000171661377,0.7439000010490417,,,5.8737287521362305,934.530029296875,4.218999862670898,1.316,1.405,27.27,25.73,127.1,124.7,6.0,0.5,1.407,199962.0,865775.0,1555425.0,9060.0,15316.0,9503.0,154.49602649006624,-1.407338130484138,0.3406044009210085,-0.3739781770065436,0.008882174296452217,0.0,-0.035027472527472514,0.012247838616714857
2002-12-09,,27.260000228881836,105.23999786376953,4.369999885559082,0.7620999813079834,,,5.871116638183594,892.0,4.050000190734863,1.316,1.405,27.29,26.06,127.1,124.7,6.0,0.5,1.405,203240.0,869699.0,1562506.0,8616.0,15256.0,9882.0,165.12070566388115,-0.8767475457843967,0.6644029786794698,0.06212784708568432,0.00014057468689188113,0.00142348754448407,-0.024271844660194164,0.007879656160458604
2002-12-16,,30.100000381469727,104.05999755859375,5.341000080108643,0.8784999847412109,,,6.069428443908691,910.4000244140625,4.130000114440918,1.322,1.411,30.15,28.73,127.1,124.7,6.0,0.5,1.401,203149.0,868583.0,1558443.0,8854.0,14849.0,9413.0,160.61023266320308,-0.862148426218768,0.5320618580877068,-0.19268133794478273,-0.004574559391346655,-0.001421464108031234,-0.015416958654519974,-0.006364922206506307
2002-12-23,,31.75,103.63999938964844,5.116000175476074,0.9186000227928162,,,6.0430402755737305,897.3800048828125,3.9670000076293945,1.371,1.459,32.09,30.61,127.1,124.7,6.0,0.5,1.44,205370.0,870009.0,1553535.0,9063.0,14640.0,9145.0,158.62186913825443,-0.5204563405115691,0.6417616764437881,-0.5009893327299607,0.0038745488651696913,-0.002846975088968029,-0.002846975088968029,-0.011291460832745237
2002-12-30,,31.3700008392334,102.01000213623047,4.800000190734863,0.8791999816894531,,,5.846325874328613,879.3900146484375,3.7839999198913574,1.417,1.506,31.41,32.02,127.1,124.7,6.0,0.5,1.491,204956.0,860984.0,1537685.0,8989.0,14965.0,7631.0,159.6052953609968,-0.5737766499135499,-0.2945215319816699,-1.4893668217029579,0.014779481106213188,0.027837259100642386,0.02491103202846978,0.0013908205841446364
2003-01-06,,32.099998474121094,101.97000122070312,4.934999942779541,0.8820000290870667,,,6.019436359405518,929.010009765625,4.065999984741211,1.412,1.502,32.29,31.43,133.5,137.1,5.8,2.1,1.501,209828.0,861603.0,1535938.0,8411.0,14880.0,8289.0,174.62798715967185,0.12634913540387974,-0.2805254961124242,-1.5807032037559363,0.012468784189397564,0.035416666666666874,0.05970149253731338,0.021232876712328874
2003-01-13,,32.2599983215332,101.47000122070312,5.250999927520752,0.8989999890327454,,,5.772887229919434,926.260009765625,4.127999782562256,1.423,1.512,32.08,30.46,133.5,137.1,5.8,2.1,1.478,215582.0,855330.0,1534369.0,8335.0,15035.0,8489.0,181.05266946610678,0.9361135427082878,-1.0191086905477855,-1.6314300785852143,0.006354362569100047,0.0067069081153585675,0.06832740213523114,0.0273785078713209
2003-01-20,,33.90999984741211,100.55000305175781,5.535999774932861,0.9110999703407288,,,5.827968120574951,901.780029296875,4.014999866485596,1.422,1.512,33.88,32.23,133.5,137.1,5.8,2.1,1.48,216270.0,856915.0,1528219.0,8645.0,14637.0,8745.0,175.1174089068826,1.011670359200295,-0.8881550507885583,-1.9418728761322113,-0.008382325218435738,-0.015323117921385632,0.054960742326909395,0.006126616746085611
2003-01-27,,32.290000915527344,99.26000213623047,5.395999908447266,0.9014999866485596,,,5.4161810874938965,847.47998046875,3.9570000171661377,1.437,1.525,32.43,31.02,133.5,137.1,5.8,2.1,1.492,212980.0,856403.0,1518477.0,8793.0,14191.0,8678.0,169.5507790287729,0.54030828367187,-0.9769697028523404,-2.4051231415686916,-0.0215720871990438,0.0013531799729364913,0.0277777777777779,0.016483516483516425
2003-02-03,,32.7599983215332,99.9000015258789,5.765999794006348,0.9567999839782715,,,5.754527568817139,860.3200073242188,3.992000102996826,1.499,1.588,32.84,30.95,140.8,148.6,5.9,2.1,1.542,209613.0,857347.0,1501634.0,8551.0,13848.0,8379.0,171.5929131095778,0.07989931130396064,-0.8798291424713092,-3.1531539599190275,-0.02844537530361635,0.008108108108108025,0.0006706908115357013,0.03467406380027738
2003-02-10,,34.47999954223633,100.2699966430664,5.8520002365112305,1.027500033378601,,,5.74928092956543,835.969970703125,3.9769999980926514,1.582,1.673,34.46,32.47,140.8,148.6,5.9,2.1,1.662,212649.0,853026.0,1495579.0,8106.0,13973.0,7197.0,183.63471502590673,0.531934748967774,-1.384458421711398,-3.13910844518384,-0.025165435594268204,0.03351206434316367,0.027315123251165918,0.08058864751226347
2003-02-17,,36.79999923706055,100.04000091552734,5.85099983215332,1.0223000049591064,,,5.631251335144043,834.8900146484375,3.9519999027252197,1.63,1.716,36.61,33.06,140.8,148.6,5.9,2.1,1.704,211206.0,856084.0,1488845.0,8454.0,14306.0,8762.0,174.88076650106458,0.343148962083964,-0.9917406992183287,-3.1294464969338445,-0.03164598444463851,0.0778210116731517,0.12449255751014876,0.182918149466192
2003-02-24,,36.47999954223633,99.66000366210938,9.13700008392334,1.0475000143051147,,,5.880424976348877,832.5800170898438,3.8440001010894775,1.617,1.7,37.29,33.41,140.8,148.6,5.9,2.1,1.709,208095.0,855050.0,1481159.0,8619.0,14457.0,8325.0,169.0062652279847,-0.09080509925888172,-1.0963039453114691,-3.1420514488225995,-0.037125392685026126,0.025270758122743597,0.15135135135135136,0.21281138790035592
2003-03-03,,35.880001068115234,99.0999984741211,7.1620001792907715,1.0947999954223633,,,5.898782253265381,834.8099975585938,3.6760001182556152,1.641,1.725,36.1,33.4,143.9,147.3,5.9,2.1,1.753,206086.0,856747.0,1478222.0,8421.0,14182.0,8679.0,171.31005818786366,-0.36645626039339885,-0.8896345118817646,-2.9467395467648982,-0.04183674361282774,0.002934272300469498,0.1454423592493299,0.2146410803127221
2003-03-10,,37.27000045776367,97.8499984741211,6.514999866485596,1.1282000541687012,,,5.8673095703125,807.47998046875,3.5739998817443848,1.663,1.748,37.18,34.94,143.9,147.3,5.9,2.1,1.771,202008.0,852459.0,1467509.0,9020.0,14598.0,7621.0,156.76895787139688,-0.9517791754729742,-1.3485042283415378,-3.0648709125338853,-0.04477611940298509,0.02574605032182542,0.13683527885862512,0.24768683274021353
2003-03-17,,34.93000030517578,100.73999786376953,5.506999969482422,1.0270999670028687,,,5.791247844696045,862.7899780273438,3.815999984741211,1.673,1.758,34.92,30.35,143.9,147.3,5.9,2.1,1.752,201083.0,852931.0,1464857.0,8596.0,14770.0,8693.0,163.74837133550488,-1.054693504650209,-1.2490657499299977,-2.862115606720701,-0.0203834783785789,0.01026811180832854,0.06558363417569191,0.264097073518915
2003-03-24,,28.65999984741211,100.9800033569336,5.252999782562256,0.8978999853134155,,,5.813791751861572,864.22998046875,3.9730000495910645,1.626,1.712,29.51,26.54,143.9,147.3,5.9,2.1,1.662,198977.0,856636.0,1469534.0,8666.0,14732.0,9655.0,160.72455573505655,-1.3277208519241535,-0.7996588929407886,-2.474030094584526,-0.016101733780882754,-0.010728402032749829,0.028169014084507005,0.21666666666666679
2003-03-31,,31.040000915527344,99.05999755859375,5.059999942779541,0.9444000124931335,,,5.884978771209717,848.1799926757812,3.822999954223633,1.577,1.666,31.14,28.05,143.9,147.3,5.9,2.1,1.602,200721.0,863369.0,1475000.0,8284.0,15106.0,10361.0,169.60972959922745,-1.03393507178488,-0.05470871816582576,-2.1518835124961213,-0.014864197962205061,-0.051369863013698724,-0.02750146284376842,0.11468812877263579
2003-04-07,,27.959999084472656,101.04000091552734,5.133999824523926,0.8424999713897705,,,5.858613014221191,879.9299926757812,4.013999938964844,1.557,1.645,27.76,25.27,136.5,133.6,6.0,3.6,1.554,202182.0,859871.0,1467502.0,8458.0,15441.0,8917.0,167.3296287538425,-0.7893470567213356,-0.4214764045203754,-2.234562235721297,-0.018534697407850853,-0.03610108303249082,-0.08613804905875633,0.06728847435043317
2003-04-14,,28.6299991607666,99.95999908447266,5.552000045776367,0.8490999937057495,,,5.858613014221191,885.22998046875,4.020999908447266,1.521,1.611,28.41,24.72,136.5,133.6,6.0,3.6,1.539,201947.0,860204.0,1470544.0,8640.0,15456.0,9405.0,163.6144675925926,-0.7934498611902405,-0.36537281405964284,-2.016035841771382,-0.03363304673649048,-0.029962546816479474,-0.12252964426877466,0.05142083897158334
2003-04-21,,30.8700008392334,99.58999633789062,5.7129998207092285,0.9097999930381775,,,5.877068042755127,892.010009765625,3.9790000915527344,1.504,1.593,30.76,25.76,136.5,133.6,6.0,3.6,1.529,201174.0,869175.0,1482159.0,8737.0,15324.0,10614.0,161.1786654458052,-0.8751628838277521,0.6205587744793261,-1.6145135549416754,-0.03195935587015042,-0.009652509652509744,-0.12157534246575352,0.039864864864864735
2003-04-28,,25.489999771118164,98.66999816894531,5.123000144958496,0.8424000144004822,,,5.890249252319336,914.8400268554688,3.9000000953674316,1.486,1.574,25.25,23.42,136.5,133.6,6.0,3.6,1.508,205592.0,870997.0,1488899.0,8358.0,15417.0,9669.0,172.18760469011724,-0.2238641370995136,0.8190212760868445,-1.378627902957101,-0.030053139145837404,-0.00649772579597141,-0.08002406738868828,0.02479892761394087
2003-05-05,,26.489999771118164,96.37000274658203,5.715000152587891,0.7919999957084656,,,5.993080139160156,926.5499877929688,3.88700008392334,1.441,1.528,26.43,23.59,129.4,119.0,6.1,3.6,1.484,207794.0,870684.0,1488670.0,8834.0,15714.0,9856.0,164.65451664025358,0.10347117516368269,0.7986207952393424,-1.3302971437107518,-0.02722404469645412,-0.013734466971876969,-0.05867665418227219,-0.022049286640726362
2003-05-12,,27.350000381469727,94.55000305175781,5.982999801635742,0.8140000104904175,,,6.10118293762207,945.1099853515625,3.6389999389648438,1.427,1.514,27.34,25.69,129.4,119.0,6.1,3.6,1.444,208644.0,868766.0,1488983.0,8894.0,15781.0,9334.0,164.2127276815831,0.24304949244507898,0.5870258781271129,-1.2709321744940476,-0.017200204696650956,-0.01591511936339529,-0.04504504504504503,-0.10709987966305656
2003-05-19,,28.829999923706055,93.77999877929688,6.014999866485596,0.8539000153541565,,,6.156551837921143,920.77001953125,3.4519999027252197,1.444,1.524,28.84,27.23,129.4,119.0,6.1,3.6,1.443,208377.0,870120.0,1497064.0,8992.0,15737.0,10073.0,162.21519128113877,0.23334204046155402,0.7296658498448707,-1.031508699640597,-0.010727522246114507,-0.02695417789757415,-0.061728395061728336,-0.15258215962441313
2003-05-26,,29.15999984741211,93.05000305175781,6.11899995803833,0.906499981880188,,,6.359573841094971,933.219970703125,3.3329999446868896,1.439,1.517,29.74,26.78,129.4,119.0,6.1,3.6,1.434,205034.0,871669.0,1498177.0,9299.0,15626.0,10041.0,154.34326271642112,-0.23628804250035526,0.9061939919305626,-0.967543318489567,-0.003051966507072512,-0.0006925207756232066,-0.05624591236102017,-0.15564657694558226
2003-06-02,,30.709999084472656,93.33999633789062,6.4120001792907715,0.8866999745368958,,,6.488766670227051,967.0,3.428999900817871,1.428,1.507,30.72,27.56,129.8,119.8,6.3,3.6,1.423,207281.0,875458.0,1508142.0,8516.0,16095.0,10521.0,170.38128229215593,0.13831724793025651,1.3214731840790817,-0.6985325785844813,0.02231979110264959,-0.006237006237006293,-0.049071618037135334,-0.18197375926982318
2003-06-09,,31.450000762939453,93.30000305175781,6.314000129699707,0.8980000019073486,,,6.520409107208252,975.9299926757812,3.2790000438690186,1.456,1.534,31.36,28.62,129.8,119.8,6.3,3.6,1.422,209853.0,872215.0,1511930.0,8529.0,15896.0,9884.0,172.2325008793528,0.5686567056044671,0.9854630881002387,-0.580841496644433,0.013874021871627562,-0.007670850767084958,-0.041105121293800506,-0.19649915302089205
2003-06-16,,31.18000030517578,92.4000015258789,5.705999851226807,0.8492000102996826,,,6.5705060958862305,1010.739990234375,3.1700000762939453,1.48,1.561,31.14,27.5,129.8,119.8,6.3,3.6,1.432,209124.0,877458.0,1519137.0,8880.0,15804.0,10302.0,164.85,0.4745221312618495,1.6136077867651548,-0.3830266136839587,0.0045507525908237145,-0.0007027406886859211,-0.015235457063711877,-0.18835616438356173
2003-06-23,,29.170000076293945,94.08000183105469,5.86299991607666,0.8409000039100647,,,6.459029197692871,981.6400146484375,3.315000057220459,1.451,1.532,30.22,27.13,129.8,119.8,6.3,3.6,1.423,208204.0,873611.0,1518318.0,8833.0,15460.0,9332.0,164.99807539907167,0.35416046266254636,1.191456477413817,-0.37658711816807067,0.0011281253006147907,0.007032348804500765,-0.007623007623007716,-0.1383874849578821
2003-06-30,,30.190000534057617,94.7300033569336,5.410999774932861,0.8698999881744385,,,6.3716020584106445,974.5,3.5280001163482666,1.443,1.525,30.15,28.88,129.8,119.8,6.3,3.6,1.42,204960.0,873290.0,1515834.0,9476.0,15521.0,9466.0,151.40565639510342,-0.146962693169498,1.178171301449144,-0.4106609357337511,-0.012291328307215466,-0.006284916201117263,-0.007670850767084958,-0.11173533083645448
2003-07-07,,30.1299991607666,95.51000213623047,5.38100004196167,0.8863000273704529,,,6.305372714996338,1004.4199829101562,3.7070000171661377,1.448,1.529,30.08,27.23,132.2,125.1,6.2,6.8,1.428,205486.0,874511.0,1517820.0,9050.0,15568.0,9599.0,158.93944751381215,-0.024101110572390106,1.3685910136679855,-0.33337110844888057,0.014314705066396316,-0.0021082220660576523,-0.0021082220660576523,-0.08622908622908632
2003-07-14,,31.270000457763672,96.06999969482422,5.1020002365112305,0.9415000081062317,,,6.22589111328125,1003.8599853515625,3.7139999866485596,1.489,1.573,31.2,28.52,132.2,125.1,6.2,6.8,1.435,209422.0,871489.0,1523751.0,8763.0,15639.0,9732.0,167.28905625927194,0.6957385464769466,1.0243995841850058,-0.15518628190056244,0.029006589825414375,0.005633802816901401,0.00421940928270037,-0.07212475633528259
2003-07-21,,31.780000686645508,96.11000061035156,5.10699987411499,0.9318000078201294,,,6.260329723358154,978.7999877929688,4.173999786376953,1.496,1.582,31.67,28.01,132.2,125.1,6.2,6.8,1.439,207820.0,869850.0,1522258.0,9177.0,15424.0,9441.0,158.52021357742183,0.43392084734745545,0.8504174078857757,-0.16329724856092404,0.026181969165546715,0.004901960784313708,0.0020949720670391248,-0.06147809025506856
2003-07-28,,30.110000610351562,95.05999755859375,4.699999809265137,0.8937000036239624,,,6.1808552742004395,996.52001953125,4.283999919891357,1.488,1.574,29.98,27.71,132.2,125.1,6.2,6.8,1.438,204496.0,871644.0,1525604.0,9563.0,15566.0,10084.0,149.6885914461989,-0.14205731317254347,1.0817983516467065,-0.042397588896495066,0.03568073476271838,0.0027874564459930973,0.011243851018974071,-0.04575596816976124
2003-08-04,,31.84000015258789,96.18000030517578,4.630000114440918,0.9266999959945679,,,6.066934108734131,982.8200073242188,4.320000171661377,1.516,1.596,31.8,29.91,137.8,136.7,6.1,6.8,1.453,201784.0,876495.0,1532960.0,9303.0,15362.0,10294.0,151.83145221971407,-0.6139860983251545,1.66705726683452,0.19364081726047586,0.037086748902216415,-0.0006949270326616075,0.012676056338028152,-0.030997304582210283
2003-08-11,,32.0099983215332,95.87000274658203,5.129000186920166,0.940500020980835,,,6.3477582931518555,980.5900268554688,4.370999813079834,1.55,1.632,31.91,30.05,137.8,136.7,6.1,6.8,1.492,198147.0,876824.0,1528493.0,9381.0,15490.0,9970.0,147.85513271506235,-1.2587125969009096,1.6551965904073709,0.10211834195060114,0.044251225442053954,0.010431154381084884,0.017507002801120608,0.006232686980609525
2003-08-18,,30.889999389648438,97.3499984741211,4.882999897003174,0.988099992275238,,,6.4325385093688965,999.739990234375,4.4770002365112305,1.594,1.676,30.81,29.88,137.8,136.7,6.1,6.8,1.498,196850.0,875376.0,1529393.0,9325.0,15695.0,9868.0,147.76943699731905,-1.4469527538788598,1.4134083970516644,0.1564541694009131,0.06152782050694605,0.026841018582243636,0.03972125435540064,0.033957033957033866
2003-08-25,,31.559999465942383,98.83000183105469,5.083000183105469,1.1162999868392944,,,6.392794609069824,993.7100219726562,4.5269999504089355,1.693,1.775,31.43,29.98,137.8,136.7,6.1,6.8,1.503,191179.0,878418.0,1529482.0,9668.0,15461.0,10246.0,138.42087298303682,-2.408837809114659,1.713924472012573,0.1901409194551004,0.06482900551341952,0.004021447721179738,0.04100069492703251,0.04463040446304056
2003-09-01,,31.56999969482422,98.0,4.730999946594238,1.093000054359436,,,6.538512706756592,1008.010009765625,4.453999996185303,1.688,1.767,31.76,29.64,142.9,146.5,6.1,6.8,1.501,191898.0,881246.0,1535808.0,9337.0,15705.0,10126.0,143.86698082896004,-2.1141455591111518,1.958481859404701,0.4157627093614225,0.06665374547576852,0.0033377837116153053,0.045201668984701016,0.05621925509486991
2003-09-08,,28.850000381469727,97.16000366210938,4.660999774932861,0.8633000254631042,,,6.633886337280273,1031.6400146484375,4.388999938964844,1.653,1.733,28.85,28.47,142.9,146.5,6.1,6.8,1.488,192579.0,878240.0,1541629.0,8886.0,15754.0,9648.0,151.7052667116813,-1.8750480938850937,1.530241359494641,0.6273027661925379,0.06714686240193646,-0.0013306719893546592,0.033035099793530476,0.05555555555555558
2003-09-15,,28.139999389648438,95.9800033569336,4.684999942779541,0.8593000173568726,,,6.445785999298096,1014.8099975585938,4.244999885559082,1.636,1.721,28.15,26.38,142.9,146.5,6.1,6.8,1.471,195322.0,883161.0,1554221.0,8974.0,15774.0,10759.0,152.3572542901716,-1.338848090776671,1.9797472985450923,1.0663832990748856,0.05304306565847838,-0.008660892738174497,-0.002680965147453085,0.03910614525139677
2003-09-22,,26.959999084472656,93.8499984741211,4.49399995803833,0.800000011920929,,,6.419665336608887,1022.8200073242188,4.241000175476074,1.58,1.664,26.97,25.82,142.9,146.5,6.1,6.8,1.444,196822.0,885790.0,1563690.0,9166.0,15384.0,10299.0,150.31136809949817,-1.0525163543675211,2.1410898208894564,1.400276631330209,0.04294111374433385,-0.011424731182795633,-0.018024032042723626,0.03373155305692199
2003-09-29,,28.399999618530273,93.08000183105469,4.894999980926514,0.8449000120162964,,,6.403688907623291,1006.5800170898438,4.077000141143799,1.524,1.613,28.35,27.77,142.9,146.5,6.1,6.8,1.429,199174.0,886376.0,1569404.0,8690.0,15092.0,9513.0,160.43935558112776,-0.6475809296257301,2.0788034016265904,1.6004703930875936,0.027529376986179743,-0.018354860639021142,-0.03925482368596134,0.016901408450704203
2003-10-06,,30.469999313354492,92.41000366210938,4.9039998054504395,0.8427000045776367,,,6.616699695587158,1034.3499755859375,4.151000022888184,1.511,1.599,30.4,29.75,137.8,136.9,6.0,4.7,1.445,197986.0,893028.0,1573832.0,9190.0,14976.0,9852.0,150.80544069640914,-0.8069291143510778,2.674043359723733,1.7312449773478258,0.00900987043693302,-0.010387811634348987,-0.04796802131912048,0.0007002801120448154
2003-10-13,,31.950000762939453,91.88999938964844,5.546999931335449,0.8770999908447266,,,6.656639575958252,1045.3499755859375,4.255000114440918,1.515,1.597,31.91,31.0,137.8,136.9,6.0,4.7,1.483,194579.0,898706.0,1574795.0,9156.0,15078.0,10019.0,148.76070336391436,-1.310484773390777,3.143078063336573,1.7167540226069262,0.01694620778921796,0.011196641007697794,-0.02889784946236551,0.006968641114982521
2003-10-20,,30.350000381469727,92.43000030517578,4.771999835968018,0.8586999773979187,,,6.55546236038208,1044.6800537109375,4.380000114440918,1.527,1.607,30.37,29.78,137.8,136.9,6.0,4.7,1.502,195986.0,898318.0,1576109.0,8754.0,15315.0,9513.0,156.71715787068769,-1.0650589980856362,2.8306642479931194,1.7110444493525963,0.02193810081146874,0.02629757785467124,0.008157715839564927,0.030576789437109175
2003-10-27,,29.920000076293945,91.61000061035156,4.51200008392334,0.8284000158309937,,,6.448958873748779,1031.1300048828125,4.264999866485596,1.499,1.579,29.95,29.38,137.8,136.9,6.0,4.7,1.495,193809.0,903615.0,1581262.0,9413.0,15431.0,10159.0,144.12652714331244,-1.4038739267550424,3.057974728376439,1.8254715911960666,0.01008631769078483,0.012811867835468504,0.040166204986149534,0.044506258692628586
2003-11-03,,28.899999618530273,93.66000366210938,4.704999923706055,0.7871999740600586,,,6.424991130828857,1059.02001953125,4.368000030517578,1.494,1.577,28.81,27.78,136.9,136.2,5.8,4.7,1.481,191334.0,904900.0,1579507.0,9316.0,15538.0,10176.0,143.7674967797338,-1.7792378891895444,2.870464636574773,1.712475743843283,0.029617257572964073,-0.0046604527296936205,0.04618614415675304,0.02890571231933925
2003-11-10,,30.8799991607666,93.05000305175781,4.710999965667725,0.824400007724762,,,6.435641765594482,1047.1099853515625,4.460000038146973,1.464,1.547,31.01,28.82,136.9,136.2,5.8,4.7,1.476,192267.0,905184.0,1575764.0,8995.0,15143.0,9948.0,149.62412451361868,-1.6268888946773141,2.635439830727068,1.5584161008624717,0.03318821623099,-0.00936454849498325,0.02491349480968852,-0.007372654155495928
2003-11-17,,31.729999542236328,91.52999877929688,4.763999938964844,0.8700000047683716,,,6.475582122802734,1043.6300048828125,4.188000202178955,1.459,1.544,31.75,28.98,136.9,136.2,5.8,4.7,1.481,192194.0,909107.0,1575204.0,9232.0,15296.0,10354.0,145.7276863084922,-1.620033904746908,2.71589882911635,1.505076616072869,0.028121835995343014,-0.0033760972316003723,-0.004720161834120051,-0.01468624833110821
2003-11-24,,29.739999771118164,91.58999633789062,4.682000160217285,0.8353999853134155,,,6.417004585266113,1052.0799560546875,4.2270002365112305,1.478,1.563,29.99,27.99,136.9,136.2,5.8,4.7,1.491,193653.0,904631.0,1568503.0,8725.0,15193.0,9151.0,155.36630372492837,-1.3869065339568953,2.186746345465859,1.2834559602418127,0.04003377098509531,0.003387533875338855,-0.013981358189081194,-0.014637391882900697
2003-12-01,,29.950000762939453,90.3499984741211,5.2829999923706055,0.8216999769210815,,,6.582089424133301,1070.1199951171875,4.392000198364258,1.454,1.54,29.89,28.17,138.8,139.5,5.7,4.7,1.476,197110.0,900547.0,1570090.0,8979.0,15478.0,9128.0,153.66633255373648,-0.8447401882359722,1.7833258839560027,1.3086618935470842,0.020543601309976456,0.006752194463200523,-0.0026755852842809125,-0.0066622251832110235
2003-12-08,,32.099998474121094,88.75,6.9019999504089355,0.8733999729156494,,,6.872317790985107,1069.300048828125,4.2779998779296875,1.441,1.528,32.08,30.52,138.8,139.5,5.7,4.7,1.481,200472.0,895901.0,1566844.0,8776.0,15691.0,9531.0,159.90246125797628,-0.334230029335976,1.3976104215578646,1.1980920996737423,0.011238071320944343,-0.010060362173038295,-0.0033760972316003723,-0.008064516129032251
2003-12-15,,33.18000030517578,88.45999908447266,6.953999996185303,0.9028000235557556,,,6.906930923461914,1068.0400390625,4.275000095367432,1.433,1.521,33.17,30.89,138.8,139.5,5.7,4.7,1.486,202377.0,891298.0,1555723.0,8930.0,15287.0,9140.0,158.63818589025755,-0.04412002756013549,1.0540923006891718,0.8811912514494628,0.004726536124240344,0.003387533875338855,0.003387533875338855,0.00679809653297081
2003-12-22,,31.8700008392334,87.98999786376953,6.323999881744385,0.8716999888420105,,,7.261577129364014,1092.93994140625,4.164000034332275,1.459,1.549,31.71,28.78,138.8,139.5,5.7,4.7,1.504,202987.0,893901.0,1553645.0,9166.0,15187.0,9515.0,155.01952869299586,0.04834460124435577,1.1786568892717557,0.825617490509033,-0.003933804755186676,0.0033760972316001503,0.0033760972316001503,0.02908587257617734
2003-12-29,,32.400001525878906,87.3499984741211,6.150000095367432,0.9110000133514404,,,7.403327465057373,1109.47998046875,4.230000019073486,1.454,1.544,32.51,29.17,138.8,139.5,5.7,4.7,1.502,203619.0,890821.0,1549218.0,8726.0,15206.0,9438.0,163.34322713729085,0.14888579039106448,0.9478771326085742,0.7014202061694431,0.008246601954349453,0.01211305518169592,0.008718980549966338,0.05248425472358287
2004-01-05,,33.779998779296875,86.06999969482422,6.827000141143799,0.9768999814987183,,,7.507639408111572,1122.219970703125,4.38700008392334,1.492,1.578,33.71,32.3,143.9,148.3,5.7,2.3,1.503,206308.0,890843.0,1553764.0,8686.0,15387.0,9759.0,166.2624913654156,0.5517853808518808,0.9135434595009124,0.8198513488654066,0.0017013428920231721,-0.0013297872340425343,0.017615176151761558,0.03944636678200686
2004-01-12,,34.720001220703125,85.55000305175781,6.906000137329102,1.0161999464035034,,,7.50229024887085,1127.22998046875,4.083000183105469,1.544,1.634,34.92,31.41,143.9,148.3,5.7,2.3,1.551,208416.0,886904.0,1551243.0,8411.0,15057.0,9214.0,173.45285935085008,0.8819893959481527,0.6382994699374581,0.7357894619401516,-0.0014255953861761483,0.0006657789613846443,0.014854827819041017,0.013486176668914274
2004-01-19,,35.06999969482422,87.66000366210938,5.940000057220459,0.995199978351593,,,7.430079460144043,1139.8299560546875,4.013999938964844,1.579,1.667,35.16,31.67,143.9,148.3,5.7,2.3,1.559,209484.0,888425.0,1550523.0,8426.0,14873.0,9803.0,174.0313315926893,1.0958158755034688,0.7034131134649321,0.7035630543036233,-0.01618293070668919,0.031936127744510934,0.043741588156123834,0.03262316910785623
2004-01-26,,34.470001220703125,87.25,5.7270002365112305,1.002500057220459,,,7.73765754699707,1155.3699951171875,4.139999866485596,1.604,1.691,34.41,31.15,143.9,148.3,5.7,2.3,1.591,206040.0,887785.0,1539433.0,8543.0,14710.0,8634.0,168.82593936556248,0.6050582497637459,0.6333332515303001,0.38317601988429617,-0.03653380074439527,0.0051579626047710825,0.03656914893617014,0.04280936454849482
2004-02-02,,34.97999954223633,87.52999877929688,5.573999881744385,1.017300009727478,,,7.577182292938232,1135.260009765625,4.151000022888184,1.591,1.679,34.02,30.3,145.8,151.0,5.6,2.3,1.581,205593.0,896308.0,1537233.0,8514.0,14508.0,10488.0,169.03347427766033,0.5696464213511282,1.145859107195438,0.31120564943260204,-0.041163097841383944,0.02052597819114821,0.05925432756324889,0.07427413909520575
2004-02-09,,32.83000183105469,86.0,5.348999977111816,0.9674999713897705,,,7.569160461425781,1139.81005859375,4.065000057220459,1.609,1.695,32.91,29.1,145.8,151.0,5.6,2.3,1.568,204417.0,894047.0,1527394.0,8627.0,14826.0,8447.0,165.86519068042193,0.3941140677417063,0.9599641934256228,0.02187806148460802,-0.045927857039232745,-0.006285355122564451,0.05189620758483038,0.07113821138211374
2004-02-16,,34.560001373291016,85.47000122070312,5.535999774932861,1.0324000120162964,,,7.780451774597168,1145.81005859375,4.047999858856201,1.617,1.703,34.51,31.08,145.8,151.0,5.6,2.3,1.584,205023.0,900536.0,1527377.0,8727.0,14952.0,10160.0,164.4506703334479,0.5368591545283933,1.3506826609725964,0.004555721064189131,-0.04092967726028096,-0.008222643896268145,0.010960670535138606,0.05874409182984475
2004-02-23,,34.349998474121094,87.04000091552734,5.126999855041504,1.0276999473571777,,,7.815221786499023,1140.989990234375,4.050000190734863,1.641,1.726,35.75,31.89,145.8,151.0,5.6,2.3,1.595,203378.0,902419.0,1524556.0,8796.0,14454.0,9007.0,161.85152341973622,0.28224499384917723,1.427977356111427,-0.09557860466039321,-0.033037414591020386,0.010204081632652962,0.016035920461834552,0.0623742454728371
2004-03-01,,36.86000061035156,87.5199966430664,5.550000190734863,1.1466000080108643,,,8.082680702209473,1155.969970703125,3.992000102996826,1.664,1.749,36.85,33.34,145.1,151.2,5.8,2.3,1.619,202014.0,905673.0,1528515.0,8970.0,14655.0,9837.0,157.647491638796,0.06016055644519754,1.5972076378577942,-0.007834314105720077,-0.026300550557039393,0.00694444444444442,0.0025141420490257804,0.08062330623306235
2004-03-08,,36.56999969482422,88.0,5.39300012588501,1.0835000276565552,,,8.082680702209473,1147.199951171875,3.7760000228881836,1.69,1.777,36.53,34.27,145.1,151.2,5.8,2.3,1.628,200420.0,910271.0,1536272.0,8968.0,14735.0,9788.0,156.4384478144514,-0.20935934968706527,1.8462550068013446,0.19053773760417161,-0.014660528797698524,0.015047021943573657,0.02403542061986097,0.09318028359216735
2004-03-15,,37.439998626708984,88.80999755859375,5.7179999351501465,1.1318999528884888,,,7.841966152191162,1104.489990234375,3.7679998874664307,1.675,1.762,37.44,34.39,145.1,151.2,5.8,2.3,1.617,199626.0,912509.0,1538711.0,9044.0,14466.0,9498.0,154.50928792569658,-0.34517766201254096,1.9379399857582122,0.23091231916725222,-0.004981642603836378,0.005558987029030238,0.03826530612244894,0.09555854643337813
2004-03-22,,37.11000061035156,87.80999755859375,5.546000003814697,1.12909996509552,,,7.789332389831543,1095.4000244140625,3.7239999771118164,1.698,1.784,37.12,33.57,145.1,151.2,5.8,2.3,1.641,199523.0,921410.0,1545870.0,8818.0,14575.0,10108.0,158.38750283510998,-0.3581363061340433,2.477943305412705,0.42163980294723485,0.002943402573374776,-0.006756756756756688,0.02083333333333326,0.0751329787234043
2004-03-29,,35.45000076293945,88.62999725341797,5.364999771118164,1.118399977684021,,,7.668461799621582,1122.469970703125,3.890000104904175,1.716,1.802,35.41,32.04,145.1,151.2,5.8,2.3,1.642,200885.0,928421.0,1553030.0,8731.0,14643.0,10077.0,161.0577253464666,-0.11792476990331642,2.8094786760119344,0.62535502781518,0.0032312928836111254,0.014842300556586308,0.028840125391849547,0.09254327563248999
2004-04-05,,34.380001068115234,89.22000122070312,5.803999900817871,1.058500051498413,,,7.864539623260498,1150.5699462890625,4.21999979019165,1.737,1.823,34.29,31.17,143.4,147.2,5.6,3.1,1.648,200057.0,928261.0,1548976.0,9249.0,14869.0,9757.0,151.41085522759218,-0.2658428430276115,2.585406246476771,0.4590665760619078,-0.004425560140239648,0.0006093845216330607,0.014206300185299447,0.09248170326014638
2004-04-12,,37.84000015258789,88.94999694824219,6.008999824523926,1.180299997329712,,,8.084790229797363,1145.199951171875,4.230000019073486,1.74,1.826,37.79,34.51,143.4,147.2,5.6,3.1,1.679,197451.0,932251.0,1544678.0,9338.0,14633.0,9461.0,148.0142428785607,-0.7219335061145632,2.668232327436407,0.2743286350614462,0.0017349652469476062,0.0036540803897686658,0.01228501228501222,0.06254029658284965
2004-04-19,,37.41999816894531,89.80000305175781,5.508999824523926,1.1649999618530273,,,8.184170722961426,1135.8199462890625,4.372000217437744,1.773,1.856,37.46,34.71,143.4,147.2,5.6,3.1,1.724,199083.0,933786.0,1550540.0,8973.0,15190.0,9676.0,155.3082581076563,-0.4142508305821363,2.5843761351840224,0.46028409103925705,0.008438574007646471,0.018810679611650505,0.0383426097711812,0.07697241821680567
2004-04-26,,36.970001220703125,90.62000274658203,5.763999938964844,1.1821999549865723,,,8.130451202392578,1135.530029296875,4.433000087738037,1.774,1.859,37.02,34.18,143.4,147.2,5.6,3.1,1.718,199958.0,939155.0,1559486.0,9255.0,15161.0,10469.0,151.23781739600216,-0.2518558967483494,2.7011933006256914,0.786709854734554,0.012251299689104433,0.026801667659321016,0.05057891529555136,0.08359522313010692
2004-05-03,,38.209999084472656,90.76000213623047,6.230999946594238,1.2619999647140503,,,8.200286865234375,1117.489990234375,4.500999927520752,1.811,1.892,38.26,34.97,147.6,154.6,5.6,3.1,1.717,203996.0,940336.0,1568612.0,8926.0,15489.0,9791.0,159.97893793412504,0.4832211887732891,2.5545771932784977,1.138331825763857,0.0248945328393686,-0.0034802784222738303,0.04628501827040199,0.08665401644528781
2004-05-10,,38.93000030517578,91.55999755859375,6.184000015258789,1.2963000535964966,,,7.762471675872803,1087.1199951171875,4.781000137329102,1.904,1.981,38.9,35.83,147.6,154.6,5.6,3.1,1.745,202450.0,942709.0,1572945.0,9373.0,15954.0,9926.0,151.1949215832711,0.22410491291753673,2.492882480491396,1.3014126913338329,0.015702412099464214,-0.0005820721769498327,0.041868932038835016,0.09502551020408156
2004-05-17,,41.54999923706055,91.0,6.423999786376953,1.4170000553131104,,,8.017640113830566,1084.0999755859375,4.698999881744385,1.979,2.056,41.53,38.88,147.6,154.6,5.6,3.1,1.763,203674.0,941911.0,1576777.0,9119.0,15932.0,9939.0,156.34587125781334,0.473517644003835,2.2852133115151045,1.4531321937118764,0.015634992439165885,0.016307513104251603,0.0393091125670042,0.10164141414141414
2004-05-24,,41.720001220703125,90.4800033569336,6.704999923706055,1.457800030708313,,,7.996154308319092,1095.4100341796875,4.739999771118164,2.026,2.104,42.03,39.22,147.6,154.6,5.6,3.1,1.761,203017.0,942085.0,1578088.0,9154.0,15811.0,10493.0,155.24568494647147,0.375800898174074,2.15416582763024,1.4813450944291675,0.01941762104740974,0.01031518624641814,0.022621809744779453,0.1053291536050156
2004-05-31,,39.880001068115234,88.94999694824219,6.441999912261963,1.4366999864578247,,,7.990781307220459,1120.6800537109375,4.65500020980835,2.004,2.084,39.9,37.0,147.6,154.6,5.6,3.1,1.746,204279.0,945730.0,1587696.0,9259.0,15801.0,10703.0,154.43924829895235,0.619831445070876,2.1986968796895012,1.9057916452851515,0.016925370516530647,-0.0011344299489506326,0.02502910360884747,0.08770846201358862
2004-06-07,,38.65999984741211,88.25,6.206999778747559,1.2014000415802002,,,8.119709014892578,1140.4200439453125,4.764999866485596,1.983,2.064,38.72,35.57,151.5,160.3,5.6,3.1,1.734,206432.0,947442.0,1592320.0,9045.0,16005.0,10483.0,159.75942509673854,1.0422968385144227,2.1420161015987436,2.0533869865451395,0.024556555462066365,-0.008517887563884052,0.016889924286546343,0.07248157248157261
2004-06-14,,37.59000015258789,89.94000244140625,6.24399995803833,1.152500033378601,,,8.060617446899414,1125.2900390625,4.869999885559082,1.926,2.014,37.58,35.22,151.5,160.3,5.6,3.1,1.711,205943.0,948290.0,1596925.0,9219.0,16113.0,10271.0,156.3728170083523,0.9797249041132985,2.057519439170921,2.1791316054066,0.014332888208165029,-0.0068728522336769515,-0.006303724928366838,0.07235621521335811
2004-06-21,,37.630001068115234,89.29000091552734,6.339000225067139,1.1614999771118164,,,8.40013599395752,1130.300048828125,4.690000057220459,1.873,1.961,37.69,34.82,151.5,160.3,5.6,3.1,1.7,205134.0,950705.0,1601573.0,9194.0,15996.0,10188.0,156.18207526647814,0.8496338376716295,2.0434126272004827,2.275206305326917,0.01637104286527369,-0.013264129181084106,-0.029495178672716893,0.042656916514320464
2004-06-28,,36.2400016784668,88.72000122070312,6.140999794006348,1.1447999477386475,,,8.378567695617676,1133.3499755859375,4.738999843597412,1.859,1.947,36.25,33.24,151.5,160.3,5.6,3.1,1.7,205148.0,951242.0,1606689.0,9199.0,16057.0,10591.0,156.10783780845745,0.875774448079751,1.9557734496087527,2.378135887413019,0.0166971257684001,-0.006428988895382903,-0.03463940942646215,0.035322777101096214
2004-07-05,,38.38999938964844,88.2300033569336,6.1479997634887695,1.2444000244140625,,,8.53227424621582,1125.3800048828125,4.458000183105469,1.835,1.922,38.37,35.73,151.1,158.2,5.5,3.8,1.716,206108.0,951332.0,1612723.0,9398.0,16058.0,10138.0,153.5173441157693,1.0638343756276598,1.8605063499330414,2.509255441913718,0.015634957001737115,0.0,-0.026345933562428425,0.031553398058252524
2004-07-12,,39.5,87.38999938964844,5.85699987411499,1.3001999855041504,,,8.56193733215332,1114.3499755859375,4.442999839782715,1.869,1.951,39.3,37.73,151.1,158.2,5.5,3.8,1.74,205903.0,949656.0,1613625.0,9300.0,15835.0,10054.0,154.98075268817203,1.0185979721216094,1.704415447203394,2.392964755018054,0.024655363718259604,0.009411764705882453,-0.01038062283737029,0.02203692674210833
2004-07-19,,41.63999938964844,87.18000030517578,5.817999839782715,1.291700005531311,,,8.77497386932373,1100.9000244140625,4.361000061035156,1.888,1.971,41.55,39.07,151.1,158.2,5.5,3.8,1.744,208420.0,946080.0,1615333.0,8840.0,15749.0,9901.0,165.03846153846155,1.5563372818825367,1.4917761676170918,2.314976383739806,0.02572486119679196,0.013986013986013957,0.016949152542372836,0.009280742459396807
2004-07-26,,41.439998626708984,89.02999877929688,5.956999778747559,1.2467000484466553,,,8.510702133178711,1084.0699462890625,4.474999904632568,1.861,1.948,41.45,39.75,151.1,158.2,5.5,3.8,1.754,207651.0,948346.0,1623670.0,9310.0,16182.0,11324.0,156.12857142857143,1.3949276956916954,1.5264863999875296,2.5142683838514426,0.016664076653049475,0.0022988505747125743,0.025882352941176467,0.015133876600698537
2004-08-02,,43.81999969482422,89.75,5.813000202178955,1.2862000465393066,,,8.739923477172852,1106.6199951171875,4.454999923706055,1.846,1.931,43.83,41.35,151.5,157.6,5.4,3.8,1.78,210108.0,947080.0,1626885.0,9263.0,16134.0,10351.0,158.77750188923676,1.8493275236507705,1.419642164046107,2.470394579899679,0.02028541001064954,0.005733944954128489,0.03176470588235292,0.021549213744903817
2004-08-09,,44.84000015258789,88.38999938964844,5.692999839782715,1.2401000261306763,,,8.475646018981934,1065.219970703125,4.24399995803833,1.839,1.923,44.86,43.21,151.5,157.6,5.4,3.8,1.814,208296.0,944097.0,1626116.0,9472.0,15794.0,9524.0,153.93496621621622,1.4150385870004947,1.2483795675633291,2.272010395317808,0.016634005027052368,0.014823261117445918,0.037296037296037365,0.02005730659025784
2004-08-16,,46.04999923706055,87.95999908447266,5.377999782562256,1.3044999837875366,,,8.445982933044434,1079.3399658203125,4.257999897003174,1.842,1.925,46.02,44.35,151.5,157.6,5.4,3.8,1.825,205742.0,943398.0,1628120.0,9521.0,15927.0,10407.0,151.26499317298604,0.8756621908226956,1.176154481843491,2.2088235709987045,0.02119897519119318,0.019101123595505642,0.042528735632183956,0.0289279636982418
2004-08-23,,46.04999923706055,89.05999755859375,5.309999942779541,1.2575000524520874,,,8.367779731750488,1095.6800537109375,4.2789998054504395,1.854,1.936,46.0,44.39,151.5,157.6,5.4,3.8,1.874,205743.0,942724.0,1630371.0,9424.0,16050.0,10549.0,152.82268675721562,0.8430444510325562,1.109262725259007,2.160434713125547,0.03961919927109703,0.006063947078279952,0.04644495412844041,0.0363429869392391
2004-08-30,,42.279998779296875,89.69000244140625,5.234000205993652,1.1404000520706177,,,8.475646018981934,1099.1500244140625,4.188000202178955,1.827,1.911,42.32,40.78,151.5,157.6,5.4,3.8,1.871,206552.0,939800.0,1630758.0,9267.0,16009.0,10280.0,156.02287687493256,0.9716186312112065,0.9523742684418768,2.054085359946084,0.04331601715005018,0.026849315068493196,0.06841505131128844,0.0733104238258877
2004-09-06,,43.9900016784668,89.52999877929688,4.675000190734863,1.2065000534057617,,,8.855878829956055,1113.6300048828125,4.293000221252441,1.815,1.901,43.94,40.4,152.9,161.3,5.4,3.8,1.869,204073.0,938757.0,1631622.0,9453.0,16111.0,10711.0,151.11721146725907,0.44883541070266003,0.8750097068552043,1.9704108646220915,0.04358236425645412,-0.0016008537886873508,0.05112359550561796,0.07900807381776231
2004-09-13,,43.869998931884766,88.55000305175781,4.849999904632568,1.2014000415802002,,,8.993406295776367,1125.8199462890625,4.151000022888184,1.813,1.9,43.86,40.63,152.9,161.3,5.4,3.8,1.874,202493.0,932043.0,1628294.0,9234.0,16002.0,9914.0,153.50346545375785,0.0933925580705375,0.5628130271121162,1.7573818804486698,0.041797872340425535,-0.001068947087119243,0.030319735391400204,0.09234365867913485
2004-09-20,,46.349998474121094,88.98999786376953,5.249000072479248,1.2745000123977661,,,9.186296463012695,1122.199951171875,4.058000087738037,1.839,1.923,46.33,43.6,152.9,161.3,5.4,3.8,1.912,199654.0,923487.0,1615794.0,9005.0,14740.0,8426.0,155.200222098834,-0.5293816467523879,0.169196655763228,1.278035638057168,0.03328796835792969,0.002675227394328683,0.026849315068493196,0.10235294117647076
2004-09-27,,49.63999938964844,88.29000091552734,5.26200008392334,1.3463000059127808,,,9.367691993713379,1103.52001953125,3.996999979019165,1.895,1.979,49.56,46.87,152.9,161.3,5.4,3.8,2.012,198846.0,927473.0,1616930.0,8922.0,14003.0,9886.0,156.0100874243443,-0.7173304229585231,0.31469001520610834,1.2643092973916257,0.02205492885541127,0.02027748132337237,0.02027748132337237,0.12470588235294122
2004-10-04,,49.90999984741211,88.37999725341797,6.724999904632568,1.336899995803833,,,9.581578254699707,1135.1700439453125,4.172999858856201,1.902,1.987,49.85,46.99,158.6,172.7,5.5,4.1,2.053,199429.0,928062.0,1616419.0,8915.0,14852.0,10180.0,156.59035333707234,-0.591916982400906,0.31253920320475076,1.2025487598267504,0.012014942668035822,0.05230125523012563,0.07536076964190275,0.17249417249417243
2004-10-11,,53.63999938964844,87.54000091552734,6.993000030517578,1.4049999713897705,,,9.714244842529297,1124.3900146484375,4.132999897003174,1.949,2.035,53.65,50.75,158.6,172.7,5.5,4.1,2.092,200616.0,931315.0,1614641.0,8917.0,14503.0,10054.0,157.48704721318828,-0.34808284422062,0.43363562322754523,1.108316699332801,-0.0022720697108429277,0.020377733598409442,0.09844836811128932,0.17988505747126426
2004-10-18,,53.66999816894531,87.0199966430664,6.806000232696533,1.3503999710083008,,,9.392061233520508,1114.02001953125,4.052999973297119,1.984,2.07,53.59,49.16,158.6,172.7,5.5,4.1,2.18,199883.0,932262.0,1611370.0,9177.0,14783.0,10097.0,152.46605644546148,-0.5424976012816336,0.4522189413465603,0.9757075446418078,-0.010536017215213689,0.018996590355577325,0.11632870864461053,0.1995412844036697
2004-10-25,,54.540000915527344,84.97000122070312,7.889999866485596,1.3975000381469727,,,9.614066123962402,1094.800048828125,3.9709999561309814,1.98,2.068,55.52,51.68,158.6,172.7,5.5,4.1,2.212,201163.0,936852.0,1613277.0,8883.0,14883.0,10317.0,158.52088258471238,-0.28419739297423047,0.638070830946875,1.0031301001045707,-0.006671061585573401,0.042065009560229516,0.14016736401673646,0.2428734321550743
2004-11-01,,50.130001068115234,85.19999694824219,8.720000267028809,1.2907999753952026,,,9.457038879394531,1130.510009765625,4.090000152587891,1.986,2.074,50.1,46.84,163.8,179.2,5.4,4.1,2.206,201677.0,943244.0,1617279.0,8977.0,14958.0,10676.0,157.26178010471205,-0.20914154635230528,0.9066498722809867,1.0922697119027291,-0.006629622533052326,0.014678899082568808,0.0994035785288272,0.24269662921348334
2004-11-08,,49.09000015258789,84.08999633789062,7.599999904632568,1.2753000259399414,,,9.513894081115723,1164.8900146484375,4.215000152587891,1.951,2.042,49.1,44.78,163.8,179.2,5.4,4.1,2.163,201270.0,945555.0,1620717.0,9217.0,15401.0,10495.0,152.85776282955408,-0.3743899650955232,0.9792488132740463,1.1580935961729157,-0.004194975829354575,-0.002712477396021762,0.07452508524111057,0.2160970231532524
2004-11-15,,46.869998931884766,84.0,7.435999870300293,1.2379000186920166,,,9.508480072021484,1183.81005859375,4.190000057220459,1.918,2.013,46.95,39.32,163.8,179.2,5.4,4.1,2.132,200879.0,947295.0,1619729.0,9237.0,15598.0,10229.0,152.2304860885569,-0.5514541678256077,1.0227068640842807,1.0909999809874709,0.003639321710502408,-0.0194922937443337,0.03393881453154868,0.1852054794520548
2004-11-22,,48.63999938964844,83.19000244140625,6.76200008392334,1.2893999814987183,,,10.006646156311035,1177.239990234375,4.164999961853027,1.901,1.993,48.48,42.26,163.8,179.2,5.4,4.1,2.116,202741.0,947379.0,1621594.0,8988.0,15530.0,10189.0,157.89797507788163,-0.1107455063610129,0.9884449525010147,1.1075222166237007,0.005289630705411774,-0.014331946370781168,-0.022018348623853212,0.13767342582710773
2004-11-29,,49.7599983215332,81.93000030517578,7.836999893188477,1.302899956703186,,,10.142014503479004,1178.5699462890625,4.329999923706055,1.903,1.994,49.71,44.05,163.8,179.2,5.4,4.1,2.116,205741.0,948228.0,1627926.0,9204.0,15605.0,10056.0,156.47403302911778,0.7644225542787857,0.9901722524941824,1.2444685643360525,0.007632044370569302,-0.007504690431519689,-0.04339963833634719,0.1309460181721005
2004-12-06,,42.97999954223633,81.27999877929688,6.922999858856201,1.1296000480651855,,,9.749438285827637,1190.25,4.239999771118164,1.868,1.96,42.96,38.43,162.3,176.0,5.4,4.1,2.069,208096.0,950294.0,1635038.0,9107.0,15745.0,10864.0,159.95080707148347,1.4991979374826065,1.0487627997334539,1.393162343638384,0.013427330318282138,0.0,-0.04079782411604704,0.13215623327982895
2004-12-13,,41.0099983215332,82.0999984741211,7.165999889373779,1.101199984550476,,,9.795467376708984,1198.6800537109375,4.151000022888184,1.799,1.893,41.06,36.77,162.3,176.0,5.4,4.1,1.997,209616.0,950630.0,1632555.0,9268.0,15693.0,10366.0,158.3202416918429,1.9215131130537955,1.0278080899755972,1.2685644247812935,0.009674395270579117,-0.022211720226843146,-0.043458159963014276,0.10405549626467447
2004-12-20,,45.63999938964844,81.66999816894531,6.952000141143799,1.1521999835968018,,,9.915285110473633,1194.6500244140625,4.198999881744385,1.777,1.873,45.57,42.67,162.3,176.0,5.4,4.1,1.984,211381.0,953126.0,1632276.0,9068.0,15568.0,10545.0,163.1745699161888,2.3635644311209347,1.1149032662023766,1.2107562539162477,0.009805525167018825,-0.034799420009666404,-0.06332082551594742,0.04445606694560689
2004-12-27,,41.31999969482422,80.72000122070312,6.159999847412109,1.041200041770935,,,9.746816635131836,1204.9200439453125,4.290999889373779,1.754,1.851,41.26,39.6,162.3,176.0,5.4,4.1,1.987,212251.0,952267.0,1625471.0,9329.0,15715.0,9863.0,159.2621931611105,2.456287254446082,1.0384714381700562,0.9820242276865492,0.012225463554138116,-0.006509764646970506,-0.06238185255198492,-0.013916500994035852
2005-01-03,,42.119998931884766,81.30000305175781,5.789999961853027,1.131700038909912,,,9.50498104095459,1202.0799560546875,4.21999979019165,1.745,1.839,42.16,40.38,157.2,166.9,5.3,4.5,1.957,214327.0,949442.0,1623433.0,9287.0,15796.0,9775.0,161.5472165392484,2.8580803354811186,0.8685252039622801,0.8904450307982636,0.014378474727326562,0.0015120967741935054,-0.060964083175803374,-0.03214807598636138
2005-01-10,,45.33000183105469,83.29000091552734,6.158999919891357,1.208400011062622,,,9.572911262512207,1190.25,4.2779998779296875,1.771,1.862,45.31,44.71,157.2,166.9,5.3,4.5,1.934,215333.0,948666.0,1620089.0,8710.0,15610.0,9973.0,173.05752009184846,2.8858030160158865,0.8027402757119484,0.7668057586304606,0.018045568504284182,-0.01509813789632608,-0.05413243112614785,-0.06453154875717015
2005-01-17,,48.380001068115234,83.05999755859375,6.394999980926514,1.2761000394821167,,,9.907135009765625,1184.52001953125,4.216000080108643,1.802,1.893,48.41,45.1,157.2,166.9,5.3,4.5,1.952,216969.0,952921.0,1623850.0,8695.0,15215.0,10120.0,174.67314548591145,3.0702695209731123,1.0175428751230817,0.8374327768084092,0.0020374449339206624,-0.011752682677567794,-0.03154732098147228,-0.11284403669724785
2005-01-24,,48.810001373291016,83.23999786376953,6.47599983215332,1.2990000247955322,,,9.977789878845215,1163.75,4.122000217437744,1.839,1.929,48.61,45.74,157.2,166.9,5.3,4.5,1.959,214712.0,957508.0,1622742.0,8881.0,15175.0,10458.0,169.23589685846187,2.314513490562431,1.2740032296801478,0.7746401238906989,-0.00879708908640231,0.009307135470527417,-0.016129032258064502,-0.11754068716094046
2005-01-31,,48.20000076293945,83.5999984741211,6.321000099182129,1.3177000284194946,,,10.203316688537598,1181.27001953125,4.132999897003174,1.896,1.982,48.25,44.51,157.2,166.9,5.3,4.5,1.992,216342.0,958193.0,1620615.0,8848.0,15214.0,9886.0,171.15664556962025,2.5219103740145963,1.3229729774233827,0.6849521056224412,-0.021824704346961488,0.0035860655737705027,-0.014091595369904342,-0.1119673617407071
2005-02-07,,45.279998779296875,85.04000091552734,5.968999862670898,1.2122000455856323,,,10.54025936126709,1201.719970703125,4.052000045776367,1.89,1.978,45.35,42.7,161.8,173.4,5.4,4.5,1.983,216757.0,957831.0,1616267.0,8837.0,15038.0,9914.0,171.69842706800952,2.4234740709857245,1.290984929561229,0.5324070384545279,-0.034578240164362395,0.016845329249617125,0.017884517118037735,-0.07905686546463242
2005-02-14,,47.439998626708984,83.95999908447266,6.0929999351501465,1.277999997138977,,,10.996763229370117,1206.1400146484375,4.072999954223633,1.873,1.96,47.5,44.51,161.8,173.4,5.4,4.5,1.986,221678.0,960813.0,1615601.0,8825.0,15304.0,10434.0,175.83524079320114,3.203867803026613,1.5161051781650763,0.48342174341324773,-0.03151838854368483,-0.004518072289156572,0.025336091003102412,-0.06988742964352723
2005-02-21,,48.349998474121094,83.55000305175781,5.9079999923706055,1.2633999586105347,,,11.4260835647583,1201.5899658203125,4.260000228881836,1.878,1.966,48.45,46.09,161.8,173.4,5.4,4.5,2.02,223510.0,961965.0,1615531.0,8898.0,14968.0,9643.0,175.8338952573612,3.1952800802983754,1.6074180183510154,0.4511492366256929,-0.028149021248011774,0.001512859304084735,0.017418032786885362,-0.061436672967863926
2005-02-28,,51.75,82.51000213623047,6.730000019073486,1.2455999851226807,,,11.915191650390625,1203.5999755859375,4.359000205993652,1.904,1.989,51.75,50.13,161.8,173.4,5.4,4.5,2.118,224483.0,964814.0,1616405.0,8884.0,14887.0,10065.0,176.8776452048627,3.0205194265587227,1.8485392988256095,0.44883613282249574,-0.027891643488746842,0.017119838872104776,0.031138335885655843,-0.04536862003780717
2005-03-07,,53.88999938964844,82.79000091552734,6.714000225067139,1.5053000450134277,,,12.121708869934082,1225.31005859375,4.303999900817871,1.979,2.063,53.9,51.87,163.5,177.5,5.2,4.5,2.168,224282.0,968291.0,1618260.0,9014.0,14930.0,10099.0,174.17062347459506,2.701834308949347,2.1521741848218134,0.4821348861506547,-0.026726514231398935,0.04851485148514856,0.06325301204819267,0.023682938617689775
2005-03-14,,54.95000076293945,81.97000122070312,7.138000011444092,1.506500005722046,,,11.714118957519531,1206.8299560546875,4.515999794006348,2.039,2.123,54.9,53.68,163.5,177.5,5.2,4.5,2.194,221352.0,972526.0,1614761.0,9131.0,15110.0,10041.0,169.6926952141058,2.069896695948136,2.5025081845149924,0.3248983007776399,-0.021961218321713494,0.02360717658168099,0.09329299041855776,0.08562844266399594
2005-03-21,,56.619998931884766,82.87999725341797,7.317999839782715,1.5956000089645386,,,11.832185745239258,1183.780029296875,4.525000095367432,2.095,2.177,56.7,55.79,163.5,177.5,5.2,4.5,2.244,217293.0,978334.0,1616675.0,9069.0,14960.0,10270.0,167.71981475355605,1.3949209089802315,2.9661642584637344,0.36355198247505993,-0.013740661122819131,0.011992619926199266,0.10473313192346434,0.10584677419354827
2005-03-28,,54.04999923706055,84.62000274658203,6.999000072479248,1.572700023651123,,,11.472314834594727,1174.280029296875,4.624000072479248,2.137,2.225,54.06,51.75,163.5,177.5,5.2,4.5,2.249,214358.0,985227.0,1623769.0,9075.0,15182.0,10568.0,165.3450137741047,0.9381172305627097,3.3613315011070832,0.6219937451133123,-0.009571367365330818,0.022789425706472244,0.11089108910891099,0.12934071464519392
2005-04-04,,57.0099983215332,84.77999877929688,7.593999862670898,1.72160005569458,,,11.873080253601074,1176.1199951171875,4.455999851226807,2.196,2.284,56.86,55.92,166.7,180.8,5.2,2.0,2.303,212252.0,988651.0,1627495.0,9095.0,15534.0,9890.0,163.36052776250688,0.6155664249849188,3.2987117099832495,0.7578536025376281,-0.005053221217623971,0.002228163992869847,0.06185080264400389,0.1492079713847727
2005-04-11,,53.709999084472656,84.16000366210938,7.309000015258789,1.5498000383377075,,,11.734036445617676,1181.2099609375,4.445000171661377,2.251,2.337,53.71,51.21,166.7,180.8,5.2,2.0,2.316,213100.0,993556.0,1634534.0,9089.0,15246.0,9863.0,164.12146550775665,0.7045624621732632,3.341492192224377,1.070325299548692,-0.00250844411064155,0.024010671409515183,0.0622693726937269,0.19079627714581182
2005-04-18,,50.369998931884766,84.0,6.949999809265137,1.4944000244140625,,,11.02792739868164,1145.97998046875,4.249000072479248,2.198,2.288,50.52,48.58,166.7,180.8,5.2,2.0,2.259,211636.0,992836.0,1634370.0,9170.0,15383.0,9718.0,161.55419847328244,0.4698807967079142,2.943100922714362,1.0808716210247584,-0.003136675461741456,0.005644811115935733,0.05560619872379213,0.18647540983606548
2005-04-25,,54.56999969482422,83.81999969482422,7.1529998779296875,1.6506999731063843,,,11.622260093688965,1162.0999755859375,4.250999927520752,2.197,2.285,53.16,53.1,166.7,180.8,5.2,2.0,2.289,211306.0,999187.0,1641987.0,9306.0,15300.0,10863.0,158.94498173221578,0.39585867227471006,3.0885384680640087,1.5395833485862054,-0.000780678008300506,-0.024611398963730546,0.006684491978609541,0.15313935681470126
2005-05-02,,50.91999816894531,84.48999786376953,6.697000026702881,1.5145000219345093,,,11.254205703735352,1162.1600341796875,4.193999767303467,2.191,2.278,50.94,50.89,163.3,171.9,5.1,2.0,2.262,213507.0,1002342.0,1647473.0,9024.0,15392.0,10259.0,165.61934840425533,0.6862663802835524,2.9725954670453345,1.9169715989015093,0.005447280368271468,0.013280212483399945,0.017785682525566893,0.14909638554216875
2005-05-09,,52.029998779296875,84.63999938964844,6.673999786376953,1.4873000383377075,,,11.355081558227539,1178.8399658203125,4.2779998779296875,2.137,2.23,52.04,49.71,163.3,171.9,5.1,2.0,2.227,213694.0,1005574.0,1654989.0,9175.0,15366.0,9992.0,163.03629427792916,0.6870472333635267,2.8729718151523587,2.4233796011733935,0.0032925820930782557,-0.011795543905635753,-0.017802865827181935,0.140695915279879
2005-05-16,,48.61000061035156,86.12000274658203,6.446000099182129,1.4052000045776367,,,10.53173542022705,1165.68994140625,4.125,2.116,2.202,48.64,46.42,163.3,171.9,5.1,2.0,2.189,214765.0,1010372.0,1663587.0,9269.0,15524.0,10859.0,162.191714316539,0.8134808240885428,2.861317220298793,2.9839316962676583,0.006070926655103115,-0.015473032714412138,-0.0384283246977547,0.12134944612285992
2005-05-23,,49.15999984741211,86.4000015258789,6.4070000648498535,1.3984999656677246,,,10.989753723144531,1193.8599853515625,4.072000026702881,2.077,2.165,48.68,47.28,163.3,171.9,5.1,2.0,2.156,215374.0,1009127.0,1668028.0,9443.0,15843.0,10311.0,159.6545589325426,0.8706986843899134,2.5483965462547733,3.177248936684939,0.008467496962333065,-0.01706331387516835,-0.030987162461265982,0.08366336633663374
2005-05-30,,51.849998474121094,86.41999816894531,6.369999885559082,1.4752999544143677,,,11.450498580932617,1198.780029296875,4.072999954223633,2.051,2.14,51.65,49.33,163.3,171.9,5.1,2.0,2.16,216678.0,1011001.0,1675839.0,9461.0,16086.0,10698.0,160.31561145756262,1.0260943487294079,2.4395326036345195,3.5625539126100643,0.011607780965853465,-0.015075376884422065,-0.05810397553516822,0.01794145420207749
2005-06-06,,54.4900016784668,87.5999984741211,7.122000217437744,1.5295000076293945,,,11.657699584960938,1197.510009765625,3.9619998931884766,2.078,2.165,54.46,52.61,163.7,173.0,5.0,2.0,2.234,216647.0,1008650.0,1676450.0,9451.0,16060.0,10220.0,160.46227912390225,0.9832539670359888,2.1625504798468307,3.290194502528838,0.023148782291866343,0.0018552875695732052,-0.0450928381962864,-0.0036900369003689537
2005-06-13,,55.619998931884766,88.94999694824219,7.260000228881836,1.558500051498413,,,11.946695327758789,1200.8199462890625,4.085999965667725,2.099,2.186,55.47,52.0,163.7,173.0,5.0,2.0,2.276,215742.0,1007863.0,1680271.0,9528.0,16341.0,10617.0,158.50062972292193,0.8190970482309811,1.9953355341858712,3.2430492652485086,0.02982871700933809,0.03425925925925921,0.0031432420296362285,0.01823154056517784
2005-06-20,,59.369998931884766,88.48999786376953,7.670000076293945,1.6455999612808228,,,12.550142288208008,1216.0999755859375,4.103000164031982,2.128,2.213,59.19,57.1,163.7,173.0,5.0,2.0,2.313,215939.0,1006912.0,1683798.0,9313.0,15955.0,10177.0,162.30784924299368,0.817973574324289,1.8440511354387592,3.1514205192044593,0.036243777011871536,0.018800358102059045,0.03974417542256736,0.01426024955436711
2005-06-27,,60.540000915527344,88.44999694824219,7.138000011444092,1.6749999523162842,,,12.47903823852539,1190.68994140625,3.9019999504089355,2.186,2.266,59.78,58.5,163.7,173.0,5.0,2.0,2.336,216240.0,1008253.0,1693416.0,9367.0,16270.0,10971.0,161.59709618874774,0.8304614751880022,1.7996307207934494,3.3705797877247625,0.032429271330092435,0.016256590509666324,0.07282003710575147,0.028457092040907073
2005-07-04,,58.75,90.43000030517578,7.171000003814697,1.6484999656677246,,,12.427072525024414,1194.43994140625,4.048999786376953,2.189,2.273,59.11,57.13,172.8,190.6,5.0,3.2,2.348,215266.0,1005184.0,1695779.0,9721.0,16464.0,10219.0,155.01100709803518,0.6607179878654846,1.5929068741067092,3.1278146173179784,0.02949482799590375,0.0099437959360138,0.08148148148148127,0.014329135909682877
2005-07-11,,58.91999816894531,89.45999908447266,7.494999885559082,1.732100009918213,,,12.738845825195312,1219.43994140625,4.1020002365112305,2.292,2.373,59.23,56.1,172.8,190.6,5.0,3.2,2.408,212641.0,1001985.0,1697442.0,9391.0,16080.0,9954.0,158.50143754658714,0.26178426476704897,1.4030749997260272,2.8943749127759437,0.03617209959147982,0.005136986301369939,0.051029543419874646,0.013816925734024155
2005-07-18,,57.31999969482422,89.63999938964844,7.6519999504089355,1.6473000049591064,,,12.355965614318848,1221.1300048828125,4.2230000495910645,2.272,2.354,57.12,56.25,172.8,190.6,5.0,3.2,2.392,211322.0,1001569.0,1700370.0,9415.0,15580.0,10825.0,157.1167286245353,0.05568223940660329,1.3297888496710457,2.7603362821847917,0.0322320387431585,0.0255536626916526,0.05799648506151156,0.0659583886675521
2005-07-25,,59.0,89.5999984741211,7.283999919891357,1.7064000368118286,,,13.080696105957031,1229.030029296875,4.247000217437744,2.235,2.323,58.16,57.51,172.8,190.6,5.0,3.2,2.342,209194.0,999840.0,1698618.0,9449.0,15753.0,9940.0,154.9749179807387,-0.25705343007755344,1.214144292597941,2.4610394151435737,0.03376912261557519,-0.006644518272425293,0.0341547773454387,0.04499781564001726
2005-08-01,,61.56999969482422,88.80000305175781,8.154000282287598,1.7470999956130981,,,13.154537200927734,1235.3499755859375,4.318999767303467,2.239,2.324,61.51,60.56,183.5,211.3,4.9,3.2,2.348,205177.0,1000241.0,1703713.0,9586.0,16036.0,10956.0,149.82672647611102,-0.8380385997601568,1.1813580371363426,2.4711474779257663,0.03570402102926762,-0.020903010033444747,0.0025684931506850806,0.03536693191865603
2005-08-08,,63.939998626708984,87.91999816894531,8.684000015258789,1.8569999933242798,,,13.425293922424316,1223.1300048828125,4.419000148773193,2.323,2.404,63.92,62.56,183.5,211.3,4.9,3.2,2.407,203091.0,1003723.0,1707824.0,9483.0,15972.0,11057.0,149.91426763682378,-1.1163402057375968,1.2579855327675935,2.4347102001391914,0.03132337649268768,0.002561912894961438,0.0,0.054333183655141504
2005-08-15,,66.2699966430664,87.31999969482422,9.539999961853027,1.9621000289916992,,,13.586641311645508,1233.8699951171875,4.269999980926514,2.519,2.603,66.21,66.68,183.5,211.3,4.9,3.2,2.567,198122.0,1004787.0,1705336.0,9408.0,15641.0,10305.0,147.41220238095238,-1.791162309093446,1.2452967845298821,2.175719894548381,0.033806915260490955,0.02512776831345831,-0.00041528239202648365,0.09958885335769763
2005-08-22,,65.44999694824219,88.13999938964844,9.564000129699707,1.8616000413894653,,,13.209232330322266,1221.72998046875,4.218999862670898,2.583,2.666,65.46,65.87,183.5,211.3,4.9,3.2,2.588,194877.0,1007114.0,1706247.0,9471.0,15676.0,10577.0,144.03325942350332,-2.1719308774539847,1.2768189867514077,2.068440915921405,0.03386105810564266,0.0664727877025344,0.073160535117057,0.190630797773655
2005-08-29,,67.19999694824219,88.25,10.847000122070312,2.0606000423431396,,,13.231117248535156,1212.280029296875,4.172999858856201,2.581,2.665,67.41,64.77,183.5,211.3,4.9,3.2,2.59,194369.0,1005863.0,1708973.0,9406.0,16248.0,10463.0,144.65054220710184,-2.126904195539122,1.183437275853275,2.030585781601601,0.03435883565334619,0.008180755746006962,0.1050384286934245,0.19814814814814818
2005-09-05,,67.56999969482422,86.30000305175781,11.690999984741211,2.1837000846862793,,,13.933966636657715,1218.02001953125,4.0289998054504395,3.037,3.138,66.91,64.16,208.2,251.0,5.0,3.2,2.898,190067.0,999438.0,1694100.0,9027.0,14619.0,9531.0,147.3877257117536,-2.560801920117296,0.9179957988935618,1.4688417551047253,0.029152587847638634,0.0007727975270477305,0.10306643952299832,0.1593554162936437
2005-09-12,,63.33000183105469,87.70999908447266,11.031000137329102,1.8737000226974487,,,14.144545555114746,1240.56005859375,4.169000148773193,2.912,3.003,63.29,60.69,208.2,251.0,5.0,3.2,2.847,191959.0,991578.0,1688678.0,8636.0,14669.0,9128.0,155.59437239462713,-2.164855607960098,0.6118715485273224,1.2476245514568531,0.01763558166369439,0.11891891891891904,0.20398836726215208,0.2732864674868192
2005-09-19,,67.38999938964844,88.44000244140625,12.663000106811523,2.0427000522613525,,,14.717058181762695,1231.02001953125,4.247000217437744,2.73,2.831,67.21,64.04,208.2,251.0,5.0,3.2,2.732,195431.0,988520.0,1692778.0,8819.0,15329.0,9832.0,155.12155573194238,-1.6614891101144273,0.4752311016128893,1.3180496450618924,-0.0021678304050818387,-0.017598343685300222,0.10907674328009342,0.2308690012970167
2005-09-26,,65.81999969482422,89.11000061035156,12.4399995803833,2.129199981689453,,,14.67866325378418,1215.6300048828125,4.294000148773193,2.767,2.865,65.98,61.73,208.2,251.0,5.0,3.2,2.798,199831.0,985144.0,1694325.0,8836.0,14620.0,9693.0,158.30885015844274,-1.126766643534361,0.3228104081600658,1.3096176307181622,-0.019589548318224015,-0.04039339655778007,0.05564142194744992,0.16952054794520555
2005-10-03,,65.47000122070312,90.12999725341797,14.017000198364258,2.0622000694274902,,,14.681401252746582,1226.699951171875,4.386000156402588,2.922,3.023,65.36,61.64,205.9,239.1,5.0,2.2,3.144,195454.0,982648.0,1682180.0,8840.0,11715.0,8119.0,154.7712669683258,-1.6339408715642751,0.19819046829712972,0.910836265332283,-0.03498675858590106,0.024158125915080486,0.08030888030888028,0.19165247018739362
2005-10-10,,61.79999923706055,89.45999908447266,12.975000381469727,1.8006000518798828,,,13.378641128540039,1187.3299560546875,4.361000061035156,2.828,2.936,60.71,57.01,205.9,239.1,5.0,2.2,3.15,192803.0,980844.0,1672429.0,8783.0,12583.0,8619.0,153.66287145622223,-1.9055142011759216,0.09463003868918399,0.5976483106643434,-0.03994492384986481,0.12365975696926368,0.08488612836438914,0.30564784053156147
2005-10-17,,64.36000061035156,89.80000305175781,13.88700008392334,1.8152999877929688,,,13.422527313232422,1190.0999755859375,4.488999843597412,2.693,2.801,64.26,59.81,205.9,239.1,5.0,2.2,3.148,195710.0,984579.0,1676865.0,8961.0,13285.0,9207.0,152.88137484655732,-1.5212337543047203,0.20957436772449228,0.6981583306894986,-0.03565608500097783,0.00190839694656475,0.10642781875658591,0.31688963210702337
2005-10-24,,60.31999969482422,90.11000061035156,13.003999710083008,1.5815999507904053,,,13.071467399597168,1199.3800048828125,4.446000099182129,2.564,2.672,60.63,57.64,205.9,239.1,5.0,2.2,3.157,195869.0,987393.0,1675040.0,8981.0,13596.0,9957.0,152.66484801247077,-1.4776982293114165,0.29265287886590513,0.6153492059610925,-0.03133447633873643,-0.0006349206349205438,0.15226939970717424,0.3441502988898377
2005-10-31,,59.7599983215332,90.06999969482422,12.204999923706055,1.5261000394821167,,,13.38961124420166,1207.010009765625,4.559000015258789,2.438,2.542,59.8,58.47,205.9,239.1,5.0,2.2,2.876,196904.0,988227.0,1674684.0,9045.0,13942.0,10060.0,152.38562741846323,-1.3356772168420257,0.2966033963745971,0.5765797532545264,-0.0275694968798178,0.002858958068614914,0.12830593280914937,0.34454855195911427
2005-11-07,,59.470001220703125,91.29000091552734,11.873000144958496,1.5561000108718872,,,13.340248107910156,1222.81005859375,4.638999938964844,2.336,2.436,59.4,58.19,191.0,202.0,5.0,2.2,2.698,201127.0,991936.0,1685532.0,9246.0,14258.0,10584.0,152.2700627298291,-0.8611248234275802,0.43037726351437466,0.87118861154983,-0.022104176261405928,-0.08900855242318662,-0.08524173027989834,0.19484835895305364
2005-11-14,,57.689998626708984,92.12999725341797,11.607000350952148,1.4960999488830566,,,13.087925910949707,1233.760009765625,4.604000091552734,2.258,2.355,57.6,54.1,191.0,202.0,5.0,2.2,2.602,200175.0,989977.0,1684684.0,9151.0,14479.0,9700.0,153.12260955086876,-0.962148110556087,0.31218080649108504,0.8123850859651988,-0.009506886762695954,-0.06189151599443665,-0.14349206349206345,0.051032333463186585
2005-11-21,,57.70000076293945,92.02999877929688,11.331000328063965,1.4572999477386475,,,13.784557342529297,1254.8499755859375,4.460999965667725,2.168,2.263,57.75,53.36,191.0,202.0,5.0,2.2,2.513,200413.0,990031.0,1685992.0,9124.0,14910.0,10219.0,153.75832967996493,-0.9340504388087795,0.2847969932063553,0.8195648358803036,-0.004132805007319051,-0.03558191252779841,-0.173443456162643,0.005409582689335224
2005-11-28,,57.36000061035156,90.9800033569336,11.180000305175781,1.4182000160217285,,,13.515783309936523,1257.4599609375,4.406000137329102,2.124,2.217,57.36,52.91,191.0,202.0,5.0,2.2,2.479,199868.0,986543.0,1688865.0,9189.0,15149.0,9693.0,152.25552290782457,-0.983476062209199,0.08680406809965288,0.8740627104368351,-0.0005088309503784583,-0.03420445810914685,-0.2039911308203991,-0.02972972972972976
2005-12-05,,59.90999984741211,91.4800033569336,13.65999984741211,1.6150000095367432,,,14.132875442504883,1262.0899658203125,4.566999912261963,2.127,2.214,59.91,56.05,187.6,200.4,4.9,2.2,2.425,202609.0,989830.0,1695206.0,9221.0,15408.0,10579.0,153.8079384014749,-0.6752149846396622,0.21567401873798492,1.0324362852330005,0.0034588979887928417,-0.013529645841623528,-0.138038942976356,-0.1445824706694272
2005-12-12,,61.29999923706055,90.3499984741211,14.840999603271484,1.6868000030517578,,,14.396167755126953,1260.4300537109375,4.546999931335449,2.175,2.265,61.36,57.23,187.6,200.4,4.9,2.2,2.436,204375.0,990722.0,1696494.0,9268.0,15220.0,10429.0,154.3617824773414,-0.4762022636973184,0.2291465884221277,1.0325402479799766,0.0025352165970498053,-0.021782977006857718,-0.10118606375092665,-0.14822620302072365
2005-12-19,,57.33000183105469,89.87000274658203,14.043000221252441,1.5751999616622925,,,13.927876472473145,1259.9200439453125,4.441999912261963,2.205,2.296,57.31,56.09,187.6,200.4,4.9,2.2,2.462,204074.0,991522.0,1688125.0,9326.0,14922.0,9859.0,153.17585245550075,-0.49613493779871776,0.23852721973298932,0.7418357587224267,0.005732616633627563,0.004536082474226877,-0.06379707916986932,-0.10834553440702788
2005-12-26,,58.43000030517578,90.83999633789062,12.282999992370605,1.6004999876022339,,,14.092869758605957,1268.6600341796875,4.380000114440918,2.188,2.278,58.08,56.54,187.6,200.4,4.9,2.2,2.448,202853.0,991640.0,1680779.0,9249.0,15087.0,10189.0,153.52697588928532,-0.6081496209120149,0.21261543901381363,0.49039921058095726,0.010704748538208353,0.010673234811166,-0.020294468762435236,-0.12008577555396704
2006-01-02,,61.040000915527344,91.16999816894531,11.225000381469727,1.7400000095367432,,,13.834382057189941,1248.2900390625,4.394999980926514,2.236,2.321,61.06,58.34,196.6,213.2,4.7,5.5,2.442,204259.0,990127.0,1678115.0,9358.0,15242.0,10058.0,152.7904466766403,-0.44157145335691717,0.09241518326783789,0.38238550027260565,0.012513737793589552,-0.005686433793663737,-0.012505042355788643,-0.22137404580152675
2006-01-09,,63.5,89.25,9.390000343322754,1.7975000143051147,,,14.68408203125,1290.1500244140625,4.379000186920166,2.321,2.41,63.56,62.51,196.6,213.2,4.7,5.5,2.485,208778.0,986884.0,1679395.0,8950.0,15261.0,9870.0,163.29005586592177,0.04951760830912121,-0.14266116809312154,0.395493020168367,0.016104700513501324,-0.002450980392156743,0.007010309278350668,-0.22476190476190472
2006-01-16,,63.91999816894531,88.88999938964844,8.791000366210938,1.7711000442504883,,,14.97556209564209,1287.6099853515625,4.349999904632568,2.297,2.392,63.86,62.34,196.6,213.2,4.7,5.5,2.449,211635.0,989625.0,1684625.0,8859.0,14693.0,9846.0,167.22485607856416,0.36285413967508523,-0.024556841173217193,0.5329716073683902,0.0069111359379068205,0.01760851760851745,0.02011494252873569,-0.2106099110546379
2006-01-23,,68.0999984741211,87.94999694824219,8.574000358581543,1.809999942779541,,,15.68227481842041,1263.8199462890625,4.35699987411499,2.314,2.409,68.06,64.56,196.6,213.2,4.7,5.5,2.472,214763.0,987512.0,1688697.0,8826.0,14679.0,9257.0,170.33095399954678,0.7069483577550427,-0.21557977981201396,0.6357397702564304,-0.006180303641004969,-0.014486921529175079,-0.005280259951259247,-0.2242635413367121
2006-01-30,,68.3499984741211,89.41999816894531,9.388999938964844,1.804900050163269,,,15.935256958007812,1285.18994140625,4.534999847412109,2.332,2.422,68.36,65.14,196.6,213.2,4.7,5.5,2.489,219044.0,988635.0,1689753.0,8879.0,14721.0,9596.0,172.68926680932537,1.1592772244500362,-0.18837424130542543,0.640949365426914,-0.017610860450517074,0.009391588403430129,0.009803921568627416,-0.14047287899860916
2006-02-06,,65.11000061035156,90.29000091552734,7.994999885559082,1.6621999740600586,,,15.481528282165527,1265.02001953125,4.545000076293945,2.31,2.404,65.11,63.32,194.1,210.2,4.8,5.5,2.499,223344.0,988423.0,1692744.0,8967.0,14518.0,9860.0,174.3512880562061,1.599225698759087,-0.25935951046865824,0.7120378356267256,-0.03074772005844706,0.006877022653721587,0.01924651924651921,-0.07746478873239437
2006-02-13,,61.2400016784668,90.54000091552734,7.243000030517578,1.4780000448226929,,,14.389851570129395,1262.8599853515625,4.583000183105469,2.246,2.344,61.26,59.16,194.1,210.2,4.8,5.5,2.476,225459.0,993276.0,1696907.0,9083.0,14602.0,10264.0,173.75459649895407,1.778362446780699,0.0648641009571124,0.827874499323282,-0.03054833794374312,0.004017677782242046,0.005633802816901401,-0.039584934665641724
2006-02-20,,59.880001068115234,90.63999938964844,7.182000160217285,1.5286999940872192,,,14.576839447021484,1287.239990234375,4.540999889373779,2.205,2.301,59.76,60.05,194.1,210.2,4.8,5.5,2.455,225648.0,994797.0,1695256.0,9046.0,14554.0,9959.0,174.61154101260226,1.7691014111882046,0.14674182329995747,0.7418130248091049,-0.024964549123587254,-0.009203681472589098,0.01102490812576562,-0.014723438121766796
2006-02-27,,61.0,90.62999725341797,6.789000034332275,1.4869999885559082,,,14.49158763885498,1294.1199951171875,4.590000152587891,2.236,2.323,61.01,59.44,194.1,210.2,4.8,5.5,2.471,225867.0,996735.0,1691606.0,8951.0,14466.0,9878.0,176.6360183219752,1.7747169232503575,0.28014834205608047,0.5795256832697535,-0.01926964501409212,-0.008481421647819065,-0.006877022653721698,-0.009681323114158924
2006-03-06,,62.40999984741211,89.88999938964844,6.546999931335449,1.840999960899353,,,14.36784839630127,1278.260009765625,4.73799991607666,2.321,2.407,62.46,61.41,192.0,208.3,4.7,5.5,2.545,224765.0,1003576.0,1692937.0,9057.0,14075.0,10145.0,173.71701446395053,1.6525235340616842,0.9289592078719422,0.6044672972483088,-0.01744487148036089,0.006517311608961407,-0.007231820008035239,0.018969072164948475
2006-03-13,,61.77000045776367,90.54000091552734,7.006999969482422,1.8700000047683716,,,14.409096717834473,1284.1300048828125,4.775000095367432,2.355,2.44,61.81,60.99,192.0,208.3,4.7,5.5,2.543,223884.0,1008412.0,1689899.0,9106.0,14388.0,9940.0,172.10498572369866,1.5602240958197315,1.4378790762580431,0.4523295323244999,-0.015080486567402018,0.02994738972076072,0.018407362945177974,0.04474548440065673
2006-03-20,,60.41999816894531,89.12999725341797,6.835000038146973,1.8747999668121338,,,14.468335151672363,1305.0799560546875,4.656000137329102,2.495,2.586,60.31,62.3,192.0,208.3,4.7,5.5,2.581,221563.0,1007502.0,1684805.0,9100.0,14643.0,9331.0,170.43307692307692,1.312022004033312,1.319547061522392,0.19477200420292715,-0.014401959119318852,-0.0007858546168958425,0.02705977382875613,0.0329000812347684
2006-03-27,,64.16000366210938,90.06999969482422,7.066999912261963,1.972000002861023,,,14.93167495727539,1301.6099853515625,4.701000213623047,2.479,2.57,63.75,62.59,192.0,208.3,4.7,5.5,2.565,216226.0,1010032.0,1682003.0,9054.0,14728.0,10100.0,167.172741329799,0.7627249210101831,1.57482452246401,0.011624902488005384,-0.012994255524340748,0.01494298073141942,0.05132382892057019,0.05433006535947715
2006-04-03,,66.73999786376953,89.62999725341797,7.24399995803833,2.0511999130249023,,,15.086128234863281,1297.81005859375,4.874000072479248,2.567,2.656,66.07,67.28,198.5,224.0,4.7,1.0,2.617,211782.0,1012742.0,1677982.0,9063.0,14644.0,9953.0,163.5743131413439,0.31766689597253484,1.8173636196234415,-0.2619558770073713,-0.010143429519099079,-0.006199147617202638,0.03804127883447994,0.05036855036855026
2006-04-10,,68.73999786376953,89.72000122070312,6.881999969482422,2.151400089263916,,544.1599731445312,15.554974555969238,1296.6199951171875,4.9629998207092285,2.663,2.756,68.29,68.2,198.5,224.0,4.7,1.0,2.654,207927.0,1016051.0,1675363.0,9297.0,14575.0,9539.0,156.5546950629235,-0.06284595014477364,2.0936982695333763,-0.49898021807234233,-0.00991346684083716,0.020272904483430887,0.02829076620825144,0.053118712273641844
2006-04-17,,70.4000015258789,88.63999938964844,7.577000141143799,2.2846999168395996,,558.3200073242188,15.676338195800781,1285.3299560546875,5.006999969482422,2.764,2.853,70.3,69.39,198.5,224.0,4.7,1.0,2.765,202482.0,1015684.0,1669952.0,9100.0,14721.0,9665.0,155.75538461538463,-0.5930400892418181,1.9288413931662316,-0.9427008189747343,-0.005141102622947313,0.014138326327856277,0.043649233189146486,0.08370763576970197
2006-04-24,,73.33000183105469,87.44999694824219,7.558000087738037,2.303999900817871,,568.0800170898438,16.22517204284668,1308.1099853515625,4.985000133514404,2.881,2.972,70.19,73.96,198.5,224.0,4.7,1.0,2.876,200594.0,1015678.0,1672972.0,9012.0,15064.0,9864.0,155.80980914336442,-0.7610355392511009,1.8224661723998175,-0.8801471743706721,-0.004995126450274112,0.0418236623963828,0.0712901975978304,0.11852750809061496
2006-05-01,,73.69999694824219,85.97000122070312,6.695000171661377,2.275599956512451,,572.0,16.018320083618164,1305.18994140625,5.13100004196167,2.866,2.961,73.75,73.37,199.8,227.5,4.6,1.0,2.896,202708.0,1017903.0,1675665.0,9099.0,15043.0,9811.0,155.94636773271787,-0.5290897230380536,1.9585674693529587,-0.8038248612002854,-0.0055267623240506936,0.040144665461121054,0.12124756335282649,0.15548413017276008
2006-05-08,,69.7699966430664,85.2300033569336,6.696000099182129,2.2486000061035156,,543.0399780273438,16.161733627319336,1324.6600341796875,5.11899995803833,2.834,2.926,69.75,68.26,199.8,227.5,4.6,1.0,2.897,205050.0,1018672.0,1681573.0,9346.0,15315.0,10007.0,153.57907126043227,-0.27807071903771524,1.9379140863404143,-0.420013124832864,-0.004701727601783445,0.006954102920723182,0.10661062285059231,0.15886354541816727
2006-05-15,,69.41000366210938,84.54000091552734,6.123000144958496,2.2679998874664307,,533.0399780273438,15.320549964904785,1294.5,5.1529998779296875,2.871,2.956,69.25,68.69,199.8,227.5,4.6,1.0,2.92,206375.0,1019149.0,1683906.0,9327.0,15336.0,10383.0,154.88635145277152,-0.13151642042521405,1.899632093021569,-0.28449643979929945,-0.0037231377498075924,0.00034530386740327934,0.09155990957045956,0.17003231017770593
2006-05-22,,69.2300033569336,84.3499984741211,6.276000022888184,2.1721999645233154,,530.239990234375,14.81308650970459,1262.0699462890625,5.035999774932861,2.801,2.889,69.23,66.52,199.8,227.5,4.6,1.0,2.888,208483.0,1016151.0,1687513.0,9193.0,15333.0,9557.0,158.7491569672577,0.09305524319421461,1.5648132328087632,0.014332150588155266,0.0023413509406278177,0.00793924749741115,0.05605786618444841,0.1894093686354379
2006-05-29,,71.37000274658203,85.26000213623047,5.925000190734863,2.309999942779541,,542.0,15.196446418762207,1280.1600341796875,5.052000045776367,2.784,2.871,71.35,69.16,199.8,227.5,4.6,1.0,2.882,209277.0,1017749.0,1695632.0,9430.0,15519.0,10842.0,155.34878048780487,0.18610299162776298,1.6732411468812565,0.7963916827399794,0.007801604362187353,-0.010958904109588996,0.004172461752433909,0.16875758802104412
2006-06-05,,72.5999984741211,84.13999938964844,6.4629998207092285,2.336699962615967,,549.9199829101562,15.09991455078125,1265.2900390625,5.026000022888184,2.811,2.898,72.5,69.13,199.8,228.1,4.6,1.0,2.89,210331.0,1019032.0,1702119.0,9367.0,15634.0,10881.0,157.18127468773355,0.30805011576989544,1.7492730948720474,1.4250410308124324,0.016891991090491887,-0.0020775623268697307,-0.004834254143646355,0.13241650294695484
2006-06-12,,70.36000061035156,85.8499984741211,6.223999977111816,2.2599000930786133,,536.6400146484375,14.264242172241211,1237.43994140625,4.986999988555908,2.833,2.921,70.28,68.62,199.8,228.1,4.6,1.0,2.918,213146.0,1018051.0,1708780.0,9413.0,15830.0,10547.0,158.50653351747582,0.6084201016310141,1.607355920635347,2.043153071975728,0.017643850559040164,0.002775850104094424,-0.0024162927166032633,0.13645300825796292
2006-06-19,,68.9800033569336,86.30999755859375,6.89300012588501,2.1637001037597656,,524.3200073242188,14.145401000976562,1240.1300048828125,5.144999980926514,2.793,2.884,69.21,66.4,199.8,228.1,4.6,1.0,2.915,213440.0,1019438.0,1716630.0,9429.0,15968.0,10994.0,158.4558277654046,0.6457937407275264,1.677644085549659,2.6970917845001803,0.020235210188944475,0.009688581314878819,-0.000684931506849229,0.13056954668733067
2006-06-26,,71.80000305175781,86.48999786376953,5.968999862670898,2.3433001041412354,,541.5999755859375,14.939857482910156,1250.56005859375,5.238999843597412,2.796,2.885,71.63,69.85,199.8,228.1,4.6,1.0,2.867,212350.0,1016108.0,1717186.0,9540.0,16124.0,10546.0,155.81236897274633,0.5417781414255279,1.3414524942404231,2.526590834434992,0.026422717327689194,-0.0010281014393420662,0.009349030470914066,0.1364522417153997
2006-07-03,,73.9800033569336,85.18000030517578,6.085000038146973,2.3845999240875244,,559.4400024414062,15.878287315368652,1280.18994140625,5.151000022888184,2.873,2.961,73.94,73.94,207.9,245.3,4.7,0.6,2.898,213077.0,1013687.0,1717454.0,9645.0,15940.0,10539.0,154.64375324002074,0.6274090564797761,1.112700777170799,2.3696847216693433,0.029048993046526972,-0.016466552315608896,-0.005204718945177045,0.0955292319449752
2006-07-10,,73.61000061035156,85.5,5.607999801635742,2.3048999309539795,,556.47998046875,15.739875793457031,1267.3399658203125,5.130000114440918,2.91,2.997,73.5,72.39,207.9,245.3,4.7,0.6,2.918,212651.0,1007007.0,1714862.0,9621.0,15496.0,9619.0,154.71957177008628,0.5898638417181911,0.5437533675386617,2.0056579294850576,0.036792587372695085,0.010812696198116534,0.0027681660899654403,0.0919366993217785
2006-07-17,,75.30000305175781,86.95999908447266,5.7829999923706055,2.3989999294281006,,573.2000122070312,15.487966537475586,1234.489990234375,5.068999767303467,2.928,3.016,75.7,75.12,207.9,245.3,4.7,0.6,2.926,214194.0,1007157.0,1721504.0,9569.0,15906.0,10701.0,156.68910021945868,0.7490395738387811,0.5466377944108046,2.442225091185863,0.04196101778055428,0.0069013112491373985,0.0,0.055334538878842654
2006-07-24,,75.05000305175781,86.33999633789062,6.605000019073486,2.419300079345703,,561.3599853515625,15.535030364990234,1260.9100341796875,5.044000148773193,2.95,3.043,74.29,72.09,207.9,245.3,4.7,0.6,2.946,211030.0,1007187.0,1724029.0,9573.0,15817.0,10507.0,154.3100386503708,0.41544690431080333,0.5388332830158798,2.4848505843044597,0.04543873325621561,0.002741603838245288,0.0037735849056603765,0.017385257301808066
2006-07-31,,74.4000015258789,85.30000305175781,8.211000442504883,2.349600076675415,,556.1599731445312,16.235376358032227,1276.6600341796875,4.98799991607666,2.955,3.046,74.56,74.75,207.9,245.3,4.7,0.6,2.98,210868.0,1005412.0,1729169.0,9639.0,15516.0,10431.0,153.1358024691358,0.3946934658962917,0.38250633381005505,2.69029401367487,0.04606591859480935,0.006835269993164639,0.027554935472619446,0.017265193370165743
2006-08-07,,76.9800033569336,84.75,6.9070000648498535,2.319999933242798,,576.0,16.18001365661621,1275.77001953125,4.921000003814697,3.004,3.091,77.05,77.82,211.9,252.7,4.7,0.6,3.055,207659.0,1004225.0,1727124.0,9697.0,15608.0,10165.0,149.90337217696197,0.05383178900592545,0.2781648788915788,2.3624967900319063,0.04578638328002027,0.011541072640868899,0.028295376121463045,0.0286503279254402
2006-08-14,,73.52999877929688,85.63999938964844,6.913000106811523,2.049799919128418,,548.719970703125,15.764789581298828,1268.2099609375,5.000999927520752,2.958,3.047,73.33,73.78,211.9,252.7,4.7,0.6,3.065,205393.0,1002618.0,1728282.0,9530.0,15578.0,10022.0,150.86579223504722,-0.18795865109737855,0.14767665474916733,2.317121782799405,0.04738652757740547,0.025167785234899487,0.046949965729951915,0.046232876712328785
2006-08-21,,72.44999694824219,84.62999725341797,6.624000072479248,1.9782999753952026,,539.3599853515625,16.016687393188477,1297.52001953125,4.818999767303467,2.877,2.968,72.45,72.42,211.9,252.7,4.7,0.6,3.033,205795.0,1001973.0,1732544.0,9571.0,15747.0,10197.0,150.5135304565876,-0.1623762607791347,0.09908400971175713,2.4567207523923145,0.04605771344239651,0.003273322422258529,0.04750512645249483,0.06128808864265922
2006-08-28,,70.61000061035156,85.2300033569336,6.4720001220703125,1.8282999992370605,,519.0399780273438,15.88381576538086,1301.780029296875,4.796999931335449,2.8,2.891,70.47,69.44,211.9,252.7,4.7,0.6,3.027,206162.0,1004453.0,1736554.0,9610.0,15801.0,11153.0,150.17003121748178,-0.14855842715494333,0.3080956783630046,2.5460388581938402,0.04578436809995723,-0.01044045676998373,0.029531568228105876,0.05239417071478125
2006-09-04,,68.0199966430664,84.94000244140625,5.824999809265137,1.7515000104904175,,510.0,15.640218734741211,1311.010009765625,4.72599983215332,2.68,2.777,69.24,68.62,198.1,221.3,4.5,0.6,2.967,206880.0,1002349.0,1738407.0,9622.0,15993.0,10365.0,150.5050924963625,-0.09869821606507423,0.1400859082551001,2.4912369761219986,0.044549370409343814,-0.001978239366963286,0.015771812080537018,0.04740484429065739
2006-09-11,,65.61000061035156,85.91999816894531,5.670000076293945,1.621500015258789,,480.239990234375,14.472049713134766,1299.5400390625,4.798999786376953,2.563,2.669,65.42,62.41,198.1,221.3,4.5,0.6,2.857,206994.0,999443.0,1742849.0,9368.0,16018.0,10597.0,154.6710076857387,-0.12581420575004784,-0.09987522726601077,2.546072971071336,0.04121361292425485,-0.019821605550049526,-0.028805237315875587,0.01679232350925286
2006-09-18,,63.79999923706055,85.80999755859375,4.941999912261963,1.6266000270843506,,466.55999755859375,14.74938678741455,1321.1800537109375,4.809999942779541,2.441,2.545,63.84,61.47,198.1,221.3,4.5,0.6,2.713,207554.0,996594.0,1747111.0,9229.0,15953.0,10592.0,157.42528984722074,-0.09884213045060232,-0.3447571539208112,2.5661085280845612,0.035229984812323645,-0.037074486012807495,-0.06786296900489386,-0.01989708404802737
2006-09-25,,61.45000076293945,85.29000091552734,4.474999904632568,1.5008000135421753,,445.3599853515625,14.277179718017578,1326.3699951171875,4.554999828338623,2.32,2.425,60.74,57.89,198.1,221.3,4.5,0.6,2.595,213899.0,996484.0,1756269.0,9287.0,15846.0,11083.0,161.2246150533003,0.6199017941501083,-0.3696156509429731,2.8034495401167128,0.025077853697581753,-0.05040252012600632,-0.10550609957138146,-0.05371468433903026
2006-10-02,,61.029998779296875,85.58999633789062,5.64300012588501,1.5425000190734863,,442.4800109863281,14.677173614501953,1331.3199462890625,4.618000030517578,2.263,2.362,60.96,58.8,184.1,197.0,4.4,3.5,2.546,215052.0,999839.0,1760297.0,9081.0,15273.0,10513.0,165.77073009580442,0.7293866221128007,-0.1136342631571867,2.7391415924139753,0.015370774911130258,-0.04349428676741607,-0.14271555996035679,-0.1045548654244306
2006-10-09,,59.959999084472656,86.5199966430664,6.428999900817871,1.5206999778747559,,436.79998779296875,14.41606616973877,1350.6600341796875,4.696000099182129,2.222,2.316,59.93,59.25,184.1,197.0,4.4,3.5,2.506,215397.0,1002059.0,1760630.0,9242.0,15296.0,10364.0,163.14423285003247,0.7412533506643955,0.045148617364505005,2.5252540299650907,0.0002227134406520559,-0.018882466281310406,-0.14189416919447262,-0.12748457847841
2006-10-16,,59.939998626708984,87.0,6.443999767303467,1.5321999788284302,,437.760009765625,15.346585273742676,1369.06005859375,4.788000106811523,2.195,2.291,59.91,58.22,184.1,197.0,4.4,3.5,2.503,210175.0,1007078.0,1754844.0,9298.0,14813.0,10430.0,158.23026457302646,0.05652345037406064,0.45391973488701176,2.116572585081024,-0.004138100258475275,-0.01571091908876676,-0.12285614280714052,-0.1435406698564594
2006-10-23,,58.810001373291016,86.70999908447266,6.88100004196167,1.5044000148773193,,418.9599914550781,15.221585273742676,1377.02001953125,4.826000213623047,2.186,2.278,56.74,56.56,184.1,197.0,4.4,3.5,2.524,207416.0,1004142.0,1743769.0,9511.0,14871.0,9494.0,152.6560824308695,-0.336634732625978,0.15988743289017981,1.5666582387483223,-0.0029715273650656737,-0.0011971268954508174,-0.07740508661997791,-0.15037338764426345
2006-10-30,,58.36000061035156,85.58999633789062,7.415999889373779,1.4600000381469727,,415.8399963378906,15.321588516235352,1377.9300537109375,4.672999858856201,2.204,2.294,58.41,57.08,184.1,197.0,4.4,3.5,2.517,204617.0,1006295.0,1740668.0,9499.0,15277.0,10093.0,150.78629329403094,-0.7544351411435829,0.33131138821260037,1.3808669607450406,0.001976071271410751,0.008389932081502183,-0.027360308285163892,-0.15302013422818794
2006-11-06,,60.02000045776367,85.75,7.489999771118164,1.5433000326156616,,427.6000061035156,15.835456848144531,1379.780029296875,4.709000110626221,2.189,2.281,60.11,57.02,184.1,195.0,4.5,3.5,2.506,204033.0,1006889.0,1733971.0,9256.0,15153.0,9787.0,154.30326274848747,-0.8761000751365092,0.3600989330259869,1.0723657336828856,0.012301490197379694,-0.0027733755942948024,-0.01139041633935578,-0.17610474631751238
2006-11-13,,58.58000183105469,85.36000061035156,7.894000053405762,1.5470999479293823,,418.79998779296875,15.929891586303711,1384.4200439453125,4.605000019073486,2.216,2.308,58.59,56.88,184.1,195.0,4.5,3.5,2.552,200252.0,1008262.0,1725042.0,9110.0,14932.0,9450.0,153.8709110867179,-1.4182748783816226,0.46622196057418763,0.6955034333556978,0.012657912854500353,-0.004370282081843535,0.0,-0.18238172920065254
2006-11-20,,58.79999923706055,85.41999816894531,8.019000053405762,1.5605000257492065,,407.760009765625,15.818793296813965,1400.5,4.59499979019165,2.218,2.31,56.42,57.38,184.1,195.0,4.5,3.5,2.553,201658.0,1013423.0,1728917.0,9149.0,14992.0,10490.0,154.29074215761284,-1.2229377327870312,0.9339534460711003,0.8142205809934908,0.007675445418478644,0.01835594573024757,0.01957650819017176,-0.15858885591823269
2006-11-27,,60.31999969482422,83.51000213623047,7.998000144958496,1.597499966621399,,418.3999938964844,15.910443305969238,1381.9599609375,4.538000106811523,2.221,2.314,60.3,60.52,184.1,195.0,4.5,3.5,2.567,201069.0,1013063.0,1721370.0,9320.0,15161.0,9758.0,151.01748927038628,-1.3142469960679597,0.8642914491469272,0.49814095115311896,-0.0021359899795110326,0.00039184952978055243,0.011489698890649658,-0.15659068384539154
2006-12-04,,62.439998626708984,82.48999786376953,7.806000232696533,1.663100004196167,,433.6000061035156,16.84096336364746,1409.1199951171875,4.433000087738037,2.277,2.368,62.39,63.97,192.7,211.3,4.4,3.5,2.618,200031.0,1011873.0,1717000.0,9477.0,15480.0,10299.0,147.74897119341563,-1.4696059709778218,0.7159592602107901,0.3103348280602607,-0.007231368548937245,0.005483744614179553,0.019864918553833988,-0.13481631277384565
2006-12-11,,61.220001220703125,83.12000274658203,7.427000045776367,1.5958000421524048,,424.0,16.699308395385742,1413.0400390625,4.519999980926514,2.267,2.362,61.26,62.59,192.7,211.3,4.4,3.5,2.621,199857.0,1007578.0,1709531.0,9394.0,15311.0,9598.0,148.924739195231,-1.4737054206418898,0.2531636130060863,0.011343496033120742,-0.0018048110335909806,0.01986754966887405,0.04469273743016755,-0.0836541827091356
2006-12-18,,62.209999084472656,83.9800033569336,7.074999809265137,1.6749000549316406,,425.2799987792969,16.50682830810547,1422.47998046875,4.586999893188477,2.29,2.382,62.19,62.81,192.7,211.3,4.4,3.5,2.606,200915.0,1001255.0,1701601.0,9491.0,15543.0,8902.0,148.1830154883574,-1.2958046690108447,-0.4250237590075262,-0.3000195628297573,0.005582888808327802,0.0011459129106188293,0.027037617554859006,-0.033910799852561735
2006-12-25,,62.40999984741211,83.94000244140625,6.635000228881836,1.6334999799728394,,423.3599853515625,16.322954177856445,1410.760009765625,4.624000072479248,2.303,2.396,61.81,61.92,192.7,211.3,4.4,3.5,2.596,203853.0,993123.0,1694233.0,9229.0,15625.0,9129.0,154.61816014736158,-0.875662166859779,-1.3046225622165821,-0.5937006740661585,0.014446354242166892,-0.005723006486074045,0.02075989032510761,0.004238921001926688
2007-01-01,,61.04999923706055,83.72000122070312,6.298999786376953,1.6021000146865845,,412.79998779296875,16.334110260009766,1418.300048828125,4.710000038146973,2.296,2.392,60.85,58.96,190.281,205.361,4.6,1.2,2.58,209532.0,991824.0,1696033.0,9247.0,15529.0,10126.0,158.61619984859954,-0.10503162317351308,-1.4498283497683226,-0.5393837583601896,0.012038436846356193,-0.0038372985418264616,0.01129723412543826,0.019638648860958563
2007-01-08,,56.09000015258789,84.5999984741211,6.377999782562256,1.468500018119812,,379.9200134277344,15.579109191894531,1412.8399658203125,4.659999847412109,2.258,2.357,56.08,52.82,190.281,205.361,4.6,1.2,2.537,213295.0,986075.0,1702671.0,9201.0,15603.0,9505.0,162.27203564829912,0.39762271418653417,-2.069317831015608,-0.30000986654017964,0.0060775666533403605,-0.006163328197226536,-0.014514896867838023,0.029529130087789346
2007-01-15,,52.9900016784668,85.02999877929688,6.60099983215332,1.4320000410079956,,357.0400085449219,15.44538402557373,1430.72998046875,4.770999908447266,2.173,2.279,52.96,49.95,190.281,205.361,4.6,1.2,2.463,216786.0,992843.0,1711726.0,9060.0,15101.0,11057.0,167.49470198675496,0.8647364043043844,-1.3471538910618552,0.036977121457534005,0.0003602409887994984,-0.01666666666666672,-0.032048836322014496,0.013583699560527185
2007-01-22,,51.130001068115234,85.0199966430664,7.318999767303467,1.3753999471664429,,350.7200012207031,15.654333114624023,1422.949951171875,4.758999824523926,2.107,2.213,51.11,54.34,190.281,205.361,4.6,1.2,2.43,220795.0,993632.0,1713186.0,9008.0,14896.0,9808.0,171.57693161634103,1.3920055333884167,-1.28354179703181,0.0749989315962067,-0.01165122482724934,-0.0291683090264091,-0.05487336914811969,-0.024167987321711548
2007-01-29,,54.0099983215332,85.0999984741211,6.916999816894531,1.440999984741211,,359.760009765625,15.760200500488281,1420.6199951171875,4.892000198364258,2.119,2.217,54.01,54.71,190.281,205.361,4.6,1.2,2.413,224614.0,996316.0,1713489.0,9090.0,14784.0,9967.0,172.97007700770075,1.8679519740142223,-1.0317381759915192,0.06883493802428992,-0.01796674755323302,-0.013398294762484775,-0.06394453004622491,-0.0345649582836709
2007-02-05,,58.7400016784668,85.08000183105469,7.633999824523926,1.5599000453948975,,392.79998779296875,16.317392349243164,1446.989990234375,4.808000087738037,2.151,2.244,58.69,58.67,192.31,208.351,4.5,1.2,2.435,227214.0,995798.0,1702993.0,9136.0,14837.0,9547.0,174.09128721541157,2.156212727736721,-1.1315029329131523,-0.3766368587952683,-0.022615611119841894,-0.006995884773662642,-0.06472868217054273,-0.03711093375897845
2007-02-12,,57.810001373291016,85.1500015258789,7.22599983215332,1.5527000427246094,,386.9599914550781,16.04157257080078,1433.3699951171875,4.803999900817871,2.198,2.292,57.76,55.52,192.31,208.351,4.5,1.2,2.476,225156.0,995209.0,1691701.0,9061.0,14836.0,9584.0,173.94239046462863,1.8413702081031393,-1.2444728774104026,-0.8486150106460107,-0.024703735016216366,0.009117281392457599,-0.04020496649586125,-0.04584639498432597
2007-02-19,,59.38999938964844,84.08999633789062,7.502999782562256,1.645300030708313,,394.79998779296875,16.158594131469727,1455.5400390625,4.690000057220459,2.251,2.339,59.38,56.78,192.31,208.351,4.5,1.2,2.491,222115.0,998903.0,1680640.0,9198.0,14420.0,9742.0,169.0372907153729,1.4517900245680484,-0.8311516347337267,-1.2931569041622117,-0.02463250721962329,0.016837782340862306,0.0052781161185546654,-0.030160595377986654
2007-02-26,,61.38999938964844,83.93000030517578,7.546999931335449,1.7776999473571777,,407.20001220703125,16.437185287475586,1449.3699951171875,4.63100004196167,2.338,2.426,61.41,60.34,192.31,208.351,4.5,1.2,2.551,220175.0,1000324.0,1671763.0,9121.0,14616.0,9522.0,168.9754412893323,1.2285445939185848,-0.6835746448498595,-1.6251412474242248,-0.019834553619217155,0.006058158319870888,0.025102880658436133,-0.029606544604596885
2007-03-05,,60.06999969482422,84.1500015258789,7.254000186920166,1.8446999788284302,,396.9599914550781,15.43423843383789,1374.1199951171875,4.51800012588501,2.46,2.549,60.05,59.78,200.206,222.804,4.4,1.2,2.626,216425.0,995426.0,1655871.0,9191.0,14757.0,8872.0,164.83244478293983,0.7691914280626481,-1.270117557910113,-2.208900703861799,-0.019346255626733977,0.02408671216378977,0.057190219643597384,-0.025592055003819558
2007-03-12,,58.90999984741211,83.86000061035156,6.9120001792907715,1.9105000495910645,,394.79998779296875,15.969146728515625,1406.5999755859375,4.552999973297119,2.499,2.589,58.94,60.59,200.206,222.804,4.4,1.2,2.685,213939.0,996606.0,1653306.0,9158.0,14592.0,9802.0,163.5262065953265,0.47065588337751596,-1.0976488374156648,-2.191934151483359,-0.018141001679033875,0.02940023520188162,0.07843942505133472,0.0019076688286912002
2007-03-19,,56.59000015258789,83.38999938964844,6.8470001220703125,1.9580999612808228,,389.6000061035156,16.01314353942871,1402.06005859375,4.571000099182129,2.511,2.605,56.65,60.49,200.206,222.804,4.4,1.2,2.681,210489.0,1000530.0,1650396.0,9240.0,14789.0,10418.0,159.46136363636364,0.01973404038394255,-0.6121088135991554,-2.188983379434413,-0.01564245579328405,0.02246763137852259,0.08441033925686603,0.030314658480429912
2007-03-26,,62.90999984741211,83.08000183105469,7.254000186920166,2.067699909210205,,409.3599853515625,16.949501037597656,1437.5,4.586999893188477,2.54,2.628,61.77,64.43,200.206,222.804,4.4,1.2,2.676,210231.0,999683.0,1650791.0,9250.0,14956.0,9632.0,159.09372972972974,0.013641131467099051,-0.6912750347583264,-2.0726551391539654,-0.01479978282366401,-0.0014897579143389184,0.07627458851866709,0.03274268104776579
2007-04-02,,65.94000244140625,82.87000274658203,7.671000003814697,2.042799949645996,,428.4800109863281,17.013790130615234,1424.550048828125,4.642000198364258,2.636,2.725,66.03,68.94,203.307,229.338,4.5,2.5,2.79,205201.0,1003990.0,1653439.0,9491.0,14841.0,10245.0,151.34411547782108,-0.7146247782224509,-0.17812447608939475,-1.897268964345167,-0.011737636583126099,-0.0018649757553151902,0.049000392003136106,0.037209302325581506
2007-04-09,,61.5099983215332,83.0999984741211,7.546000003814697,2.094599962234497,,402.79998779296875,17.19546890258789,1444.6099853515625,4.744999885559082,2.746,2.838,61.51,69.15,203.307,229.338,4.5,2.5,2.84,199725.0,1004880.0,1653410.0,9472.0,15072.0,9804.0,147.60082347972974,-1.5011959791295013,-0.058318072396386283,-1.8382532515015162,-0.004568855497574353,0.04260089686098656,0.06245239908606259,0.09972408356326379
2007-04-16,,63.61000061035156,82.06999969482422,7.53000020980835,2.1157000064849854,,409.6000061035156,17.72654151916504,1468.3299560546875,4.735000133514404,2.822,2.916,63.63,67.1,203.307,229.338,4.5,2.5,2.877,197007.0,1004140.0,1653888.0,9247.0,15444.0,9919.0,149.13474640423922,-1.8408263972050247,-0.12013667922795385,-1.771354701139599,0.0034851751243822893,0.017921146953404854,0.05772811918063314,0.15306536743808352
2007-04-23,,65.88999938964844,81.73999786376953,7.561999797821045,2.190700054168701,6528.0,409.760009765625,17.656660079956055,1480.9300537109375,4.650000095367432,2.811,2.908,65.33,66.8,203.307,229.338,4.5,2.5,2.851,194214.0,1006324.0,1653879.0,9163.0,15086.0,10035.0,148.36822001527884,-2.181297800093331,0.1614258483534919,-1.7349092639467731,0.003368737702047042,0.013028169014084545,0.07310704960835501,0.18395061728395046
2007-04-30,,65.70999908447266,81.44999694824219,7.86299991607666,2.440500020980835,6657.27978515625,409.9200134277344,17.712560653686523,1482.3699951171875,4.630000114440918,2.922,3.016,65.78,67.23,203.307,229.338,4.5,2.5,2.811,193099.0,1007781.0,1654328.0,9260.0,15132.0,10264.0,145.97116630669547,-2.254026136184292,0.3598816341558591,-1.680111332506395,0.0007270914693426889,-0.009037191518943222,0.0653961136023915,0.18151678408619976
2007-05-07,,61.470001220703125,81.68000030517578,7.7789998054504395,2.1895999908447266,6611.2001953125,384.4800109863281,18.117855072021484,1509.47998046875,4.636000156402588,3.002,3.089,61.48,62.7,208.635,240.407,4.4,2.5,2.792,193471.0,1013417.0,1660763.0,9344.0,15306.0,10991.0,144.93760702054794,-2.0935633651081664,1.0830267949787826,-1.4383013667636952,-0.005788035588903173,-0.014030164854437088,0.007526881720430145,0.1544147843942505
2007-05-14,,62.459999084472656,82.06999969482422,7.952000141143799,2.3011999130249023,6757.1201171875,388.4800109863281,18.232460021972656,1503.1500244140625,4.690000057220459,3.069,3.146,62.55,65.86,208.635,240.407,4.4,2.5,2.773,195235.0,1014610.0,1667816.0,9404.0,15340.0,10332.0,145.32592513823906,-1.7630762184085187,1.2643340075937661,-1.189918101277636,-0.00921024183834196,-0.0067591604411242345,-0.016901408450704203,0.1276252019386106
2007-05-21,,66.2699966430664,82.36000061035156,7.913000106811523,2.4012999534606934,6754.56005859375,406.55999755859375,19.118505477905273,1525.0999755859375,4.788000106811523,3.211,3.286,66.25,69.51,208.635,240.407,4.4,2.5,2.803,196666.0,1016661.0,1674276.0,9433.0,15691.0,10892.0,145.94105798791475,-1.5108410387746407,1.5582697684713094,-0.9735178226620695,-0.005165399850123098,-0.006805157593123057,-0.03614876607577322,0.1132075471698113
2007-05-28,,65.19999694824219,82.33000183105469,7.639999866485596,2.403700113296509,6487.0400390625,396.0,18.9228458404541,1515.72998046875,4.861000061035156,3.195,3.274,64.59,70.72,208.635,240.407,4.4,2.5,2.817,198027.0,1015002.0,1676311.0,9485.0,15615.0,10018.0,146.14538745387455,-1.2865829904060686,1.3437416210043716,-0.8985015092030383,0.001565933839809741,0.010818608005769947,-0.016836197825324417,0.0987847902783221
2007-06-04,,66.20999908447266,82.05999755859375,8.190999984741211,2.23799991607666,6819.83984375,402.79998779296875,19.565719604492188,1539.1800537109375,4.928999900817871,3.132,3.218,66.17,70.9,209.799,241.015,4.6,2.5,2.799,201537.0,1015497.0,1680364.0,9495.0,15380.0,10240.0,148.57914691943128,-0.8228511348576446,1.4280863954695182,-0.7596275957964702,0.0074707783723950705,0.004994648590795681,0.002134471718249875,0.07273419649657287
2007-06-11,,65.97000122070312,82.70999908447266,7.607999801635742,2.1512999534606934,6368.0,398.7200012207031,19.129688262939453,1509.1199951171875,5.13700008392334,3.04,3.138,65.93,68.85,209.799,241.015,4.6,2.5,2.792,201540.0,1015579.0,1681031.0,9487.0,15371.0,10141.0,148.70665120691473,-0.797629281437891,1.4690941558404114,-0.7231208189952711,0.011243327745266374,-0.006389776357827559,0.002507163323782313,0.04245810055865906
2007-06-18,,69.08999633789062,82.70999908447266,7.690000057220459,2.2643001079559326,6401.27978515625,417.1199951171875,19.919677734375,1531.050048828125,5.142000198364258,2.974,3.068,69.06,72.33,209.799,241.015,4.6,2.5,2.805,203331.0,1022481.0,1690913.0,9591.0,15022.0,10791.0,148.4013137316234,-0.5576717016959349,2.3974335140699043,-0.41029859434728094,0.013308543916549676,-0.0025008931761343334,0.006851785070320915,0.04140246176799689
2007-06-25,,69.18000030517578,82.31999969482422,6.940000057220459,2.302500009536743,5815.0400390625,415.67999267578125,19.395477294921875,1497.739990234375,5.078000068664551,2.951,3.046,68.83,71.36,209.799,241.015,4.6,2.5,2.835,202582.0,1024043.0,1691475.0,9575.0,15430.0,10501.0,148.1017232375979,-0.6239106373432868,2.5514480931655954,-0.37880241255437846,0.017193985908456444,0.0046561604584527405,0.0007135212272566527,0.04820627802690591
2007-07-02,,71.08999633789062,81.38999938964844,6.763999938964844,2.248699903488159,5561.60009765625,428.239990234375,19.681407928466797,1519.4300537109375,4.998000144958496,2.933,3.025,71.11,72.9,209.639,242.158,4.7,2.3,2.829,204433.0,1027194.0,1699716.0,9557.0,15544.0,10778.0,149.7364235638799,-0.3825319508822216,2.825778319248751,-0.11948666484027722,0.01952609441107178,0.010695187165775222,0.006389776357827337,0.016129032258064502
2007-07-09,,72.19000244140625,81.43000030517578,6.409999847412109,2.344599962234497,5278.72021484375,434.79998779296875,20.242048263549805,1531.8499755859375,5.158999919891357,2.971,3.048,72.14,77.1,209.639,242.158,4.7,2.3,2.849,205576.0,1025606.0,1702157.0,9663.0,15561.0,10025.0,148.92186691503676,-0.22848427162242516,2.4427402079391265,-0.0369367024952527,0.02136785527760532,-0.002116402116402072,0.010718113612004476,-0.0038732394366196576
2007-07-16,,74.1500015258789,80.5199966430664,6.375999927520752,2.126199960708618,5282.56005859375,446.0799865722656,20.463489532470703,1549.52001953125,5.040999889373779,3.046,3.125,74.11,78.17,209.639,242.158,4.7,2.3,2.889,203341.0,1025157.0,1703406.0,9710.0,15650.0,10375.0,146.58980432543768,-0.4787179304532708,2.2252688887630665,0.0074802638282261,0.025983798675932368,0.007069635913750538,0.020415472779369725,-0.009732360097323478
2007-07-23,,74.88999938964844,80.3499984741211,6.039000034332275,2.104099988937378,4972.7998046875,451.0400085449219,20.827919006347656,1541.5699462890625,4.964000225067139,2.938,3.026,74.65,78.36,209.639,242.158,4.7,2.3,2.889,204134.0,1024054.0,1708146.0,9688.0,15822.0,10378.0,147.4956647398844,-0.36128942321375307,1.973618597484539,0.15943818223927053,0.028866174327521366,0.01404001404001387,0.029946524064170976,0.013328656611715228
2007-07-30,,76.83000183105469,80.8499984741211,6.499000072479248,2.085599899291992,5303.0400390625,460.0,19.532827377319336,1473.9100341796875,4.803999900817871,2.849,2.944,76.82,76.07,209.639,242.158,4.7,2.3,2.886,204720.0,1017557.0,1707404.0,9662.0,16210.0,10165.0,148.31711860898366,-0.2757446452057148,1.2074914931903076,0.14695122619315798,0.031641719889198505,0.0,0.01904761904761898,0.02774813233724638
2007-08-06,,72.05999755859375,80.25,6.208000183105469,1.9258999824523926,5080.31982421875,433.6000061035156,18.641414642333984,1467.6700439453125,4.730999946594238,2.816,2.912,72.03,72.69,206.412,236.401,4.6,2.3,2.898,202997.0,1013596.0,1707282.0,9575.0,15791.0,9998.0,148.40511749347257,-0.4682053661943008,0.7685242680170485,0.1568046049523414,0.034397802157157154,-0.0010384215991691148,0.020148462354188768,0.0336676217765044
2007-08-13,,71.62000274658203,81.05000305175781,6.794000148773193,1.9375,5546.240234375,430.79998779296875,19.005840301513672,1452.9200439453125,4.7779998779296875,2.752,2.845,71.6,71.3,206.412,236.401,4.6,2.3,2.847,201940.0,1008429.0,1702775.0,9572.0,15783.0,9873.0,147.67864605098205,-0.5828116116023091,0.22881489300690844,0.032563468417488126,0.03230586779628264,0.004158004158004269,0.017199017199017064,0.045077533357374744
2007-08-20,,71.12000274658203,81.4000015258789,6.039999961853027,1.9364999532699585,4953.60009765625,428.32000732421875,18.87967872619629,1445.550048828125,4.633999824523926,2.783,2.867,71.12,68.37,206.412,236.401,4.6,2.3,2.868,196231.0,1010319.0,1703286.0,9762.0,15727.0,10815.0,140.71061257938945,-1.2530243642035805,0.40726488438801867,0.0633444292464314,0.028529796805863095,-0.017598343685300222,-0.014537902388369606,0.01569746699964325
2007-08-27,,71.97000122070312,80.73999786376953,5.380000114440918,2.039299964904785,4477.43994140625,434.6400146484375,19.174020767211914,1466.7900390625,4.5960001945495605,2.756,2.843,71.98,68.85,206.412,236.401,4.6,2.3,2.863,192564.0,1006834.0,1701127.0,9626.0,15469.0,9822.0,140.03199667567006,-1.6433132833295678,0.04181037841156485,0.014755667459470117,0.030102512480226773,0.007376185458377149,-0.007268951194184803,0.018104366347177825
2007-09-03,,74.04000091552734,80.79000091552734,5.4679999351501465,2.0518999099731445,4345.60009765625,446.239990234375,19.574874877929688,1473.989990234375,4.5370001792907715,2.818,2.897,73.98,72.29,210.742,244.482,4.7,2.3,2.893,191083.0,1002862.0,1695710.0,9577.0,15901.0,10237.0,139.6659705544534,-1.741741256325275,-0.36124139929182525,-0.1327484700726793,0.029107246305358103,-0.0017433751743374248,-0.007969507969508016,0.02286530903894257
2007-09-10,,77.48999786376953,79.81999969482422,5.890999794006348,1.978600025177002,4736.0,470.32000732421875,19.664581298828125,1451.699951171875,4.323999881744385,2.84,2.918,77.53,74.97,210.742,244.482,4.7,2.3,2.924,190417.0,996015.0,1692514.0,9393.0,15564.0,9563.0,141.90556797615244,-1.7334759507818145,-1.0495375020617017,-0.2098239431523138,0.029255805448893835,0.010478519035976186,-0.0017253278122844051,0.03617478510028649
2007-09-17,,80.56999969482422,79.72000122070312,6.6529998779296875,2.0441999435424805,5178.8798828125,485.3599853515625,20.365386962890625,1476.6500244140625,4.46999979019165,2.792,2.882,80.55,77.99,210.742,244.482,4.7,2.3,2.964,190834.0,992616.0,1690125.0,9247.0,15357.0,9805.0,144.46177138531417,-1.606189973537298,-1.3759544524021339,-0.25971256834514417,0.024422412411713168,0.010715520221223684,0.027046013347383102,0.04242424242424225
2007-09-24,,80.94999694824219,78.52999877929688,6.369999885559082,2.083400011062622,5113.60009765625,494.55999755859375,21.236854553222656,1517.72998046875,4.624000072479248,2.816,2.906,82.51,77.87,210.742,244.482,4.7,2.3,3.032,191366.0,996087.0,1695938.0,9235.0,15018.0,10442.0,145.0527341635084,-1.4784123089424612,-1.0127995903451015,-0.037821180227836065,0.010630998553773363,0.013679890560875485,0.03347280334728042,0.04550264550264549
2007-10-01,,80.23999786376953,77.9000015258789,7.050000190734863,1.9812999963760376,5031.68017578125,492.7200012207031,21.38863754272461,1547.0400390625,4.557000160217285,2.784,2.887,80.31,78.33,212.386,246.233,4.7,2.5,3.048,191325.0,997488.0,1697152.0,9120.0,15154.0,10253.0,146.8503289473684,-1.419491518386511,-0.8728551539301213,0.0423450139933218,0.00029585069401649733,0.02294197031039147,0.05902899056933286,0.0717568045245669
2007-10-08,,79.0199966430664,78.66999816894531,6.8460001945495605,2.000200033187866,4906.240234375,486.0799865722656,20.896778106689453,1552.5799560546875,4.638000011444092,2.761,2.863,78.97,76.94,212.386,246.233,4.7,2.5,3.035,193000.0,995678.0,1696632.0,9200.0,15111.0,9869.0,146.84782608695653,-1.1880506685093501,-1.0436341059530099,0.06974342112232479,-0.01198921053226265,0.005277044854881341,0.0535776011061182,0.06984906984906969
2007-10-15,,86.12999725341797,78.08999633789062,7.445000171661377,2.1575000286102295,5313.27978515625,527.1199951171875,21.866426467895508,1548.7099609375,4.672999858856201,2.746,2.846,86.19,82.5,212.386,246.233,4.7,2.5,3.039,195768.0,997964.0,1699669.0,9253.0,15123.0,10408.0,148.1007240894845,-0.856598205987058,-0.7993769624538691,0.23835100508913257,-0.01705877397894917,-0.004265091863516979,0.03796169630642954,0.05053651782623758
2007-10-22,,87.55999755859375,78.05999755859375,6.890999794006348,2.1333999633789062,4956.16015625,532.3200073242188,20.671926498413086,1506.3299560546875,4.39300012588501,2.806,2.904,87.6,82.72,212.386,246.233,4.7,2.5,3.094,193837.0,993222.0,1692369.0,9373.0,14940.0,9103.0,144.76250933532486,-1.024917012847014,-1.2376196168491393,-0.0018924379484963946,-0.01680762055050089,0.0013179571663921585,0.025303643724696512,0.05192107995846329
2007-10-29,,93.52999877929688,76.83999633789062,7.269000053405762,2.327399969100952,5248.0,580.0,21.731523513793945,1540.97998046875,4.382999897003174,2.859,2.955,93.45,89.87,212.386,246.233,4.7,2.5,3.157,195132.0,989420.0,1691376.0,9355.0,14927.0,9381.0,146.01004810261892,-0.8570005858826926,-1.563584112177212,-0.002175208654603446,-0.012841540162697784,0.018098058571898612,0.02044854881266489,0.072072072072072
2007-11-05,,93.9800033569336,76.43000030517578,7.999000072479248,2.3810999393463135,5253.1201171875,588.3200073242188,21.146913528442383,1502.1700439453125,4.317999839782715,3.007,3.097,94.06,92.16,223.814,268.067,4.7,2.5,3.303,194313.0,988552.0,1690422.0,9367.0,14884.0,9656.0,145.21095334685597,-0.9158652764102955,-1.578953447999044,-0.002550137236603516,-0.0062684775144838945,0.020361990950226394,0.03576115485564313,0.08937198067632846
2007-11-12,,94.62000274658203,75.9000015258789,7.960999965667725,2.4165000915527344,5204.47998046875,582.1599731445312,19.913061141967773,1439.1800537109375,4.210999965667725,3.101,3.195,94.4,91.56,223.814,268.067,4.7,2.5,3.425,195027.0,992011.0,1691711.0,9187.0,15048.0,10487.0,148.60008707956897,-0.8177740860485173,-1.1946894846643465,0.09630223907506331,-0.002032833655010169,0.046246436490338994,0.08830313014827018,0.16016859852476295
2007-11-19,,94.63999938964844,75.77999877929688,7.7870001792907715,2.3815999031066895,5125.1201171875,595.9199829101562,20.081708908081055,1433.27001953125,4.078999996185303,3.077,3.17,95.75,91.59,223.814,268.067,4.7,2.5,3.41,195190.0,991033.0,1684926.0,9222.0,14897.0,9820.0,148.15983517675124,-0.7867489384158001,-1.239751596359393,-0.19493648343108944,-0.003954047555436824,0.03693611867998792,0.1270154656136886,0.19421199442119952
2007-11-26,,97.69999694824219,74.86000061035156,7.7230000495910645,2.4414000511169434,5049.60009765625,610.0,20.092939376831055,1407.219970703125,3.8469998836517334,3.072,3.168,97.66,94.88,223.814,268.067,4.7,2.5,3.444,196628.0,990581.0,1683143.0,9356.0,15470.0,10354.0,147.11372381359556,-0.62643919080253,-1.231452206388833,-0.24895173996403316,-0.008137047607892911,-0.004379562043795526,0.10213316095669045,0.19105833042263365
2007-12-03,,89.30999755859375,75.93000030517578,7.214000225067139,2.2500998973846436,4576.0,565.5999755859375,20.728137969970703,1472.4200439453125,3.8949999809265137,3.029,3.131,89.29,87.85,225.649,271.805,5.0,2.5,3.416,200623.0,983304.0,1679988.0,9266.0,15450.0,9374.0,151.5606518454565,-0.2188247300002836,-1.8288044075878522,-0.37945491739671167,-0.008183702863576947,0.009970674486803555,0.09090909090909083,0.1904597303836848
2007-12-10,,87.86000061035156,76.05999755859375,7.0320000648498535,2.2500998973846436,4460.7998046875,554.8800048828125,21.627534866333008,1515.9599609375,4.14900016784668,2.957,3.065,87.72,87.33,225.649,271.805,5.0,2.5,3.325,202241.0,982309.0,1678536.0,9348.0,15278.0,10063.0,151.44276850663243,-0.05920172707712405,-1.8203782963913953,-0.426579715256095,-0.010452467481212202,-0.008130081300813052,0.03421132303966101,0.16826265389876882
2007-12-17,,90.62999725341797,77.4000015258789,7.034999847412109,2.335400104522705,4432.64013671875,575.1199951171875,21.101947784423828,1445.9000244140625,4.192999839782715,2.962,3.066,90.69,90.32,225.649,271.805,5.0,2.5,3.309,205221.0,974820.0,1670282.0,9287.0,15240.0,9111.0,154.6836438031657,0.2326262983507595,-2.3554534380935177,-0.8369780175782043,-0.006056220474383367,-0.026639344262294973,-0.029197080291970656,0.1217948717948718
2007-12-24,,94.12999725341797,77.56999969482422,7.025000095367432,2.384000062942505,4419.83984375,591.5999755859375,22.446836471557617,1496.449951171875,4.211999893188477,2.943,3.047,94.0,91.59,225.649,271.805,5.0,2.5,3.308,205857.0,971422.0,1659725.0,9446.0,15218.0,9805.0,152.5512386195215,0.2876209700746471,-2.469742165974825,-1.363632753545913,-0.0039013816279270808,-0.004812030075187934,-0.029618768328445788,0.09135883905013187
2007-12-31,,95.9800033569336,76.69999694824219,7.482999801635742,2.475800037384033,4640.0,606.0800170898438,22.359487533569336,1468.3599853515625,4.034999847412109,3.028,3.129,95.95,93.68,225.649,271.805,5.0,2.5,3.345,207842.0,968240.0,1653240.0,9286.0,15382.0,10009.0,156.67607150549213,0.4808741444443159,-2.556115022705443,-1.6461574164124002,-0.0019405700424499628,-0.00030220610456344055,-0.03948896631823462,0.08530183727034113
2008-01-07,,95.08999633789062,76.16999816894531,7.879000186920166,2.429800033569336,4870.39990234375,604.0,21.753652572631836,1416.1800537109375,3.8389999866485596,3.088,3.187,95.08,94.19,226.775,273.485,5.0,-1.7,3.376,213063.0,961910.0,1645573.0,9304.0,15771.0,9806.0,160.30105331040414,1.0049049569340207,-2.842195581771925,-1.9594032323402029,-0.0014861437140025746,0.011185006045949297,-0.020784543325526816,0.10214168039538718
2008-01-14,,94.19999694824219,75.61000061035156,8.352999687194824,2.37280011177063,5168.64013671875,594.0,21.7254638671875,1416.25,3.7929999828338623,3.041,3.147,94.23,92.58,226.775,273.485,5.0,-1.7,3.326,215256.0,967689.0,1650706.0,9116.0,15011.0,10389.0,165.29091706888988,1.224286941480709,-2.2488759944793566,-1.5989689874902635,-0.0028730140136499216,0.009267563527653122,0.015338345864661651,0.11089174070417895
2008-01-21,,90.56999969482422,76.37999725341797,7.993000030517578,2.3034000396728516,4915.2001953125,572.3200073242188,19.414854049682617,1325.18994140625,3.6480000019073486,2.991,3.097,90.55,89.66,226.775,273.485,5.0,-1.7,3.27,220341.0,970063.0,1652935.0,8964.0,14920.0,10156.0,172.06459170013386,1.740590003760638,-1.9675596865325893,-1.4254044978048992,-0.007555691632436301,-0.014810426540284305,0.005137503777576269,0.07498383968972222
2008-01-28,,90.98999786376953,75.58000183105469,8.095000267028809,2.3252999782562256,5040.64013671875,578.7999877929688,19.798078536987305,1353.9599609375,3.5859999656677246,2.953,3.063,90.99,90.91,226.775,273.485,5.0,-1.7,3.259,223899.0,973617.0,1651982.0,8940.0,14618.0,10056.0,175.31241610738255,2.1006122212965908,-1.651260764043048,-1.4230207527134358,-0.020342821443910863,-0.016837041491280846,-0.011487303506650504,0.03579347481786499
2008-02-04,,90.0199966430664,75.37000274658203,7.86899995803833,2.3117001056671143,4912.64013671875,570.9600219726562,20.11931037902832,1380.8199462890625,3.6429998874664307,2.966,3.069,90.07,91.09,229.731,277.12,4.9,-1.7,3.28,227487.0,980594.0,1661448.0,8916.0,14492.0,10514.0,178.60127860026918,2.4688234343912177,-1.1594779774182233,-0.9007523308609158,-0.029287154724241926,-0.0033639143730886945,-0.025710014947683213,-0.013321223130487447
2008-02-11,,93.58999633789062,76.58000183105469,8.531000137329102,2.396199941635132,5328.64013671875,596.4000244140625,20.189754486083984,1339.1300048828125,3.618000030517578,2.947,3.049,93.56,93.93,229.731,277.12,4.9,-1.7,3.28,229236.0,981755.0,1662319.0,9020.0,14561.0,9737.0,177.8993348115299,2.6405390687318846,-1.0579912595427874,-0.8224341294222435,-0.039221452824639735,0.006443694384780541,-0.028436018957346043,-0.04233576642335768
2008-02-18,,95.5,76.0999984741211,8.65999984741211,2.493799924850464,5423.35986328125,607.4400024414062,20.52790069580078,1349.989990234375,3.7799999713897705,3.035,3.136,95.57,96.96,229.731,277.12,4.9,-1.7,3.396,230264.0,985959.0,1658612.0,9125.0,14464.0,10102.0,176.64087671232875,2.683923647803749,-0.7820112000077043,-0.979151630826915,-0.041707287977326146,0.0,-0.013830426939266505,-0.0381231671554253
2008-02-25,,99.2300033569336,75.52999877929688,9.185999870300293,2.5418999195098877,5747.2001953125,629.9199829101562,21.708566665649414,1371.800048828125,3.9019999504089355,3.115,3.218,99.4,97.43,229.731,277.12,4.9,-1.7,3.552,232619.0,989418.0,1661498.0,9045.0,14624.0,9958.0,180.02576008844667,2.801787958040073,-0.558298692772202,-0.8051857871074085,-0.037257906916945194,0.03536585365853662,0.038532110091743066,-0.013937282229965153
2008-03-03,,102.44999694824219,73.69999694824219,9.345999717712402,2.671999931335449,5815.0400390625,650.5599975585938,21.697301864624023,1331.3399658203125,3.5339999198913574,3.137,3.239,102.42,101.83,233.349,279.234,5.1,-1.7,3.658,234276.0,986496.0,1657174.0,9071.0,14868.0,9437.0,180.7884466982692,2.7973544847744662,-0.7165261828234653,-1.0057701679710565,-0.034299011005063273,0.04593639575971742,0.08990487879717701,0.03981264637002346
2008-03-10,,107.9000015258789,72.98999786376953,10.02400016784668,2.714900016784668,6259.2001953125,685.0399780273438,20.52790069580078,1273.3699951171875,3.437999963760376,3.2,3.294,107.9,105.33,233.349,279.234,5.1,-1.7,3.819,235967.0,993007.0,1664093.0,9131.0,14622.0,10548.0,180.89683495783595,2.7523094138862483,-0.3212104767356045,-0.6642529669627779,-0.02991383514875623,0.0298423423423424,0.11524390243902438,0.10015037593984943
2008-03-17,,105.68000030517578,71.45999908447266,9.100000381469727,2.504199981689453,5758.72021484375,666.4000244140625,20.33064079284668,1276.5999755859375,3.313999891281128,3.257,3.359,105.74,104.41,233.349,279.234,5.1,-1.7,3.974,232520.0,993822.0,1661864.0,9071.0,14427.0,9468.0,179.43335905633336,2.275870919627221,-0.26910282230684285,-0.7932835892668584,-0.02689019596544151,0.04401312192454898,0.1643292682926829,0.15412511332728918
2008-03-24,,100.86000061035156,72.94999694824219,9.329000473022461,2.641200065612793,5831.68017578125,642.0800170898438,20.360937118530273,1349.8800048828125,3.5220000743865967,3.224,3.33,101.7,100.93,233.349,279.234,5.1,-1.7,3.989,229235.0,993909.0,1655330.0,9116.0,14135.0,8898.0,176.0251206669592,1.8901939946182886,-0.2563071873837058,-1.146723265998176,-0.027996862473828155,0.04058654097931402,0.1702002355712604,0.20133010882708602
2008-03-31,,101.58000183105469,71.80000305175781,10.10099983215332,2.616300106048584,6208.0,650.8800048828125,20.928939819335938,1322.699951171875,3.431999921798706,3.259,3.361,101.54,102.33,233.349,279.234,5.1,-1.7,3.964,224710.0,1001473.0,1657077.0,9330.0,14207.0,10283.0,168.59271168274384,1.4678176040031823,0.19318406732591023,-1.0684467718353794,-0.02582789503273286,0.0037745344740813813,0.12302927927927931,0.19252615844544074
2008-04-07,,109.08999633789062,72.19999694824219,9.791000366210938,2.7834999561309814,5984.0,695.4400024414062,21.96324348449707,1372.5400390625,3.555999994277954,3.299,3.396,108.91,105.98,234.778,276.563,5.0,2.4,3.955,221268.0,998888.0,1649037.0,9286.0,14349.0,8912.0,166.79689855696748,1.1604548004055426,0.044709233033941254,-1.489615923000529,-0.018568797663141345,-0.006267234895963925,0.08365226899945322,0.17417061611374418
2008-04-14,,111.76000213623047,71.87999725341797,10.053000450134277,2.8217999935150146,6225.919921875,717.1199951171875,22.404096603393555,1328.3199462890625,3.503000020980835,3.35,3.45,111.71,108.32,234.778,276.563,5.0,2.4,4.059,215751.0,997173.0,1641673.0,9338.0,14236.0,8879.0,161.73238380809596,0.7207423608878332,-0.04910042034990377,-1.8523949782416704,-0.014040127603801689,-0.002270433905146252,0.03561141660120448,0.18911605532170772
2008-04-21,,117.4800033569336,71.6500015258789,10.732999801635742,2.979099988937378,6643.2001953125,755.0399780273438,23.89053726196289,1388.1700439453125,3.7119998931884766,3.467,3.569,117.48,111.35,234.778,276.563,5.0,2.4,4.143,212572.0,999713.0,1642580.0,9215.0,14827.0,10041.0,161.47628865979382,0.4655072828788118,0.10795366755005643,-1.7613376146084052,-0.007073348126994672,0.02629582806573949,0.021389028686461975,0.2412844036697248
2008-04-28,,118.75,72.79000091552734,11.279999732971191,3.0306999683380127,6910.72021484375,765.52001953125,23.46099281311035,1396.3699951171875,3.8350000381469727,3.566,3.668,118.78,115.7,234.778,276.563,5.0,2.4,4.177,211089.0,1003768.0,1651619.0,9189.0,14748.0,10215.0,160.80346065948416,0.33524020166559243,0.35451315724132104,-1.2766163181764916,-0.00452827078976914,0.020694752402069305,0.038606166959137544,0.2712488493402885
2008-05-05,,119.97000122070312,73.19000244140625,11.178000450134277,3.0529000759124756,6868.47998046875,773.9199829101562,23.35643196105957,1407.489990234375,3.8450000286102295,3.571,3.673,119.94,115.68,243.924,289.883,5.4,2.4,4.149,211883.0,1009413.0,1657102.0,9311.0,14649.0,10628.0,159.29341638921707,0.37075754918164594,0.6930480192219767,-1.0004139177684617,-0.00815949757275547,0.00820661356504937,0.053733602421796034,0.2734756097560975
2008-05-12,,124.2300033569336,72.94999694824219,11.300999641418457,3.1642000675201416,6909.43994140625,800.8800048828125,23.82271385192871,1403.5799560546875,3.7750000953674316,3.694,3.791,124.02,122.89,243.924,289.883,5.4,2.4,4.331,210168.0,1010250.0,1662804.0,9343.0,15054.0,9933.0,157.46291341110992,0.22168611389326134,0.7498289961344444,-0.7142783485868274,-0.007422350713283343,-0.006703375628441366,0.04905183312262951,0.2649390243902441
2008-05-19,,127.05000305175781,73.04000091552734,10.954000473022461,3.236599922180176,6708.47998046875,822.4000244140625,25.292203903198242,1426.6300048828125,3.8389999866485596,3.762,3.86,127.15,122.19,243.924,289.883,5.4,2.4,4.497,209413.0,1005591.0,1663044.0,9359.0,15083.0,9237.0,156.62902019446523,0.1461062722770883,0.48090816659398794,-0.6958183195319314,-0.007163613131916824,0.04386599180525441,0.0670115792067012,0.27532391048292126
2008-05-26,,132.19000244140625,71.88999938964844,11.857000350952148,3.3959999084472656,7219.2001953125,855.5999755859375,24.376596450805664,1375.9300537109375,3.8310000896453857,3.913,4.011,131.58,129.72,243.924,289.883,5.4,2.4,4.723,206155.0,997347.0,1653940.0,9373.0,15297.0,8959.0,153.96191187453323,-0.11414033563857494,0.002966016090988182,-1.1252164588087572,-0.0031536248134620415,0.03832833063957497,0.08544532947139749,0.26604729729729715
2008-06-02,,127.76000213623047,72.93000030517578,11.968999862670898,3.390700101852417,7257.60009765625,824.4000244140625,24.447240829467773,1385.6700439453125,3.9709999561309814,3.932,4.032,127.75,128.5,262.081,321.643,5.6,2.4,4.707,209090.0,993358.0,1655015.0,9129.0,15480.0,9786.0,160.32752765910834,0.09348470895278815,-0.2190585303752999,-1.03939245424392,0.0020080652476888172,0.05025572603958195,0.13071582475460874,0.2911427009294696
2008-06-09,,134.35000610351562,72.8499984741211,12.604000091552734,3.3940000534057617,7599.35986328125,872.4000244140625,25.023752212524414,1361.760009765625,3.992000102996826,3.979,4.077,134.44,134.43,262.081,321.643,5.6,2.4,4.692,210088.0,988932.0,1655398.0,9411.0,15319.0,9688.0,156.26564658378496,0.15772142870717681,-0.4682781872720682,-0.9877165510261333,-0.002116869344183203,-0.0033876773237349056,0.13449023861171372,0.2325216025137471
2008-06-16,,134.61000061035156,73.61000061035156,12.932999610900879,3.4379000663757324,7851.52001953125,871.9199829101562,24.560293197631836,1360.1400146484375,4.244999885559082,4.007,4.105,134.52,133.9,262.081,321.643,5.6,2.4,4.692,208910.0,988181.0,1656481.0,9251.0,15439.0,10259.0,158.07696465247,0.05704216187918516,-0.4888079623047413,-0.9048078242003652,-0.00013619423774557937,-0.0031867431485022024,0.08335257446317246,0.18067438349270248
2008-06-23,,136.74000549316406,73.43000030517578,13.20300006866455,3.4551000595092773,8044.7998046875,887.3599853515625,25.257003784179688,1318.0,4.168000221252441,4.002,4.101,135.98,134.54,262.081,321.643,5.6,2.4,4.648,208757.0,989086.0,1662057.0,9334.0,15258.0,10251.0,156.55656738804373,0.0375035113102057,-0.4014979226606726,-0.608920259819645,-0.0023334475965489654,0.0,0.043362241494329545,0.17623464527450494
2008-06-30,,140.0,72.45999908447266,13.352999687194824,3.501499891281128,8060.16015625,909.280029296875,25.069988250732422,1280.0,3.9790000915527344,4.027,4.121,139.96,138.4,262.081,321.643,5.6,2.4,4.645,210857.0,988081.0,1665274.0,9357.0,15413.0,10168.0,157.7427594314417,0.18712978775939484,-0.4371881105019835,-0.4319719443999603,-0.0028841723809505115,-0.009377664109121997,-0.01587973745500748,0.17255297679112003
2008-07-07,,141.3699951171875,72.66999816894531,12.97700023651123,3.4827001094818115,7758.080078125,919.5999755859375,23.452112197875977,1252.31005859375,3.930000066757202,4.051,4.148,141.38,139.62,271.149,334.055,5.8,-2.1,4.727,211766.0,982508.0,1662264.0,9347.0,15488.0,9547.0,158.59227559644808,0.24656228989835283,-0.7924688949031374,-0.5497827862605179,0.003654244028266751,-0.000645438898450923,-0.013171871680475955,0.17446270543615672
2008-07-14,,145.17999267578125,71.91999816894531,11.958999633789062,3.5576999187469482,7156.47998046875,939.8400268554688,23.330265045166016,1228.300048828125,3.880000114440918,4.054,4.153,145.16,142.43,271.149,334.055,5.8,-2.1,4.764,214238.0,985572.0,1669865.0,9344.0,15467.0,10791.0,160.4950770547945,0.42424843847183547,-0.5464405868773363,-0.15211028695426104,0.0025894251352107656,0.01765339074273431,0.007459505541347111,0.16457255481645738
2008-07-21,,131.0399932861328,71.98999786376953,10.510000228881836,3.217099905014038,6373.1201171875,853.3599853515625,22.44059944152832,1260.0,4.066999912261963,4.005,4.109,131.43,129.34,271.149,334.055,5.8,-2.1,4.718,217085.0,984130.0,1671944.0,9342.0,15112.0,9806.0,162.6627060586598,0.6233897412875281,-0.6291472316345592,-0.020207478421457103,0.005851318150677187,0.007827374656230068,0.01534526854219953,0.1498913830557569
2008-07-28,,124.7300033569336,72.6500015258789,9.163000106811523,3.069999933242798,5466.8798828125,804.3200073242188,20.99555778503418,1234.3699951171875,4.01800012588501,3.896,4.005,124.72,125.67,271.149,334.055,5.8,-2.1,4.603,213560.0,984165.0,1674597.0,9468.0,15162.0,10005.0,157.8918462188424,0.3375722911926292,-0.6021949761371609,0.15100780724374388,0.006787588055336302,-0.00965575146935349,0.015060240963855387,0.12951879339238692
2008-08-04,,121.41000366210938,73.45999908447266,8.72599983215332,3.000200033187866,5187.83984375,780.1599731445312,20.086030960083008,1249.010009765625,3.9719998836517334,3.828,3.937,121.45,121.87,262.566,319.114,6.1,-2.1,4.502,209216.0,986178.0,1677642.0,9484.0,15039.0,10193.0,154.41923239139604,-0.002502140478976588,-0.40361773675196977,0.351574723747006,0.010182366726827041,-0.024374735057227648,-0.00904198062432715,0.10942395758013967
2008-08-11,,114.44999694824219,76.12999725341797,8.348999977111816,2.8666000366210938,5026.56005859375,740.0800170898438,20.103025436401367,1305.3199462890625,4.001999855041504,3.764,3.868,114.44,110.54,262.566,319.114,6.1,-2.1,4.353,202822.0,986262.0,1672580.0,9446.0,14823.0,9655.0,150.30213847131063,-0.4943301206092711,-0.3650167667664432,0.11720485148238124,0.014064015518913786,-0.021942211601129746,-0.04759889993653488,0.03948279842992375
2008-08-18,,112.87000274658203,77.12000274658203,7.888000011444092,2.815200090408325,4688.64013671875,730.0800170898438,19.80552101135254,1278.5999755859375,3.815999984741211,3.706,3.805,112.92,109.33,262.566,319.114,6.1,-2.1,4.207,196620.0,995651.0,1680862.0,9423.0,14811.0,10991.0,146.06176376950017,-0.9645711643296018,0.5114517643653714,0.6257678915830887,0.01707775165740011,-0.03309640159928917,-0.0862720403022671,-0.03202134756504338
2008-08-25,,115.11000061035156,76.79000091552734,7.824999809265137,2.8822999000549316,4682.240234375,744.7999877929688,20.86804962158203,1266.8399658203125,3.7909998893737793,3.66,3.758,114.85,109.74,262.566,319.114,6.1,-2.1,4.145,195441.0,995473.0,1683122.0,9411.0,15111.0,9979.0,145.3710551482308,-1.0548163407946547,0.5376501672157645,0.8051800006987846,0.019977470889526616,-0.03354008729611757,-0.10830860534124631,-0.10925259369045104
2008-09-01,,115.45999908447266,77.37999725341797,7.942999839782715,3.0099000930786133,4705.27978515625,742.9600219726562,21.151382446289062,1282.8299560546875,3.812999963760376,3.667,3.769,115.55,113.49,260.125,321.466,6.1,-2.1,4.121,194404.0,993575.0,1679508.0,9424.0,15258.0,9830.0,144.4002546689304,-1.143095236215348,0.3900387870076433,0.6307330000252162,0.018894709315357527,-0.014737342524364205,-0.0995003258744298,-0.119396643297217
2008-09-08,,106.33999633789062,79.58999633789062,7.5269999504089355,2.7502999305725098,4472.31982421875,687.4400024414062,19.25301170349121,1267.7900390625,3.6649999618530273,3.637,3.742,106.35,101.08,260.125,321.466,6.1,-2.1,4.059,187942.0,987695.0,1664309.0,9090.0,13483.0,8581.0,144.72981298129812,-1.6493444358422207,-0.15553767389856388,-0.27717072173741486,0.01759900347744847,-0.005790108564535323,-0.08462905375388707,-0.12169650468883197
2008-09-15,,95.70999908447266,78.91000366210938,7.374000072479248,2.5613999366760254,4352.0,610.4000244140625,18.034643173217773,1192.699951171875,3.4830000400543213,3.867,3.973,95.52,90.45,260.125,321.466,6.1,-2.1,4.023,184634.0,981366.0,1652333.0,8907.0,13237.0,8510.0,145.1036263612889,-1.8877982229676906,-0.7551950576752917,-1.0067122950290286,0.008625345886341673,-0.015044892016500944,-0.06753962784286693,-0.13491048593350385
2008-09-22,,120.91999816894531,76.1500015258789,7.6579999923706055,2.7037999629974365,4545.27978515625,700.9600219726562,19.897815704345703,1207.0899658203125,3.8259999752044678,3.732,3.847,122.61,100.43,260.125,321.466,6.1,-2.1,3.958,178739.0,978423.0,1633043.0,8741.0,11504.0,7143.0,143.1384280974717,-2.2922647532891274,-1.0156526471903173,-2.2034332681327826,-0.004606762128091302,-0.008869179600887067,-0.04373662942714529,-0.13446643717728057
2008-09-29,,96.37000274658203,77.47000122070312,7.2210001945495605,2.3970000743865967,4070.39990234375,616.719970703125,16.955778121948242,1106.4200439453125,3.631999969482422,3.644,3.756,96.29,95.96,260.125,321.466,6.1,-2.1,3.959,179640.0,981326.0,1632148.0,8730.0,12452.0,8989.0,144.04123711340208,-2.136058269862708,-0.6987170684741326,-2.1571885805150077,-0.02170900116119856,-0.016157096694009332,-0.04511459589867295,-0.14790096878363823
2008-10-06,,87.80999755859375,81.68000030517578,6.835000038146973,2.0590999126434326,3966.719970703125,572.8800048828125,15.60272216796875,1056.8900146484375,3.4260001182556152,3.485,3.609,88.15,84.71,238.065,278.393,6.5,-8.5,3.875,186815.0,987518.0,1649821.0,8691.0,14024.0,10346.0,150.46657461742032,-1.5561290235224827,-0.0731878704602311,-0.9571101702825584,-0.039704424469122035,0.00025265285497733103,-0.039310846881824846,-0.16247091178337214
2008-10-13,,81.19000244140625,81.87999725341797,6.688000202178955,1.9176000356674194,3805.43994140625,542.239990234375,14.369062423706055,1003.3499755859375,3.8610000610351562,3.109,3.235,81.17,74.37,238.065,278.393,6.5,-8.5,3.659,193788.0,992849.0,1661304.0,8894.0,14115.0,10161.0,152.52035079829096,-1.044083136122475,0.4587404440328852,-0.1849892539923338,-0.04949972792037349,-0.021217479161404373,-0.04533136240453317,-0.18660789252728804
2008-10-20,,74.25,83.0999984741211,6.741000175476074,1.7201000452041626,3840.0,494.3999938964844,14.579410552978516,985.4000244140625,3.885999917984009,2.855,2.968,74.08,67.45,238.065,278.393,6.5,-8.5,3.482,196497.0,995784.0,1670572.0,9065.0,14562.0,10400.0,151.73513513513512,-0.8502640237799296,0.7582291242070563,0.49093600348091904,-0.04914037723251541,-0.055741935483870964,-0.09047974148645288,-0.22445951674438325
2008-10-27,,63.220001220703125,86.93000030517578,6.120999813079834,1.4768999814987183,3461.1201171875,406.79998779296875,11.614638328552246,848.9199829101562,3.7290000915527344,2.589,2.707,61.92,59.34,238.065,278.393,6.5,-8.5,3.288,194990.0,996223.0,1677228.0,9057.0,14851.0,10337.0,150.70442751462957,-0.9619458938096324,0.7938426695505157,1.0143991626197386,-0.039735099337748325,-0.048373872642798466,-0.12026275896917638,-0.2435368238105583
2008-11-03,,63.90999984741211,86.3499984741211,6.8379998207092285,1.3624999523162842,3745.280029296875,419.9200134277344,14.158714294433594,966.2999877929688,3.9040000438690186,2.34,2.457,63.93,60.32,195.155,191.822,6.8,-8.5,3.088,196113.0,996277.0,1682384.0,9095.0,14617.0,9972.0,150.9390874106652,-0.883209947552795,0.7817426647704386,1.4457233112512773,-0.03025650024860338,-0.05571510626076981,-0.1694872442535995,-0.26965792980897385
2008-11-10,,62.40999984741211,85.91000366210938,7.248000144958496,1.367900013923645,3948.800048828125,409.8399963378906,14.21841049194336,919.2100219726562,3.759999990463257,2.17,2.285,62.19,57.08,195.155,191.822,6.8,-8.5,2.944,198095.0,996225.0,1683427.0,9002.0,14463.0,9503.0,154.03965785381027,-0.7490647574539497,0.7578891854348916,1.5658321921852905,-0.018726928399128706,-0.06082725060827243,-0.20309677419354832,-0.29060418102458074
2008-11-17,,54.95000076293945,86.80999755859375,6.5329999923706055,1.1746000051498413,3564.800048828125,361.2799987792969,13.297428131103516,850.75,3.684000015258789,2.027,2.144,55.14,50.82,195.155,191.822,6.8,-8.5,2.809,198634.0,997823.0,1686203.0,8962.0,14558.0,9871.0,155.14818120955144,-0.7180888743784817,0.8999411229793167,1.8286965743226768,-0.015411413646942762,-0.04663212435233166,-0.19540858157966656,-0.30021392916567624
2008-11-24,,54.5,86.08000183105469,6.888000011444092,1.1425000429153442,3648.0,353.0400085449219,13.539034843444824,851.8099975585938,3.3399999141693115,1.857,1.972,53.63,49.51,195.155,191.822,6.8,-8.5,2.664,200476.0,1005103.0,1695896.0,8844.0,14838.0,10959.0,158.67616463138853,-0.5958097829645111,1.5736156178821032,2.563104986453963,-0.017677322436955634,-0.04585597826086951,-0.1932797242963814,-0.3223160434258141
2008-12-01,,49.279998779296875,86.72000122070312,6.604000091552734,1.111199975013733,3498.239990234375,319.1199951171875,12.77154541015625,816.2100219726562,2.7190001010894775,1.79,1.906,49.34,47.58,176.583,154.377,7.3,-8.5,2.615,198942.0,1004647.0,1695510.0,8933.0,14580.0,9504.0,155.89320497033472,-0.7119297693985639,1.4694536998241752,2.420803384243748,-0.022423525222800555,-0.05161979352082591,-0.1897810218978101,-0.35355496238776996
2008-12-08,,43.709999084472656,85.55999755859375,5.565999984741211,0.9617999792098999,2978.56005859375,288.9599914550781,13.109809875488281,909.7000122070312,2.7339999675750732,1.681,1.797,43.69,40.02,176.583,154.377,7.3,-8.5,2.515,202664.0,1004997.0,1702131.0,9015.0,14967.0,9959.0,157.36528008874097,-0.4456008524245467,1.438412568207953,2.7748680744342904,-0.026155284293834624,-0.01839339339339341,-0.15317357512953367,-0.3557526484355752
2008-12-15,,44.5099983215332,82.2699966430664,5.644999980926514,1.0369000434875488,3031.0400390625,294.7200012207031,13.644216537475586,868.5700073242188,2.5329999923706055,1.648,1.758,44.61,45.02,176.583,154.377,7.3,-8.5,2.422,203959.0,1005522.0,1699397.0,9175.0,14552.0,9673.0,155.60904632152588,-0.3547773254395645,1.4245579218500117,2.401992756600532,-0.025120653384482217,-0.03824091778202676,-0.1457201086956521,-0.3748446433010191
2008-12-22,,39.90999984741211,81.08999633789062,5.294000148773193,0.8862000107765198,2863.360107421875,245.0399932861328,12.752083778381348,871.6300048828125,2.1410000324249268,1.635,1.744,31.1,38.08,176.583,154.377,7.3,-8.5,2.366,207295.0,1002419.0,1697806.0,8867.0,14511.0,9118.0,163.64779519566932,-0.11724074286271023,1.0912782611262866,2.145833822899017,-0.01908250413810897,-0.03697813121272364,-0.13777144891420434,-0.3880747852450732
2008-12-29,,40.02000045776367,80.68000030517578,6.136000156402588,0.8744999766349792,3224.320068359375,247.36000061035156,13.1864013671875,869.4199829101562,2.0959999561309814,1.59,1.702,39.89,34.16,176.583,154.377,7.3,-8.5,2.327,208103.0,1002966.0,1693666.0,9106.0,14190.0,9249.0,159.97375356907534,-0.06214372139338688,1.1069145424812374,1.7618745671867218,-0.017261514677958667,-0.023121387283236983,-0.11186186186186187,-0.4023743369537762
2009-01-05,,48.810001373291016,82.63999938964844,6.072000026702881,1.1823999881744385,3229.43994140625,298.3999938964844,14.666472434997559,927.4500122070312,2.48799991607666,1.672,1.769,48.61,45.84,178.661,160.815,7.8,-4.5,2.291,211437.0,1009060.0,1700699.0,8990.0,14522.0,10485.0,164.63392658509457,0.17307477539920726,1.6575132315082988,2.0920835917610687,-0.012164115753464988,-0.016483516483516536,-0.11013384321223718,-0.39948387096774196
2009-01-12,,37.59000015258789,83.0199966430664,5.541999816894531,1.0841000080108643,2932.47998046875,245.1999969482422,13.349266052246094,870.260009765625,2.309000015258789,1.772,1.873,37.65,40.86,178.661,160.815,7.8,-4.5,2.314,213505.0,1010270.0,1709055.0,8758.0,14586.0,9729.0,170.64797899063714,0.321573398087394,1.785131992293611,2.4599237568741987,-0.012195275802470151,-0.015470562956596545,-0.08906560636182914,-0.3738726427985788
2009-01-19,,36.5099983215332,84.20999908447266,4.801000118255615,1.167199969291687,2538.239990234375,238.8800048828125,13.297831535339355,850.1199951171875,2.303999900817871,1.832,1.931,35.38,43.42,178.661,160.815,7.8,-4.5,2.296,219980.0,1016543.0,1721019.0,8641.0,14145.0,9866.0,178.20391158430738,0.7824361508888039,2.4111091822938944,2.9468200492920293,-0.022858116809332585,0.010039284155390682,-0.04459124690338567,-0.33543940264215966
2009-01-26,,45.72999954223633,84.7300033569336,4.489999771118164,1.1531000137329102,2356.47998046875,257.1199951171875,13.69499397277832,836.5700073242188,2.6429998874664307,1.813,1.915,46.5,48.0,178.661,160.815,7.8,-4.5,2.268,219859.0,1023494.0,1725286.0,8650.0,14136.0,9708.0,177.92057803468208,0.7746739935019856,3.050860143739842,2.897912587734243,-0.028379934851225475,-0.007778738115816863,-0.0295857988165682,-0.3017031630170316
2009-02-02,,40.08000183105469,86.06999969482422,4.557000160217285,1.1491999626159668,2426.8798828125,227.1999969482422,13.19211196899414,825.4400024414062,2.7190001010894775,1.871,1.974,41.35,42.96,183.721,174.067,8.3,-4.5,2.246,220221.0,1031387.0,1727432.0,9015.0,14341.0,10037.0,170.99800332778702,0.8099911050231382,3.6248935724289555,2.744531744294856,-0.04027617709213416,-0.012195121951219523,-0.02535453373442209,-0.26554404145077726
2009-02-09,,39.560001373291016,84.79000091552734,4.807000160217285,1.2470999956130981,2548.47998046875,226.0,14.186450004577637,869.8900146484375,3.0269999504089355,1.897,2.002,39.58,47.23,183.721,174.067,8.3,-4.5,2.219,217559.0,1036330.0,1730256.0,9006.0,14127.0,9652.0,169.09982234066177,0.637487989467737,3.6609078647952114,2.6402961810914967,-0.039791709674293574,-0.00970017636684295,-0.01964207769532955,-0.23709239130434778
2009-02-16,,37.5099983215332,86.04000091552734,4.452000141143799,1.2063000202178955,2344.9599609375,204.8000030517578,13.426405906677246,826.8400268554688,2.881999969482422,1.931,2.036,37.63,43.36,183.721,174.067,8.3,-4.5,2.186,218664.0,1036291.0,1724167.0,8908.0,14143.0,8793.0,171.82846879209697,0.746361281847441,3.2246299916436043,2.170544040586468,-0.032971847957059874,-0.012021371326803254,-0.041054451166810835,-0.21003915984336075
2009-02-23,,38.439998626708984,87.23999786376953,4.0970001220703125,1.0433000326156616,2154.239990234375,186.55999755859375,11.543456077575684,743.3300170898438,2.7769999504089355,1.868,1.976,37.66,41.27,183.721,174.067,8.3,-4.5,2.13,215342.0,1037237.0,1721451.0,9010.0,13936.0,8769.0,167.3023307436182,0.5299046637212861,2.9659073302309307,1.9243980947449237,-0.025214387628005652,-0.014871563767462792,-0.04790940766550522,-0.17942942942942952
2009-03-02,,40.150001525878906,88.94000244140625,4.1519999504089355,1.2862000465393066,2178.56005859375,195.83999633789062,10.891995429992676,700.8200073242188,2.9189999103546143,1.91,2.016,40.07,42.6,178.415,166.814,8.7,-4.5,2.087,215510.0,1037212.0,1723216.0,9204.0,14345.0,9028.0,163.90373750543242,0.5851535428774882,2.6884413910741842,1.8888603215943625,-0.015278550592678686,-0.025617566331198605,-0.060846560846560815,-0.18546845124282996
2009-03-09,,47.06999969482422,89.01000213623047,3.865000009536743,1.3351000547409058,2024.9599609375,229.1999969482422,11.103434562683105,676.530029296875,2.885999917984009,1.918,2.022,47.01,44.55,178.415,166.814,8.7,-4.5,2.045,212517.0,1038519.0,1726400.0,8972.0,14116.0,9121.0,165.80684351315202,0.39747065116419455,2.5605520477590997,1.910542156066505,-0.01037740023472944,-0.020187793427229872,-0.07079252003561876,-0.1701789264413519
2009-03-16,,47.349998474121094,86.94999694824219,3.8499999046325684,1.367300033569336,2036.47998046875,226.0,12.009190559387207,753.8900146484375,2.9509999752044678,1.885,1.996,47.33,44.12,178.415,166.814,8.7,-4.5,2.017,215712.0,1042262.0,1731252.0,8955.0,14180.0,9180.0,168.61909547738694,0.7269247841956383,2.598681792117139,1.987476187784641,-0.010977383386379436,-0.020124580737901465,-0.07841369986480395,-0.15565648224607775
2009-03-23,,53.79999923706055,83.43000030517578,4.294000148773193,1.4881000518798828,2279.679931640625,254.24000549316406,13.366179466247559,822.9199829101562,2.6600000858306885,1.944,2.049,53.05,51.84,178.415,166.814,8.7,-4.5,2.09,214568.0,1047411.0,1735935.0,9100.0,14135.0,9384.0,165.0523076923077,0.685871438316668,2.6997078181737075,2.043802543668343,-0.00944732814127347,-0.013691931540342317,-0.07731015553522413,-0.14750633981403216
2009-03-30,,48.40999984741211,85.87000274658203,3.739000082015991,1.3798999786376953,1945.5999755859375,229.60000610351562,12.29780101776123,787.530029296875,2.7139999866485596,2.03,2.136,48.49,49.05,178.415,166.814,8.7,-4.5,2.221,216793.0,1051927.0,1744022.0,9125.0,14158.0,9554.0,166.30695890410956,0.939316827609552,2.728085545002862,2.209417100557383,-0.006947109201388191,0.03619236489836397,-0.018779342723004744,-0.10184787279759355
2009-04-06,,51.04999923706055,84.56999969482422,3.7320001125335693,1.4754999876022339,1928.9599609375,241.83999633789062,12.949740409851074,835.47998046875,2.938999891281128,2.011,2.119,51.1,50.91,177.552,168.312,9.0,-0.7,2.228,217449.0,1055215.0,1748569.0,9024.0,14287.0,9332.0,168.67719414893617,1.0323907431998023,2.6724023434945496,2.2237977626716665,-0.008683950195425671,0.06267942583732067,0.0642069956875897,-0.030554343081623636
2009-04-13,,50.04999923706055,84.63999938964844,3.628000020980835,1.4631999731063843,1868.800048828125,237.44000244140625,12.952614784240723,858.72998046875,2.8450000286102295,2.025,2.132,50.22,50.73,177.552,168.312,9.0,-0.7,2.229,216505.0,1062149.0,1757997.0,8944.0,13987.0,9391.0,169.4471153846154,0.9595658274031164,2.7933443657170773,2.3962054182558727,-0.006709143133311279,0.0031517334533994745,0.08948655256723725,-0.037165082108902237
2009-04-20,,45.880001068115234,86.63999938964844,3.5399999618530273,1.4119000434875488,1829.1199951171875,217.75999450683594,12.510330200195312,832.3900146484375,2.8429999351501465,2.031,2.14,45.82,49.06,177.552,168.312,9.0,-0.7,2.221,217307.0,1067304.0,1770633.0,9136.0,14516.0,9855.0,166.5005472854641,1.032115395843217,2.7868413363022477,2.644221091686951,-0.006184560986995047,0.0004488330341112512,0.10510659395141309,-0.029181184668989446
2009-04-27,,50.13999938964844,85.69999694824219,3.253000020980835,1.4032000303268433,1676.800048828125,224.63999938964844,12.98133659362793,857.510009765625,2.9210000038146973,2.016,2.124,49.29,48.67,177.552,168.312,9.0,-0.7,2.201,212612.0,1072582.0,1777282.0,9151.0,14334.0,9824.0,162.63621462135288,0.5796880824179941,2.7713829222797166,2.6546548498537597,-0.005030019562360821,-0.0035890533871690833,0.06267942583732067,-0.02072310405643729
2009-05-04,,54.470001220703125,83.97000122070312,3.7249999046325684,1.5859999656677246,1857.280029296875,244.47999572753906,14.115757942199707,907.239990234375,3.1570000648498535,2.045,2.149,54.45,53.26,179.83,177.057,9.4,-0.7,2.185,212445.0,1075600.0,1787685.0,8923.0,14754.0,9920.0,166.6608763868654,0.5606366797494501,2.6551642207393304,2.7502459347168875,-0.0042360348178821505,-0.00900495272399826,-0.00900495272399826,-0.020035618878005312
2009-05-11,,58.5,82.68000030517578,4.302000045776367,1.6801999807357788,2132.47998046875,258.32000732421875,14.434550285339355,909.239990234375,3.180000066757202,2.218,2.322,57.79,55.99,179.83,177.057,9.4,-0.7,2.216,208291.0,1071826.0,1787294.0,8911.0,14424.0,8708.0,163.62215239591515,0.17361795301030009,2.303425935438143,2.5156911553807264,-0.006195393840975116,-0.007269422989550245,-0.019299820466786466,-0.015322217214961631
2009-05-18,,59.029998779296875,82.66999816894531,4.138999938964844,1.7581000328063965,2069.760009765625,261.67999267578125,14.262232780456543,909.7100219726562,3.2109999656677246,2.281,2.387,58.99,56.51,179.83,177.057,9.4,-0.7,2.231,203954.0,1070460.0,1787269.0,9232.0,14109.0,8791.0,154.6444974003466,-0.22593408870388046,2.103621537310217,2.330083735985381,-0.006194708994708975,0.014187643020594942,-0.00583221175414983,0.013723696248856498
2009-05-25,,61.66999816894531,79.95999908447266,3.515000104904175,1.8408000469207764,1753.5999755859375,269.6000061035156,13.96068000793457,887.0,3.447999954223633,2.414,2.516,61.15,58.7,179.83,177.057,9.4,-0.7,2.274,203417.0,1066332.0,1790757.0,9538.0,14733.0,8778.0,149.28905430907946,-0.26617050864332414,1.8371231964622672,2.260513924825423,-0.003285539181960062,0.006768953068591932,0.004502476361998964,0.04741784037558694
2009-06-01,,68.58000183105469,79.16999816894531,4.249000072479248,1.924299955368042,2042.8800048828125,299.44000244140625,15.38804817199707,942.8699951171875,3.7149999141693115,2.502,2.595,68.59,66.6,197.033,213.086,9.5,-0.7,2.352,203202.0,1069282.0,1805918.0,9020.0,14725.0,9646.0,157.69556541019955,-0.2810718217275411,1.8391407259039314,2.4803807742403987,0.007013192589802264,0.0192738682205289,0.033166742389822756,0.08960229995208424
2009-06-08,,68.08999633789062,80.91000366210938,3.7309999465942383,1.9359999895095825,1808.6400146484375,300.32000732421875,14.931407928466797,939.1400146484375,3.8889999389648438,2.6,2.692,68.05,67.61,197.033,213.086,9.5,-0.7,2.498,201649.0,1064886.0,1804190.0,9141.0,14750.0,8970.0,154.4188819603982,-0.41482003846290705,1.601614210195826,2.268395576562509,0.009914717343770363,0.03430079155672816,0.07643020594965666,0.15012224938875307
2009-06-15,,70.62000274658203,81.13999938964844,4.182000160217285,2.052999973297119,2010.8800048828125,308.1600036621094,14.960129737854004,923.719970703125,3.7130000591278076,2.639,2.737,70.54,68.49,197.033,213.086,9.5,-0.7,2.572,205034.0,1061597.0,1803228.0,9354.0,14677.0,9037.0,153.43574941201626,-0.08525540752805918,1.4243959783624336,2.1066180676472195,0.016824840784566142,0.062074829931972886,0.12725631768953072,0.23847297967278158
2009-06-22,,66.93000030517578,80.77999877929688,3.933000087738037,1.8596999645233154,1875.199951171875,290.0,13.495095252990723,893.0399780273438,3.693000078201294,2.65,2.755,67.09,66.13,197.033,213.086,9.5,-0.7,2.616,208905.0,1058224.0,1809037.0,9129.0,15031.0,9284.0,160.1856720341768,0.2813958019524894,1.258965115287358,2.110796922052321,0.019961377371035427,0.029623698959167166,0.15284625728372947,0.23062200956937806
2009-06-29,,71.48999786376953,79.83999633789062,3.944000005722046,1.9357999563217163,1817.5999755859375,309.3599853515625,13.95407485961914,927.22998046875,3.492000102996826,2.593,2.701,71.47,69.75,197.033,213.086,9.5,-0.7,2.608,211238.0,1055203.0,1814063.0,9053.0,14992.0,9363.0,163.33436429912737,0.49793055392676155,1.1151232373207864,2.092501873744266,0.009140845279277832,0.01710730948678063,0.1503957783641161,0.1778478162989645
2009-07-06,,64.05000305175781,80.44999694824219,3.486999988555908,1.740399956703186,1607.6800537109375,277.67999267578125,13.189115524291992,898.719970703125,3.50600004196167,2.563,2.673,64.06,63.12,195.778,211.649,9.5,1.4,2.594,213140.0,1052501.0,1819395.0,9229.0,14966.0,9224.0,161.6621519124499,0.673789758651542,0.9885994234345421,2.078672307178412,0.010700514888087653,-0.003058103975535187,0.10884353741496611,0.17055655296229788
2009-07-13,,59.689998626708984,80.12999725341797,3.263000011444092,1.6394000053405762,1539.8399658203125,258.9599914550781,13.090967178344727,901.0499877929688,3.3459999561309814,2.479,2.593,59.69,58.25,195.778,211.649,9.5,1.4,2.542,214578.0,1050368.0,1821578.0,9163.0,15105.0,9549.0,163.92513368983958,0.8037089834105637,0.8848917159963371,2.0040298243330823,0.013378990108876554,-0.005368098159509338,0.038430744595676414,0.16375056078959171
2009-07-20,,63.97999954223633,78.91000366210938,3.688999891281128,1.7893999814987183,1696.0,278.6400146484375,14.225417137145996,951.1300048828125,3.5850000381469727,2.411,2.522,63.93,64.64,195.778,211.649,9.5,1.4,2.496,215391.0,1048571.0,1823434.0,9255.0,14779.0,9203.0,162.91053484602918,0.8780919625403699,0.7943439554690968,1.9284590904791985,0.00850135962363252,-0.02004626060138781,-0.011664074650077905,0.1445294912201709
2009-07-27,,68.37999725341797,78.62999725341797,3.6040000915527344,1.9347000122070312,1689.5999755859375,290.55999755859375,14.825850486755371,982.1799926757812,3.7130000591278076,2.46,2.564,68.34,69.78,195.778,211.649,9.5,1.4,2.528,213076.0,1053722.0,1829017.0,9171.0,14608.0,10024.0,162.63569948751498,0.6684437034402728,0.9264184783518693,1.929027010379795,0.012162497586805987,-0.01809598741148699,-0.04587155963302758,0.13402998636983177
2009-08-03,,71.58000183105469,77.63999938964844,4.031000137329102,2.0692999362945557,1797.1199951171875,303.3599853515625,14.987503051757812,1002.6300048828125,3.6389999389648438,2.511,2.613,71.59,72.9,201.583,223.781,9.6,1.4,2.55,212858.0,1055392.0,1826259.0,9199.0,14434.0,9287.0,161.9747798673769,0.6494330255101588,0.9452502993617199,1.7766111592375062,0.016057061583204302,0.012820512820512775,-0.030674846625766916,0.15697940503432495
2009-08-10,,70.5999984741211,79.26000213623047,3.6410000324249268,2.027400016784668,1674.239990234375,301.67999267578125,14.736358642578125,1007.0999755859375,3.7709999084472656,2.596,2.7,70.59,73.79,201.583,223.781,9.6,1.4,2.625,211931.0,1058086.0,1827603.0,8951.0,14365.0,9530.0,165.7375712210926,0.5549031001528383,0.9970864713235159,1.7125725907892073,0.01584375033189267,0.008702531645569556,-0.016962220508866643,0.15072202166064974
2009-08-17,,66.75,79.29000091552734,3.1630001068115234,1.9515000581741333,1551.3599853515625,284.1600036621094,14.164798736572266,979.72998046875,3.490999937057495,2.58,2.688,66.72,68.65,201.583,223.781,9.6,1.4,2.652,209754.0,1049688.0,1814805.0,9205.0,14504.0,8113.0,159.50874524714828,0.33603105475324246,0.6866815255996184,1.410691761362403,0.011052754683280597,0.02941176470588247,0.03265145554681359,0.17660242043926488
2009-08-24,,74.37000274658203,78.2699966430664,2.9230000972747803,2.049099922180176,1496.3199462890625,306.3999938964844,15.305034637451172,1025.5699462890625,3.49399995803833,2.572,2.677,73.68,74.34,201.583,223.781,9.6,1.4,2.668,208054.0,1049816.0,1811664.0,9105.0,14483.0,9225.0,159.95365183964853,0.1563480168027071,0.6618173745099685,1.2982800754866413,0.01013887234296007,0.010285714285714231,0.0625,0.1662269129287599
2009-08-31,,69.95999908447266,78.16999816894531,2.9769999980926514,1.9859000444412231,1372.1600341796875,288.3999938964844,14.770992279052734,1020.6199951171875,3.4010000228881836,2.553,2.662,69.97,69.02,201.583,223.781,9.6,1.4,2.674,205085.0,1049443.0,1807201.0,9478.0,14951.0,9576.0,151.46602658788774,-0.14444660367312703,0.6206371062127478,1.1706051877231836,0.00897042357258715,0.006033182503770718,0.05537974683544311,0.13435374149659873
2009-09-07,,68.0199966430664,78.13999938964844,2.7279999256134033,1.7762999534606934,1221.1199951171875,281.0400085449219,14.710375785827637,1016.4000244140625,3.441999912261963,2.519,2.619,67.95,65.84,202.777,226.214,9.8,1.4,2.647,207153.0,1043637.0,1802182.0,9283.0,15105.0,9095.0,156.2071528600668,0.03135281624794569,0.39724269037112914,1.040672679008173,0.016574432761483182,0.002248875562218755,0.04862745098039212,0.07045636509207354
2009-09-14,,68.86000061035156,76.69999694824219,3.296999931335449,1.743299961090088,1388.800048828125,285.67999267578125,15.587920188903809,1049.3399658203125,3.4059998989105225,2.499,2.603,68.86,66.91,202.777,226.214,9.8,1.4,2.634,207700.0,1039407.0,1799408.0,9001.0,15049.0,8903.0,161.5264970558827,0.04994079609671372,0.22390935813599647,0.9552984432079885,0.02533972464591394,-0.010097232610321694,0.008380952380952378,0.029160186625194262
2009-09-21,,69.70999908447266,76.77999877929688,3.5759999752044678,1.7513999938964844,1440.0,286.79998779296875,15.863037109375,1064.6600341796875,3.486999988555908,2.477,2.58,69.74,68.11,202.777,226.214,9.8,1.4,2.622,213109.0,1042760.0,1807956.0,8790.0,14733.0,9794.0,169.71137656427757,0.5687475449742693,0.31023876112363025,1.0702107537570893,0.019493434473428328,-0.004911220249338877,-0.006787330316742168,0.006880733944954143
2009-09-28,,66.83999633789062,77.05000305175781,3.7300000190734863,1.6380000114440918,1509.1199951171875,276.0799865722656,15.778949737548828,1062.97998046875,3.302000045776367,2.425,2.531,66.69,65.43,202.777,226.214,9.8,1.4,2.601,211452.0,1045554.0,1812565.0,9126.0,14591.0,9533.0,162.1919789612097,0.36098891201524547,0.37997057160567616,1.1241978689090073,0.010677307106577327,-0.004555808656036442,-0.017241379310344973,0.005368098159509227
2009-10-05,,70.41000366210938,76.63999938964844,4.986999988555908,1.7539000511169434,1548.800048828125,289.44000244140625,15.402016639709473,1040.4599609375,3.2239999771118164,2.396,2.502,70.26,65.26,204.719,228.651,10.0,4.4,2.582,214389.0,1044419.0,1816158.0,9269.0,14607.0,9098.0,161.90775703959434,0.7071484173045206,0.3046454484303061,1.1652731866383763,0.00010200785460479089,-0.008009153318077722,-0.02729992520568436,0.002698535080956077
2009-10-12,,73.2699966430664,76.12999725341797,4.880000114440918,1.7990000247955322,1512.9599609375,301.5199890136719,16.503816604614258,1076.18994140625,3.380000114440918,2.432,2.532,73.24,70.75,204.719,228.651,10.0,4.4,2.6,209159.0,1044753.0,1810356.0,9256.0,14097.0,8731.0,158.17988331892826,-0.03949812615686228,0.28554052689073384,1.0239939575305539,-0.0015112601617388588,-0.007304882737408702,-0.024556101246694384,0.015735641227380137
2009-10-19,,79.61000061035156,75.51000213623047,4.835000038146973,1.9872000217437744,1488.6400146484375,326.0799865722656,17.3272762298584,1097.9100341796875,3.3949999809265137,2.532,2.633,79.47,75.86,204.719,228.651,10.0,4.4,2.705,206945.0,1046063.0,1806214.0,8950.0,14070.0,8699.0,161.85642458100557,-0.41210720824869224,0.3075396158082949,0.9124219124753802,0.004752996869512138,0.006971340046475705,-0.012908124525436548,0.04166666666666674
2009-10-26,,78.68000030517578,76.05999755859375,4.513000011444092,2.033799886703491,1376.0,321.0400085449219,16.62559700012207,1066.949951171875,3.553999900817871,2.641,2.744,78.61,76.45,204.719,228.651,10.0,4.4,2.801,208564.0,1046839.0,1804606.0,8858.0,14203.0,8890.0,164.81688868819148,-0.21049336298138963,0.30911959596987326,0.8496232255523989,0.009410726446135387,0.04038461538461546,0.03165522501906959,0.07001582278481022
2009-11-02,,78.12999725341797,76.29000091552734,4.823999881744385,1.9903000593185425,1274.8800048828125,319.760009765625,16.12108612060547,1042.8800048828125,3.421999931335449,2.66,2.764,78.08,75.56,210.932,238.246,9.9,4.4,2.808,208277.0,1042903.0,1796213.0,9015.0,13970.0,8126.0,161.7236827509706,-0.3110949137741289,0.10530194825539953,0.6486881125007051,0.002442813543926059,0.0354898336414049,0.07689350249903892,0.09843137254901979
2009-11-09,,79.43000030517578,75.02999877929688,4.670000076293945,1.9817999601364136,1228.800048828125,324.0,16.866252899169922,1093.0799560546875,3.4860000610351562,2.627,2.733,79.44,77.18,210.932,238.246,9.9,4.4,2.801,210837.0,1044690.0,1797182.0,8844.0,13825.0,8656.0,166.8768656716418,0.06921733569479688,0.14988407058791534,0.6394251798411572,-0.004396112910689531,0.002499107461620742,0.08752904725019373,0.06971428571428562
2009-11-16,,78.9000015258789,74.91000366210938,4.613999843597412,1.986799955368042,1203.199951171875,322.32000732421875,17.04022789001465,1109.300048828125,3.3310000896453857,2.585,2.697,78.91,77.14,210.932,238.246,9.9,4.4,2.79,209082.0,1043803.0,1793022.0,9015.0,13794.0,8579.0,162.3487520798669,-0.2854775505304009,0.07030247697087298,0.5212853163400359,-0.015435087272263948,-0.00249287749287741,0.0773076923076923,0.05618401206636503
2009-11-23,,77.55999755859375,75.08999633789062,4.4730000495910645,1.9794000387191772,1157.1199951171875,315.0400085449219,16.622697830200195,1106.239990234375,3.364000082015991,2.603,2.713,76.49,78.14,210.932,238.246,9.9,4.4,2.787,210085.0,1044821.0,1792146.0,9092.0,13971.0,8950.0,161.746040475143,-0.1488327047932731,0.0803078921252824,0.47244729087148873,-0.013751796735832489,-0.003927168868261388,0.031423290203327126,0.045727136431784166
2009-11-30,,77.27999877929688,74.87999725341797,4.8480000495910645,2.0007998943328857,1171.199951171875,313.20001220703125,16.474815368652344,1095.6300048828125,3.2009999752044678,2.594,2.704,77.19,77.77,210.932,238.246,9.9,4.4,2.775,214081.0,1047435.0,1798088.0,8943.0,13844.0,8401.0,167.56871295985687,0.5893050430205227,0.17879285762577152,0.5772290422913621,-0.007815533877570169,-0.0010752688172043223,-0.004998214923241817,0.04225878833208685
2009-12-07,,73.93000030517578,75.7699966430664,4.9710001945495605,1.940600037574768,1180.1600341796875,299.9200134277344,16.170379638671875,1103.25,3.447999954223633,2.601,2.715,73.89,76.18,209.915,237.235,9.9,4.4,2.772,216334.0,1044166.0,1794359.0,9012.0,13921.0,8137.0,168.03573013759433,1.0285352134541028,-0.03369557833124235,0.46127718928398964,-0.009822790826969019,-0.0043057050592034685,-0.01175213675213671,0.0483566301473366
2009-12-14,,69.51000213623047,76.3499984741211,5.331999778747559,1.82669997215271,1258.239990234375,284.6400146484375,16.266061782836914,1114.1099853515625,3.5460000038146973,2.56,2.672,69.48,71.19,209.915,237.235,9.9,4.4,2.748,217213.0,1040477.0,1781679.0,8963.0,13804.0,7772.0,169.64085685596342,1.1829511736247813,-0.28628671668290995,0.12896398735325357,-0.005181984857230204,-0.00108108108108107,-0.01035344519814363,0.05239179954441919
2009-12-21,,72.47000122070312,78.04000091552734,5.669000148773193,1.8690999746322632,1326.0799560546875,289.2799987792969,16.564491271972656,1114.050048828125,3.681999921798706,2.546,2.658,72.71,72.74,209.915,237.235,9.9,4.4,2.726,216330.0,1035635.0,1767534.0,9045.0,13777.0,7707.0,167.4195688225539,0.9553609437190371,-0.6301355950109859,-0.25520549625769035,-0.006169379835086919,-0.008658008658008476,-0.01505376344086018,0.048054919908467
2009-12-28,,78.7699966430664,77.62999725341797,5.989999771118164,2.018399953842163,1388.800048828125,310.8800048828125,16.88224983215332,1127.780029296875,3.8420000076293945,2.564,2.673,78.67,76.59,209.915,237.235,9.9,4.4,2.732,215964.0,1034096.0,1759407.0,9074.0,13879.0,8027.0,166.6021600176328,0.8407015261737573,-0.8132304546350873,-0.5091140362486685,-0.00784144783474161,-0.008005822416302877,-0.02188733405095078,0.048058439061899216
2010-01-04,,81.51000213623047,77.52999877929688,5.883999824523926,2.1043999195098877,1361.9200439453125,322.1600036621094,17.144622802734375,1132.989990234375,3.8410000801086426,2.627,2.73,81.52,79.05,212.807,242.036,9.8,1.9,2.797,219701.0,1033243.0,1754936.0,8741.0,13792.0,8355.0,175.9417686763528,1.6109864797919018,-0.9777942090930278,-0.6886839118761013,-0.004159751433628678,0.0022010271460015662,-0.015495495495495337,0.0580945003872968
2010-01-11,,82.5199966430664,77.0,5.453999996185303,2.142699956893921,1271.0400390625,324.32000732421875,17.55567741394043,1146.97998046875,3.818000078201294,2.717,2.823,82.54,80.14,212.807,242.036,9.8,1.9,2.879,223492.0,1036941.0,1758478.0,8740.0,14005.0,8895.0,178.99816933638442,2.3339746989584143,-0.8048185281676399,-0.6485283630491011,-0.01111410752697306,0.023792093704245953,0.009018759018759148,0.07576923076923081
2010-01-18,,78.0,77.31999969482422,5.690999984741211,2.0453999042510986,1310.719970703125,307.20001220703125,17.275814056396484,1136.030029296875,3.6760001182556152,2.703,2.813,77.96,76.85,212.807,242.036,9.8,1.9,2.87,227442.0,1036470.0,1756898.0,8602.0,13824.0,8540.0,185.08416647291327,2.9708559188758805,-0.9445927111270872,-0.7480402837335234,-0.017232409245829805,0.02931712549159804,0.047671033478893676,0.06432532347504627
2010-01-25,,75.26000213623047,78.19000244140625,5.7220001220703125,2.0007998943328857,1312.0,294.4800109863281,16.52075958251953,1096.780029296875,3.630000114440918,2.666,2.78,74.9,72.18,212.807,242.036,9.8,1.9,2.833,229427.0,1032581.0,1751163.0,8619.0,13624.0,7867.0,186.33124492400512,3.141487042490953,-1.3571413776869645,-0.9618315916112951,-0.0293814082688435,-0.0031260854463355248,0.05282465150403537,0.024634059264548425
2010-02-01,,74.43000030517578,79.23999786376953,5.434000015258789,1.9321000576019287,1254.4000244140625,293.760009765625,16.412893295288086,1089.18994140625,3.6540000438690186,2.618,2.731,74.41,71.58,209.624,235.748,9.8,1.9,2.781,228121.0,1034898.0,1751934.0,8613.0,13461.0,8426.0,185.399628468594,2.6607953920822975,-1.2099149755601502,-0.9740126083363,-0.04188002421178949,-0.012891986062717797,0.036969253294289794,0.00890313390313402
2010-02-08,,71.88999938964844,80.30000305175781,5.401000022888184,1.8940000534057617,1255.6800537109375,280.7200012207031,15.666586875915527,1056.739990234375,3.5920000076293945,2.611,2.723,71.87,69.62,209.624,235.748,9.8,1.9,2.769,230445.0,1037189.0,1753694.0,8766.0,13590.0,8342.0,184.01950718685833,2.8906974782070805,-1.0273331138129187,-0.953727706784381,-0.044598389177860076,-0.018355100600070617,-0.005720414730067902,-0.007140307033202453
2010-02-15,,74.12999725341797,80.31999969482422,5.4679999351501465,1.9294999837875366,1262.0799560546875,290.4800109863281,16.205909729003906,1075.510009765625,3.693000078201294,2.563,2.678,74.11,71.49,209.624,235.748,9.8,1.9,2.756,232065.0,1040274.0,1751277.0,8521.0,13772.0,8548.0,190.64135664828072,2.9066470288472526,-0.7629281373182083,-1.0641914755266058,-0.043391896691429066,-0.004314994606256728,-0.03820771101076759,-0.007526881720430034
2010-02-22,,80.16000366210938,80.51000213623047,4.894999980926514,2.115799903869629,1153.280029296875,312.239990234375,16.49160385131836,1108.010009765625,3.7990000247955322,2.621,2.731,80.04,76.95,209.624,235.748,9.8,1.9,2.832,231170.0,1043308.0,1752720.0,9064.0,14107.0,9084.0,178.5293468667255,2.5437318544311744,-0.5098041688502153,-1.062267406283075,-0.04484521599945501,-0.0046948356807513525,-0.03972125435540086,-0.01112307140294233
2010-03-01,,78.69999694824219,80.66000366210938,4.678999900817871,2.155600070953369,1091.8399658203125,306.79998779296875,16.517845153808594,1115.7099609375,3.6059999465942383,2.671,2.784,78.71,76.07,209.326,233.103,9.9,1.9,2.861,231943.0,1047340.0,1752368.0,8882.0,14074.0,9236.0,182.7967800045035,2.4635351939559325,-0.16959508592806816,-1.130196940649655,-0.03264307148785839,0.027576197387518153,-0.0003529827038476485,0.020540540540540553
2010-03-08,,81.87000274658203,80.43000030517578,4.5269999504089355,2.2892000675201416,1057.280029296875,318.32000732421875,16.925979614257812,1138.5,3.7079999446868896,2.721,2.829,81.85,78.94,209.326,233.103,9.9,1.9,2.904,228984.0,1048808.0,1747088.0,8992.0,13925.0,8492.0,178.2571174377224,1.9100996558562018,-0.058238639258501645,-1.3724889690490665,-0.024532103214154888,0.010240112994350348,0.02876663070837826,0.032106782106782195
2010-03-15,,79.80000305175781,80.25,4.390999794006348,2.2228000164031982,1021.4400024414062,310.6400146484375,16.879335403442383,1150.510009765625,3.7039999961853027,2.76,2.87,79.79,77.08,209.326,233.103,9.9,1.9,2.924,227274.0,1049820.0,1744645.0,8849.0,13940.0,8428.0,179.7850604588089,1.594997593747816,0.014301536668507048,-1.5099160790962138,-0.0183168359002317,0.015029709891646093,0.04875406283856987,0.056768558951964865
2010-03-22,,81.25,80.6500015258789,4.078999996185303,2.256200075149536,945.9199829101562,316.4800109863281,16.713172912597656,1165.81005859375,3.6630001068115234,2.792,2.897,81.26,78.09,209.326,233.103,9.9,1.9,2.946,224559.0,1057064.0,1744995.0,9087.0,14042.0,9397.0,172.98481346979202,1.2002684345084238,0.6545398399403939,-1.5321951893561363,-0.009012444031678779,0.00688705234159781,0.060957910014513894,0.07263389581804836
2010-03-29,,82.16999816894531,81.36000061035156,3.8420000076293945,2.2613000869750977,899.8400268554688,319.67999267578125,16.724876403808594,1173.219970703125,3.864000082015991,2.765,2.873,81.92,79.89,209.326,233.103,9.9,1.9,2.939,224872.0,1059993.0,1748201.0,9060.0,14234.0,9060.0,173.7421633554084,1.198492999912597,0.8987140284628934,-1.4373256664018248,-0.008348084669474232,0.00752393980848165,0.04025423728813582,0.07833089311859442
2010-04-05,,86.62000274658203,81.08999633789062,4.2769999504089355,2.3501999378204346,980.47998046875,336.55999755859375,17.429912567138672,1187.43994140625,3.99399995803833,2.795,2.897,86.36,84.48,209.219,232.594,9.9,3.9,3.015,222374.0,1062138.0,1755527.0,9076.0,14604.0,9561.0,171.5092551784927,0.868555183150013,1.0695085482905415,-1.174869901257596,-0.0032808958123838883,-0.002376103190767198,0.0272631946871722,0.05076868072935281
2010-04-12,,84.33999633789062,80.55999755859375,4.007999897003174,2.295799970626831,915.2000122070312,327.44000244140625,17.54401206970215,1196.47998046875,3.8459999561309814,2.829,2.933,84.07,85.21,209.219,232.594,9.9,3.9,3.069,221338.0,1059934.0,1755240.0,9325.0,14813.0,8880.0,166.15184986595176,0.7299058603604485,0.8532938221215414,-1.198459448081219,-0.0010651079167340871,0.025859135760462726,0.03822314049586795,0.04723862452240368
2010-04-19,,81.44999694824219,81.0,3.944000005722046,2.2544000148773193,903.6799926757812,320.8800048828125,17.37140464782715,1197.52001953125,3.806999921798706,2.831,2.935,81.52,83.09,209.219,232.594,9.9,3.9,3.074,224925.0,1061826.0,1765982.0,9152.0,14678.0,9613.0,172.03616695804197,1.1354278874150572,1.0280552448804594,-0.7930172656482466,0.01129588754770472,0.017910447761193993,0.049589603283173744,0.06933797909407668
2010-04-26,,84.19999694824219,81.4800033569336,4.26200008392334,2.34089994430542,971.52001953125,322.79998779296875,18.1027774810791,1212.050048828125,3.815000057220459,2.815,2.92,84.2,86.72,209.219,232.594,9.9,3.9,3.078,223685.0,1063788.0,1778874.0,9290.0,14956.0,9681.0,168.54628632938645,0.9617146058511046,1.2264545236619568,-0.30804577179102977,0.01305995960266726,0.001629195177582199,0.04344874405974197,0.0850688316272501
2010-05-03,,86.19000244140625,82.2699966430664,4.0,2.4351000785827637,893.4400024414062,331.67999267578125,17.725379943847656,1202.260009765625,3.7049999237060547,2.864,2.967,86.19,88.09,206.631,227.765,9.6,3.9,3.122,224942.0,1066543.0,1788665.0,9282.0,15146.0,9951.0,169.6395173453997,1.0742199972132818,1.5281187228247854,0.05518842549927862,0.01912241580349483,0.0013012361743656164,0.04729499829874095,0.10679611650485432
2010-05-10,,76.80000305175781,84.16000366210938,4.170000076293945,2.172600030899048,931.8400268554688,297.8399963378906,16.77460289001465,1159.72998046875,3.5390000343322754,2.87,2.976,76.89,78.08,206.631,227.765,9.6,3.9,3.127,222128.0,1068460.0,1792060.0,9140.0,15036.0,9687.0,170.11991247264768,0.716636633964468,1.778664306299066,0.18086965957813392,0.024038389984925468,0.014294996751137212,0.03548922056384729,0.12748284579270486
2010-05-17,,70.08000183105469,86.20999908447266,4.3979997634887695,2.043100118637085,976.6400146484375,271.0400085449219,16.283130645751953,1136.93994140625,3.4719998836517334,2.823,2.932,70.08,73.87,206.631,227.765,9.6,3.9,3.094,221834.0,1068620.0,1793258.0,9092.0,15192.0,9829.0,170.79168499780025,0.6546634419250363,1.8224631252252073,0.22198530726237137,0.01842910574634482,0.0016015374759767997,0.018898664059954218,0.13461538461538458
2010-05-24,,70.20999908447266,86.20999908447266,4.017000198364258,1.9708000421524048,893.4400024414062,257.3599853515625,15.17145824432373,1073.6500244140625,3.2269999980926514,2.741,2.856,68.23,69.62,206.631,227.765,9.6,3.9,3.021,221631.0,1071080.0,1799092.0,9099.0,15085.0,9928.0,170.5041213320145,0.6016234558244687,2.0770066811773216,0.4346049046466683,0.017074103992177347,-0.010553245922609533,0.006506180871828304,0.09251412429378525
2010-05-31,,73.97000122070312,86.4800033569336,4.341000080108643,2.0197999477386475,951.0399780273438,272.32000732421875,15.51958179473877,1089.4100341796875,3.3010001182556152,2.679,2.789,74.0,73.0,206.631,227.765,9.6,3.9,2.98,218984.0,1069176.0,1796826.0,9174.0,15105.0,9455.0,167.09047307608458,0.25960527998633437,1.8526749202862738,0.34377603934505685,0.012740940591215333,-0.02359405300581774,-0.01851851851851849,0.05592450192240461
2010-06-07,24.795000076293945,71.44000244140625,88.4000015258789,4.915999889373779,1.9948999881744385,1075.199951171875,260.7200012207031,14.949113845825195,1050.469970703125,3.184000015258789,2.674,2.778,71.55,71.09,203.764,222.745,9.4,3.9,2.946,218976.0,1067501.0,1796533.0,9194.0,15187.0,9535.0,166.72090493800306,0.22864796516712632,1.693501831686266,0.3405533765827089,0.00942282535867367,-0.013571665011585576,-0.045483664317744976,0.026170798898071723
2010-06-14,25.639999389648438,75.12000274658203,86.51000213623047,5.00600004196167,2.0764000415802,1094.4000244140625,274.6400146484375,15.809211730957031,1089.6300048828125,3.2750000953674316,2.652,2.756,74.99,75.11,203.764,222.745,9.4,3.9,2.928,218340.0,1069190.0,1800968.0,9338.0,15114.0,9699.0,163.67316341829084,0.1151867891932671,1.8360509488117804,0.5126944530775519,0.010802062153861813,-0.011409395973154268,-0.0578829549088582,0.00752393980848165
2010-06-21,26.639999389648438,77.81999969482422,85.93000030517578,4.873000144958496,2.1428000926971436,1056.0,282.6400146484375,16.307415008544922,1113.199951171875,3.243000030517578,2.696,2.794,77.84,78.53,203.764,222.745,9.4,3.9,2.961,217578.0,1071207.0,1803647.0,9241.0,15191.0,10112.0,164.81398117086897,-0.013083862103254755,1.9729667749516302,0.6149827831292526,0.0176382260109067,-0.006109979633401319,-0.05365223012281839,-0.006109979633401319
2010-06-28,26.30500030517578,78.25,85.6500015258789,4.7170000076293945,2.1375999450683594,1021.4400024414062,281.67999267578125,15.217120170593262,1074.5699462890625,3.0320000648498535,2.712,2.807,78.26,76.66,203.764,222.745,9.4,3.9,2.956,218115.0,1069198.0,1807220.0,9462.0,15093.0,9481.0,161.36176284083703,0.035070838182558836,1.7090378150946384,0.7546277905855334,0.021321159129377154,0.01127049180327866,-0.019860973187686204,0.007485539299081356
2010-07-05,24.3799991607666,72.13999938964844,84.43000030517578,4.686999797821045,1.9776999950408936,1007.3599853515625,260.79998779296875,14.511808395385742,1022.5800170898438,2.9790000915527344,2.676,2.774,72.06,71.75,206.877,229.026,9.4,3.1,2.924,219435.0,1064153.0,1807498.0,9449.0,15228.0,9413.0,162.56164673510423,0.19154143200513493,1.199174885028614,0.7734436392746478,0.02838793013705332,-0.0016886187098952288,-0.008053691275167751,-0.019568822553897247
2010-07-12,25.315000534057617,74.94999694824219,84.19999694824219,4.388000011444092,2.0280001163482666,947.2000122070312,270.239990234375,15.42283821105957,1078.75,3.0460000038146973,2.666,2.765,74.93,74.35,206.877,229.026,9.4,3.1,2.903,221036.0,1059095.0,1810684.0,9080.0,15469.0,9281.0,170.40220264317182,0.38762824692919146,0.7256757802841517,0.9101387568944196,0.03494700719665844,-0.010825439783491264,-0.007467752885268242,-0.04724666014988599
2010-07-19,25.614999771118164,76.54000091552734,82.51000213623047,4.510000228881836,2.059000015258789,972.7999877929688,275.67999267578125,15.299416542053223,1071.25,2.9639999866485596,2.672,2.771,76.53,76.29,206.877,229.026,9.4,3.1,2.899,222154.0,1059455.0,1815813.0,9435.0,15517.0,9977.0,164.82013778484367,0.5192269417968814,0.738603601998795,1.1233243037352822,0.028005861988403602,-0.007181942544459585,-0.008538251366120186,-0.055627846454131324
2010-07-26,26.209999084472656,78.9800033569336,82.08999633789062,4.611999988555908,2.105799913406372,988.1599731445312,282.79998779296875,15.943004608154297,1115.010009765625,2.99399995803833,2.703,2.801,78.93,77.9,206.877,229.026,9.4,3.1,2.919,222245.0,1066761.0,1824809.0,9632.0,15462.0,11153.0,161.51526162790697,0.5134924296332033,1.3437973231884852,1.4849039408391995,0.032967452920320106,-0.0013778849466069554,-0.020938872002701725,-0.05815464587394403
2010-08-02,27.329999923706055,81.33999633789062,80.94000244140625,4.701000213623047,2.1684999465942383,1015.0399780273438,291.8399963378906,16.37501335144043,1125.8599853515625,2.9630000591278076,2.687,2.788,81.25,81.93,208.77,232.674,9.5,3.1,2.928,222974.0,1063977.0,1830911.0,9477.0,15575.0,9629.0,164.69536773240478,0.5878663808077434,1.065564437480594,1.732513098250362,0.036644883778641724,0.006898930665746761,-0.012516914749661656,-0.06502242152466364
2010-08-09,27.385000228881836,81.4800033569336,80.70999908447266,4.309000015258789,2.1187000274658203,934.4000244140625,292.239990234375,16.419090270996094,1127.7900390625,2.822000026702881,2.74,2.842,81.46,81.54,208.77,232.674,9.5,3.1,2.991,223383.0,1060976.0,1831034.0,9236.0,15066.0,9441.0,169.30283672585537,0.617764993570633,0.7907096361948165,1.72382669725497,0.03680558941301415,0.0030832476875641834,0.001367989056087593,-0.06363927086664534
2010-08-16,25.399999618530273,75.23999786376953,82.52999877929688,4.228000164031982,1.924299955368042,911.3599853515625,268.8800048828125,15.67557144165039,1079.3800048828125,2.575000047683716,2.696,2.802,75.17,74.56,208.77,232.674,9.5,3.1,2.979,223344.0,1060158.0,1836371.0,9459.0,15238.0,9561.0,165.28258801141772,0.5861192811371811,0.7154804154571329,1.919121823029607,0.040475897922607196,0.021516393442623016,0.030313468825353018,-0.033290239172591995
2010-08-23,24.790000915527344,73.0999984741211,83.12000274658203,4.065999984741211,1.88100004196167,878.0800170898438,259.44000244140625,15.34349536895752,1067.3599853515625,2.6070001125335693,2.653,2.758,72.71,73.08,208.77,232.674,9.5,3.1,2.957,225617.0,1064264.0,1845290.0,9375.0,14890.0,9881.0,168.46069333333335,0.8645451754087432,1.0358267572590574,2.193366436780866,0.04057693610678226,-0.004012036108325012,0.027595722662987265,-0.013902681231380276
2010-08-30,25.8700008392334,74.69999694824219,83.16000366210938,3.812000036239624,1.9341000318527222,819.2000122070312,264.1600036621094,15.087818145751953,1048.9200439453125,2.5450000762939453,2.64,2.743,74.69,76.05,208.77,232.674,9.5,3.1,2.938,225405.0,1067688.0,1849326.0,9386.0,14822.0,9679.0,168.10515661623694,0.8032866287852287,1.283833245937344,2.2363986570750036,0.03291236208042192,-0.007385028533064886,0.013018156903048972,-0.007718120805369155
2010-09-06,25.594999313354492,74.5999984741211,83.0999984741211,3.938999891281128,1.9194999933242798,837.1199951171875,264.7200012207031,15.928311347961426,1104.510009765625,2.7060000896453857,2.647,2.748,74.52,75.03,209.832,235.661,9.5,3.1,2.931,225162.0,1065918.0,1849605.0,9263.0,14912.0,8885.0,170.1537298931232,0.7418115414524227,1.0931860374318552,2.1263616444871585,0.030609610003682786,-0.006425431180250185,0.003415300546448119,-0.0027155465037338455
2010-09-13,26.55500030517578,77.19000244140625,81.91000366210938,3.937999963760376,1.9805999994277954,842.239990234375,272.239990234375,16.151657104492188,1121.9000244140625,2.740999937057495,2.695,2.79,77.17,78.52,209.832,235.661,9.5,3.1,2.943,224468.0,1063429.0,1846687.0,9019.0,15006.0,9027.0,174.21842776361018,0.6116050009755712,0.8520707018532041,1.9154547820414,0.03139618072753292,-0.0023825731790333426,-0.02006018054162484,0.0010245901639345245
2010-09-20,26.665000915527344,74.86000061035156,81.33999633789062,3.822000026702881,1.9495999813079834,820.47998046875,265.760009765625,16.17867660522461,1142.7099609375,2.7060000896453857,2.703,2.806,74.81,79.42,209.832,235.661,9.5,3.1,2.96,226058.0,1063995.0,1849580.0,8847.0,15047.0,9322.0,178.86356957160618,0.8223062277215607,0.8647454915767869,1.9168061526972588,0.01925014392630975,0.004094165813715467,-0.012084592145015116,-0.006079027355623046
2010-09-27,26.489999771118164,76.5199966430664,79.33999633789062,3.799999952316284,1.948799967765808,798.719970703125,265.9200134277344,16.25544548034668,1142.1600341796875,2.5169999599456787,2.668,2.775,76.51,77.71,209.832,235.661,9.5,3.1,2.951,222589.0,1063693.0,1844639.0,9383.0,14666.0,9005.0,166.05808376851755,0.2635199961108253,0.8076306562537245,1.678033153887122,0.004600853718670583,0.005776418620455193,0.00101454176530269,0.0013531799729364913
2010-10-04,27.850000381469727,81.47000122070312,78.44999694824219,3.7269999980926514,2.0933001041412354,761.5999755859375,284.7200012207031,16.56247901916504,1137.030029296875,2.4790000915527344,2.705,2.807,81.43,83.42,216.71,249.885,9.4,2.1,3.0,219943.0,1066536.0,1844479.0,8989.0,14151.0,8926.0,171.27611525197463,-0.1740430986696003,1.0073351233484924,1.6170712194685912,0.003972266052988838,-0.0030405405405404817,0.004424778761061843,0.009233926128590975
2010-10-11,28.1200008392334,82.20999908447266,77.44000244140625,3.6010000705718994,2.1654999256134033,736.0,284.79998779296875,17.27694320678711,1165.3199462890625,2.38100004196167,2.793,2.894,82.18,83.08,216.71,249.885,9.4,2.1,3.066,218174.0,1066283.0,1839968.0,8812.0,13920.0,8128.0,173.31116659101224,-0.46941618354895714,0.9493746652179155,1.4342184622544647,-0.002971441148957199,0.016604540833615733,0.023541453428863823,0.03341370995521875
2010-10-18,28.165000915527344,83.08000183105469,76.93000030517578,3.430999994277954,2.1514999866485596,712.9600219726562,290.239990234375,17.527883529663086,1184.7099609375,2.490999937057495,2.795,2.9,83.06,82.3,216.71,249.885,9.4,2.1,3.073,219329.0,1066948.0,1837944.0,8891.0,13967.0,8600.0,172.6805758632325,-0.32672188902708776,0.9673226761713168,1.3338929965184567,-0.007734284636927158,0.02200000000000002,0.041794087665647295,0.05760607105898585
2010-10-25,27.899999618530273,82.5199966430664,77.0999984741211,3.316999912261963,2.0773000717163086,683.52001953125,284.55999755859375,17.554458618164062,1185.6199951171875,2.553999900817871,2.772,2.879,82.0,81.91,216.71,249.885,9.4,2.1,3.067,214942.0,1071996.0,1838571.0,9358.0,14138.0,9463.0,160.78157726009832,-1.1375489291985086,1.33485211097559,1.3138941454285147,-0.006398372864119373,0.0022831050228311334,0.0381756756756757,0.052757793764987904
2010-11-01,28.46500015258789,82.94999694824219,77.30000305175781,3.8320000171661377,2.092900037765503,706.5599975585938,286.4800109863281,17.510173797607422,1184.3800048828125,2.628000020980835,2.76,2.867,82.94,84.06,219.496,256.596,9.8,2.1,3.067,212253.0,1073946.0,1833111.0,9015.0,13905.0,8578.0,164.81098169717137,-1.6811446546185231,1.4345049995203492,1.119088169624221,-0.008137652250288507,-0.001952489424015602,0.03930870891223326,0.047472677595628454
2010-11-08,29.420000076293945,87.05999755859375,77.02999877929688,4.0879998207092285,2.178499937057495,753.9199829101562,300.239990234375,18.451961517333984,1223.25,2.562999963760376,2.832,2.931,87.07,87.15,219.496,256.596,9.8,2.1,3.116,210336.0,1070399.0,1821024.0,9056.0,14058.0,8089.0,162.58303886925793,-2.095769683164915,1.097715863381315,0.7445526357800342,-0.007422300765087542,0.0,0.022333333333333316,0.025409562019391485
2010-11-15,29.1299991607666,84.86000061035156,78.5199966430664,3.8450000286102295,2.194999933242798,710.4000244140625,292.0,18.487388610839844,1197.75,2.9110000133514404,2.849,2.952,84.88,85.49,219.496,256.596,9.8,2.1,3.184,207679.0,1063113.0,1811920.0,8952.0,14275.0,7864.0,162.39421358355673,-2.570951664395104,0.48774212582099524,0.47205838355705276,-0.0011571650091917185,0.015976524290837846,0.016307893020221842,0.04598858677408524
2010-11-22,27.940000534057617,81.73999786376953,78.68000030517578,4.270999908447266,2.151900053024292,778.239990234375,280.3999938964844,18.71471405029297,1197.8399658203125,2.812999963760376,2.828,2.937,81.24,82.34,219.496,256.596,9.8,2.1,3.171,209592.0,1064141.0,1811662.0,8829.0,14284.0,9024.0,166.17329255861367,-2.190450535178037,0.5434666395170132,0.45365396116876533,0.0006537690100796301,0.021822849807445532,0.03612105434428914,0.07676699357456895
2010-11-29,28.75,85.7300033569336,80.83999633789062,4.210000038146973,2.284600019454956,742.4000244140625,294.239990234375,18.578908920288086,1187.760009765625,2.822000026702881,2.805,2.917,85.73,85.9,219.496,256.596,9.8,2.1,3.162,210153.0,1065206.0,1811618.0,8867.0,14114.0,8446.0,165.9040261644299,-2.0798922329631906,0.6021619220702591,0.4410749866937891,-0.013347276880314785,-0.004082914572864471,0.033909357678513,0.0793056501021101
2010-12-06,30.479999542236328,89.37999725341797,79.56999969482422,4.48799991607666,2.3417000770568848,791.0399780273438,305.760009765625,19.497079849243164,1223.1199951171875,2.940999984741211,2.917,3.027,89.33,91.25,227.13,271.509,9.3,2.1,3.197,213964.0,1061072.0,1805989.0,9171.0,14903.0,9053.0,163.3134881692291,-1.3503872895256113,0.24849975223427415,0.27581379312463045,-0.017262150517144637,-0.002838221381267658,0.03097489403325726,0.0788126919140224
2010-12-13,30.450000762939453,88.61000061035156,79.27999877929688,4.420000076293945,2.3183999061584473,774.4000244140625,303.1199951171875,19.62108039855957,1240.4599609375,3.2829999923706055,2.937,3.047,88.62,90.4,227.13,271.509,9.3,2.1,3.231,214773.0,1051218.0,1790354.0,9349.0,14974.0,7690.0,160.8098192320034,-1.1895009616036099,-0.5667412001685632,-0.16690926633275066,-0.014428612550374309,0.011068943706515011,0.025994865211810048,0.0863064899762147
2010-12-20,30.375,88.80999755859375,80.62999725341797,4.236999988555908,2.3777999877929688,742.4000244140625,304.3999938964844,19.66684913635254,1247.0799560546875,3.3489999771118164,2.934,3.046,88.68,91.31,227.13,271.509,9.3,2.1,3.248,217173.0,1045883.0,1784349.0,9213.0,14926.0,8741.0,165.00716379029632,-0.7581129617576944,-1.029844341278677,-0.33959989643043054,-0.0043184942370730894,0.010634970284641776,0.014761306532663276,0.09155405405405403
2010-12-27,31.075000762939453,91.0,80.37000274658203,4.111999988555908,2.4209001064300537,721.9199829101562,309.67999267578125,19.91890525817871,1257.5400390625,3.3510000705718994,3.015,3.124,90.99,93.08,227.13,271.509,9.3,2.1,3.294,214857.0,1044625.0,1775190.0,9399.0,14929.0,8813.0,160.01691669326524,-1.1629725077153892,-1.1773758574481394,-0.607818186094104,0.005881382949486147,0.0052615289384092545,0.02428256070640189,0.10064384954252792
2011-01-03,31.645000457763672,91.55000305175781,79.12999725341797,4.650000095367432,2.427299976348877,807.6799926757812,312.3999938964844,20.390413284301758,1271.8699951171875,3.3420000076293945,3.034,3.142,91.59,95.82,229.258,275.816,9.1,-0.9,3.331,218146.0,1040464.0,1768864.0,8853.0,14988.0,8446.0,172.48638879475882,-0.5885374448807069,-1.5884552191885577,-0.7998834722869297,0.01980170827497174,0.014162561576354538,0.04174573055028463,0.09800000000000009
2011-01-10,31.610000610351562,89.25,80.87999725341797,4.39900016784668,2.4542999267578125,764.1599731445312,305.3599853515625,20.16800880432129,1269.75,3.303999900817871,3.052,3.157,89.24,95.05,229.258,275.816,9.1,-0.9,3.333,223227.0,1038071.0,1769567.0,8819.0,14728.0,8895.0,177.18437464565142,0.2905363077767295,-1.8504915245871236,-0.7937317909175561,0.010828906654275494,0.011232544019429191,0.04191429465123542,0.0864318330071756
2011-01-17,32.79499816894531,91.54000091552734,79.16000366210938,4.480000019073486,2.4946000576019287,780.7999877929688,311.3599853515625,20.950885772705078,1293.239990234375,3.3329999446868896,3.068,3.174,91.53,97.86,229.258,275.816,9.1,-0.9,3.407,227670.0,1040687.0,1771930.0,8775.0,14339.0,8999.0,181.617094017094,1.0546915012276752,-1.6273370361348474,-0.7367953686012035,-0.003889900197240226,0.0006004202942060388,0.03156917363045508,0.0846078750406769
2011-01-24,32.154998779296875,87.87000274658203,78.05000305175781,4.579999923706055,2.4131999015808105,798.719970703125,295.44000244140625,20.86488914489746,1290.8399658203125,3.4079999923706055,3.074,3.18,86.74,96.76,229.258,275.816,9.1,-0.9,3.43,230074.0,1045523.0,1774326.0,8632.0,14127.0,9385.0,186.57530120481928,1.4657223567267808,-1.2220341223307596,-0.6818838690590967,-0.016273772606273496,0.02220222022202223,0.04895320197044328,0.11085751548744693
2011-01-31,33.505001068115234,92.19000244140625,77.73999786376953,4.420000076293945,2.490600109100342,766.719970703125,308.8800048828125,21.692237854003906,1286.1199951171875,3.378000020980835,3.061,3.169,90.99,98.97,229.258,275.816,9.1,-0.9,3.438,236228.0,1048117.0,1779865.0,8549.0,14302.0,9014.0,193.42566382032987,2.5121577248579086,-1.0558808724325408,-0.5418818644800198,-0.037349066959385335,0.006750807161725936,0.041287188828172505,0.11835670035865675
2011-02-07,33.189998626708984,87.4800033569336,78.02999877929688,4.104000091552734,2.450500011444092,715.52001953125,293.2799987792969,22.11037254333496,1319.050048828125,3.6440000534057617,3.094,3.202,86.3,99.44,232.068,280.015,9.0,-0.9,3.513,240891.0,1049948.0,1782974.0,8524.0,14344.0,8909.0,197.82226654152979,3.1331458278567865,-0.9476318459806332,-0.4738234390712363,-0.045562602394986995,0.0023323615160348865,0.03212248574001797,0.1033376123234917
2011-02-14,34.279998779296875,84.80999755859375,78.61000061035156,3.924999952316284,2.517400026321411,684.7999877929688,287.0400085449219,22.46029281616211,1332.3199462890625,3.614000082015991,3.095,3.203,83.66,103.12,232.068,280.015,9.0,-0.9,3.534,241096.0,1050807.0,1774588.0,8810.0,13863.0,8266.0,191.56322360953462,2.9204837262751377,-0.9241319009311981,-0.7522827955509066,-0.053175444748148615,0.021815008726003393,0.05400540054005387,0.10332914572864316
2011-02-21,34.23500061035156,86.19999694824219,77.66000366210938,3.875999927520752,2.551300048828125,665.5999755859375,290.8800048828125,22.83987045288086,1343.010009765625,3.5889999866485596,3.141,3.251,85.03,102.2,232.068,280.015,9.0,-0.9,3.573,238298.0,1051629.0,1762502.0,9101.0,13535.0,8106.0,183.28601252609604,2.3326779515850573,-0.888944205869173,-1.149442901532891,-0.05279257256128833,0.005977796754910392,0.03727619606692101,0.11447492904446555
2011-02-28,37.15999984741211,96.97000122070312,76.88999938964844,4.0370001792907715,2.729599952697754,689.9199829101562,313.5199890136719,23.290616989135742,1327.219970703125,3.4140000343322754,3.341,3.446,97.1,112.27,232.068,280.015,9.0,-0.9,3.716,234708.0,1051265.0,1755973.0,9162.0,13798.0,8010.0,179.32285527177473,1.7346809846591122,-0.9665912175638076,-1.366469893869028,-0.039996622620002475,0.011035653650254718,0.04169096209912526,0.1299810246679316
2011-03-07,38.08000183105469,105.44000244140625,76.5,3.927000045776367,3.0039000511169434,670.719970703125,338.9599914550781,23.068212509155273,1310.1300048828125,3.496999979019165,3.473,3.576,105.37,116.58,240.079,294.915,9.0,-0.9,3.871,229214.0,1053641.0,1749560.0,9192.0,13943.0,8300.0,174.55374238468232,0.9534959126083202,-0.7256557189145459,-1.5721995186587407,-0.023752162356018736,0.04002239014833475,0.0808609656777195,0.16233969346262134
2011-03-14,37.73500061035156,101.19000244140625,76.3499984741211,3.9140000343322754,2.9602999687194824,666.8800048828125,327.2799987792969,22.395057678222656,1296.3900146484375,3.3469998836517334,3.517,3.626,101.2,112.95,240.079,294.915,9.0,-0.9,3.908,225040.0,1055386.0,1744438.0,8830.0,14182.0,8681.0,178.40090600226503,0.3797257122245052,-0.5514069751642503,-1.737073855942086,-0.005851714394163099,0.04171151776103321,0.1019072018218048,0.1980810894459919
2011-03-21,38.09000015258789,102.33000183105469,75.4000015258789,4.160999774932861,2.9974000453948975,711.0399780273438,329.0400085449219,23.113134384155273,1298.3800048828125,3.322999954223633,3.507,3.617,102.36,114.92,240.079,294.915,9.0,-0.9,3.907,219720.0,1057517.0,1743540.0,9074.0,14349.0,8987.0,169.49966938505622,-0.3453191885207962,-0.33213233235271433,-1.7645380542168847,-0.005263590755818726,0.00955825368121932,0.10582908885116016,0.20320197044334964
2011-03-28,38.04499816894531,103.9800033569336,76.12999725341797,4.374000072479248,3.027400016784668,741.1199951171875,331.3599853515625,23.357131958007812,1310.18994140625,3.447999954223633,3.538,3.647,103.54,115.95,240.079,294.915,9.0,-0.9,3.932,217036.0,1060462.0,1746869.0,8866.0,14332.0,9128.0,171.35709451838483,-0.7018538032105518,-0.005590268423219486,-1.657419733233895,-0.00597653251453012,-0.0002558853633571889,0.09347886929750904,0.18609593199757124
2011-04-04,40.10499954223633,108.47000122070312,75.91000366210938,4.289000034332275,3.168800115585327,718.0800170898438,346.0799865722656,23.815349578857422,1332.8699951171875,3.430999994277954,3.635,3.737,108.14,120.07,247.977,310.115,9.1,2.7,3.976,216679.0,1062078.0,1746775.0,8853.0,14371.0,8950.0,171.32644301366767,-0.7279052645084834,0.17319063443320817,-1.6573451722179435,-0.01368793697810522,0.006398771435884187,0.05812701829924638,0.18042629840888624
2011-04-11,40.93000030517578,109.91999816894531,75.05999755859375,4.107999801635742,3.200500011444092,689.9199829101562,349.1199951171875,23.252981185913086,1324.4599609375,3.569999933242798,3.743,3.842,109.5,126.46,247.977,310.115,9.1,2.7,4.078,209679.0,1063705.0,1741824.0,9181.0,14017.0,8571.0,159.86853283955995,-1.6647347148314748,0.35433547512187596,-1.791435593020303,-0.022525650578021916,0.011190233977619535,0.027124773960216952,0.19291929192919288
2011-04-18,40.4900016784668,107.12000274658203,75.5,4.138000011444092,3.2527999877929688,691.2000122070312,343.0400085449219,22.625181198120117,1305.1400146484375,3.371000051498413,3.787,3.887,106.7,121.69,247.977,310.115,9.1,2.7,4.105,208096.0,1061383.0,1735085.0,9062.0,14104.0,8053.0,160.74508938424188,-1.8027924587612598,0.08783090527156343,-1.9660736990336176,-0.012594298889210376,0.025653923541247625,0.04350051177072678,0.19694746110948058
2011-04-25,41.1150016784668,112.27999877929688,73.98999786376953,4.388999938964844,3.3229000568389893,732.1599731445312,356.239990234375,23.37795066833496,1335.25,3.36299991607666,3.817,3.916,111.68,123.64,247.977,310.115,9.1,2.7,4.098,205588.0,1067539.0,1737994.0,9148.0,14077.0,9266.0,157.31482291211194,-2.034993616878755,0.7729594648415294,-1.8105460422113815,-0.012736069198394206,0.006620892594409122,0.05067826977220391,0.19679300291545188
2011-05-02,41.47999954223633,113.5199966430664,72.94999694824219,4.692999839782715,3.347899913787842,775.0399780273438,359.44000244140625,23.62788963317871,1361.219970703125,3.2860000133514404,3.906,4.004,113.03,126.64,250.744,314.859,9.0,2.7,4.124,204542.0,1070960.0,1745515.0,8943.0,14059.0,8877.0,160.1022028402102,-2.047554830272367,1.1399383300352115,-1.5219579921889375,-0.004695867087738614,-0.001705237515225444,0.04221770091556465,0.19197207678883066
2011-05-09,38.54999923706055,102.55000305175781,74.73999786376953,4.1539998054504395,3.27839994430542,689.280029296875,326.9599914550781,22.646005630493164,1346.2900390625,3.1419999599456787,3.907,4.009,100.32,113.21,250.744,314.859,9.0,2.7,4.104,205817.0,1074592.0,1751789.0,8826.0,14108.0,8964.0,163.2357806480852,-1.7745326675666664,1.5194454774085933,-1.289631371828228,-0.0015093350470134492,0.006344558321132121,0.037223340040241304,0.17392541986905763
2011-05-16,36.7400016784668,97.37000274658203,75.47000122070312,4.317999839782715,2.9310998916625977,711.6799926757812,308.0799865722656,21.78908348083496,1329.469970703125,3.1489999294281006,3.905,4.01,96.91,113.72,250.744,314.859,9.0,2.7,4.061,205936.0,1074577.0,1751723.0,9048.0,14347.0,8570.0,159.32272325375772,-1.6733860728188037,1.4820386586150343,-1.2500116438161644,-0.010608323356080196,-0.004849660523763233,0.006375674350171501,0.16129032258064524
2011-05-23,36.70000076293945,97.69999694824219,76.0999984741211,4.3460001945495605,2.9381000995635986,712.3200073242188,307.760009765625,21.860490798950195,1317.3699951171875,3.134000062942505,3.788,3.9,97.06,110.13,250.744,314.859,9.0,2.7,3.997,209730.0,1075193.0,1758484.0,9025.0,14841.0,9232.0,162.67146814404433,-1.1644688477426828,1.514317825243137,-1.0248129809393518,-0.010901251962140757,-0.010477582846003974,-0.010718635809987886,0.13657990484186966
2011-05-30,38.2599983215332,100.58999633789062,74.94999694824219,4.51800012588501,3.0920000076293945,734.719970703125,317.67999267578125,22.71442985534668,1331.0999755859375,3.063999891281128,3.741,3.842,100.58,114.85,250.744,314.859,9.0,2.7,3.948,212283.0,1078071.0,1765721.0,9431.0,14851.0,9518.0,157.563460926731,-0.8375802486289834,1.7926240680790795,-0.7974589646995697,-0.014129625241206423,-0.01575966510711646,-0.024646168862859974,0.07561894510226042
2011-06-06,37.93000030517578,99.01000213623047,73.94999694824219,4.827000141143799,2.949899911880493,782.719970703125,312.0,21.887271881103516,1286.1700439453125,3.002000093460083,3.738,3.827,99.07,115.4,245.534,304.321,9.1,2.7,3.94,214492.0,1073439.0,1767412.0,9163.0,15112.0,8600.0,163.8594346829641,-0.5711508171240625,1.256686499687144,-0.7309963545220971,-0.0012497858869355838,-0.012259194395796813,-0.04267701260911727,0.019891500904159143
2011-06-13,39.46500015258789,97.30000305175781,74.51000213623047,4.645999908447266,2.996799945831299,753.9199829101562,306.0799865722656,21.47368049621582,1271.8299560546875,2.990999937057495,3.664,3.761,97.2,120.49,245.534,304.321,9.1,2.7,3.954,215065.0,1070033.0,1766790.0,9370.0,14869.0,8638.0,160.6675560298826,-0.49605359658813486,0.8845714138956128,-0.7289612121022713,0.008080786718832611,-0.0020263424518743856,-0.0399610136452242,0.008188331627430934
2011-06-20,37.2400016784668,93.26000213623047,75.02999877929688,4.316999912261963,2.9114999771118164,700.1599731445312,293.760009765625,21.466257095336914,1278.3599853515625,2.9630000591278076,3.597,3.702,93.23,112.21,245.534,304.321,9.1,2.7,3.95,214601.0,1068311.0,1769874.0,9319.0,15278.0,9149.0,161.19830453911365,-0.5394687450507513,0.706738332430848,-0.6257623300846166,0.01686467237069711,0.0035532994923859196,-0.026348190100960345,0.012029690299462548
2011-06-27,35.53499984741211,90.61000061035156,75.38999938964844,4.25600004196167,2.807499885559082,689.280029296875,285.1199951171875,21.296037673950195,1280.0999755859375,2.927000045776367,3.513,3.621,90.65,104.57,245.534,304.321,9.1,2.7,3.888,213173.0,1063936.0,1769551.0,9261.0,15247.0,8878.0,161.12849584278155,-0.6899592029345726,0.2692737982059459,-0.6152453669939176,0.024777993910690244,-0.0010116337885685,-0.011758819114335628,0.004577822990844416
2011-07-04,37.21500015258789,94.94000244140625,74.3499984741211,4.310999870300293,2.972599983215332,695.6799926757812,297.20001220703125,22.714570999145508,1339.6700439453125,3.197000026702881,3.534,3.635,94.81,109.82,246.187,304.901,9.0,-0.1,3.85,212539.0,1063063.0,1770044.0,9309.0,15315.0,9854.0,159.82092598560533,-0.7463534144330091,0.1915745067897475,-0.5816736723452939,0.020539006132088478,-0.01569620253164561,-0.015197568389057725,-0.02213279678068414
2011-07-11,38.86000061035156,95.1500015258789,75.98999786376953,4.288000106811523,3.070499897003174,689.9199829101562,298.32000732421875,22.418922424316406,1319.489990234375,2.9170000553131104,3.608,3.707,95.16,117.35,246.187,304.901,9.0,-0.1,3.899,211699.0,1059939.0,1774358.0,9016.0,15218.0,9000.0,164.36257763975155,-0.8199632906014043,-0.1271301175638256,-0.4474090397026604,0.024857231723650397,-0.009773662551440299,-0.022842639593908642,-0.055909759686120664
2011-07-18,38.85499954223633,95.93000030517578,75.4800033569336,4.546000003814697,3.097399950027466,730.239990234375,300.7200012207031,22.875844955444336,1305.43994140625,2.9089999198913574,3.648,3.75,95.94,117.05,246.187,304.901,9.0,-0.1,3.923,212456.0,1056212.0,1778156.0,9028.0,15621.0,9343.0,164.73105892778023,-0.7130054500148836,-0.5118624661708151,-0.3285114922988136,0.015257483255917359,0.012727272727272698,-0.013909964592817459,-0.050182704019488544
2011-07-25,39.31999969482422,99.19999694824219,74.05999755859375,4.386000156402588,3.1263999938964844,703.3599853515625,309.44000244140625,23.71502113342285,1337.4300537109375,3.003999948501587,3.667,3.777,98.97,118.27,246.187,304.901,9.0,-0.1,3.949,213478.0,1056240.0,1787318.0,8999.0,15360.0,9840.0,166.05689521057894,-0.579180034290289,-0.5014559903107173,-0.06653598154904837,0.008120335149148117,0.006155424467812365,-0.0068354430379746756,-0.042703757930697805
2011-08-01,39.07500076293945,94.88999938964844,74.26000213623047,4.188000202178955,3.053999900817871,677.1199951171875,297.6000061035156,22.798194885253906,1286.93994140625,2.740000009536743,3.684,3.792,94.98,116.37,246.88,306.276,9.0,-0.1,3.937,215179.0,1052688.0,1785372.0,9215.0,15489.0,9134.0,163.4566467715681,-0.3754521481426906,-0.8458034842458213,-0.10001138646450948,0.0022501935251264538,0.006627580932959454,0.01568930041152261,-0.04243452958292915
2011-08-08,34.6150016784668,81.30999755859375,74.79000091552734,3.934999942779541,2.6916000843048096,638.719970703125,252.0800018310547,18.599315643310547,1119.4599609375,2.3389999866485596,3.646,3.753,81.27,103.06,246.88,306.276,9.0,-0.1,3.897,213591.0,1045073.0,1774740.0,9244.0,15624.0,9100.0,161.74134573777584,-0.5318682883896966,-1.595946328487872,-0.3665986076781328,0.00021432224304152037,-0.003038743985819159,0.022597402597402505,-0.040692007797271
2011-08-15,36.709999084472656,87.87999725341797,73.83999633789062,4.02400016784668,2.874500036239624,650.239990234375,273.760009765625,20.6718807220459,1204.489990234375,2.2850000858306885,3.576,3.686,87.88,108.89,246.88,306.276,9.0,-0.1,3.835,210081.0,1043392.0,1773372.0,9195.0,15419.0,9285.0,159.9311582381729,-0.8925408112992552,-1.6953080084943721,-0.37909566098525194,0.006486851235302682,-0.010160020320040597,-0.0005129520389843822,-0.04038414183698602
2011-08-22,36.154998779296875,84.12000274658203,74.06999969482422,3.8889999389648438,2.835099935531616,623.3599853515625,261.760009765625,18.733699798583984,1123.8199462890625,2.0880000591278076,3.552,3.658,84.42,108.83,246.88,306.276,9.0,-0.1,3.81,211436.0,1036377.0,1772545.0,9009.0,15663.0,8808.0,164.2859362859363,-0.7145740315927156,-2.2994943411766067,-0.37500529887591383,0.011660371509797374,-0.015909674108288363,-0.022431812388478245,-0.04053039779834877
2011-08-29,37.5099983215332,87.2699966430664,73.72000122070312,3.8570001125335693,2.906399965286255,618.8800048828125,271.67999267578125,20.226898193359375,1210.0799560546875,2.2709999084472656,3.601,3.703,87.27,112.29,246.88,306.276,9.0,-0.1,3.82,208641.0,1036932.0,1772165.0,9229.0,15444.0,9607.0,158.2497562032723,-0.9891206898904504,-2.0937457479753463,-0.35602755923612006,0.012723343766135153,-0.006518904823989535,-0.035198784502405656,-0.03495440729483279
2011-09-05,37.61000061035156,86.44999694824219,74.75,3.871999979019165,2.839600086212158,621.4400024414062,269.1199951171875,19.775955200195312,1173.969970703125,1.996000051498413,3.643,3.742,86.45,115.92,248.55,309.168,9.0,-0.1,3.868,208840.0,1028085.0,1762950.0,8956.0,15450.0,8565.0,163.22912014292095,-0.9305454278699843,-2.760749389801848,-0.5992953907237926,0.013448139535872317,0.002624671916010346,-0.029718059436118827,-0.030456852791878153
2011-09-12,37.279998779296875,88.19000244140625,77.56999969482422,3.884999990463257,2.7381999492645264,629.760009765625,275.3599853515625,19.471332550048828,1162.27001953125,1.9299999475479126,3.629,3.728,88.19,114.75,248.55,309.168,9.0,-0.1,3.862,210780.0,1020381.0,1757329.0,8848.0,15024.0,8542.0,166.75632911392404,-0.6862894639957213,-3.1734767991055026,-0.7448418139237811,0.006146752111483966,0.012565445026178068,-0.007441621760328476,-0.021750126454223695
2011-09-19,36.814998626708984,85.69999694824219,77.38999938964844,3.8289999961853027,2.696500062942505,618.8800048828125,266.32000732421875,19.79663848876953,1204.0899658203125,1.940000057220459,3.56,3.666,85.7,112.89,248.55,309.168,9.0,-0.1,3.833,214075.0,1013045.0,1752077.0,8858.0,15307.0,8351.0,169.1719349740348,-0.3028823008880332,-3.411065015707374,-0.8869199765600305,-0.0030851326394266687,-0.0015511892450877918,0.007040417209908778,-0.02227848101265828
2011-09-26,35.29999923706055,80.23999786376953,78.36000061035156,3.7820000648498535,2.5694000720977783,604.1599731445312,251.75999450683594,18.24060821533203,1162.949951171875,1.9040000438690186,3.461,3.573,79.97,107.9,248.55,309.168,9.0,-0.1,3.786,214866.0,1014974.0,1753203.0,8964.0,15177.0,9702.0,167.789156626506,-0.1942106277039896,-2.888889889964348,-0.8274038399988591,-0.007284997883010291,-0.007509062661833266,0.0060367454068241955,-0.014146090534979394
2011-10-03,33.70000076293945,77.61000061035156,79.44999694824219,3.617000102996826,2.510999917984009,567.6799926757812,237.9199981689453,16.945425033569336,1099.22998046875,1.784999966621399,3.381,3.495,77.34,103.61,246.655,305.963,8.8,4.6,3.749,213729.0,1010295.0,1748571.0,8959.0,15104.0,8700.0,166.99441901997992,-0.3032549081641996,-2.931718610111886,-0.968454959978459,-0.013735444687683618,-0.012261935820506165,-0.008900523560209428,-0.01662337662337665
2011-10-10,36.724998474121094,85.41000366210938,77.5999984741211,3.5409998893737793,2.6953001022338867,559.3599853515625,265.9200134277344,19.08608055114746,1194.8900146484375,2.0759999752044678,3.368,3.481,85.14,109.49,246.655,305.963,8.8,4.6,3.721,209595.0,1011531.0,1747063.0,9010.0,14541.0,9086.0,162.8374028856826,-0.7434636567983169,-2.589776687243606,-1.0084736838067418,-0.013589375540401849,-0.00977284733227679,-0.03076525336090996,-0.03847140292382656
2011-10-17,37.709999084472656,86.37999725341797,77.13999938964844,3.687999963760376,2.7428998947143555,574.719970703125,267.44000244140625,19.604759216308594,1200.8599853515625,2.1549999713897705,3.431,3.54,86.38,112.92,246.655,305.963,8.8,4.6,3.801,206271.0,1006797.0,1736136.0,8598.0,14407.0,7921.0,167.9340544312631,-1.084454845317259,-2.6604625815702745,-1.4228361755635612,-0.009521964594385146,-0.0074686583088823255,-0.03650958052822373,-0.05149120570991583
2011-10-24,38.154998779296875,91.2699966430664,76.0199966430664,3.6040000915527344,2.688800096511841,557.4400024414062,283.0400085449219,20.82200813293457,1254.18994140625,2.2339999675750732,3.415,3.529,91.12,111.67,246.655,305.963,8.8,4.6,3.825,204918.0,1011532.0,1736836.0,8501.0,14660.0,9373.0,168.73614868838962,-1.1927631813408297,-2.193298422419831,-1.3868265523124037,-0.01610350549457573,0.021499596882558425,-0.00834855204800422,-0.03747784249177
2011-10-31,37.5,93.19000244140625,76.16999816894531,3.934000015258789,2.642899990081787,576.6400146484375,285.9200134277344,20.899953842163086,1253.300048828125,2.174999952316284,3.405,3.52,93.19,108.43,246.655,305.963,8.8,4.6,3.892,206274.0,1013358.0,1738642.0,8518.0,14693.0,8954.0,169.51373561868982,-1.0118132658562542,-1.9663795258296686,-1.315815046106547,-0.027148606718650603,0.006314127861089203,0.010301109350237647,-0.028448056896113738
2011-11-07,39.39500045776367,95.5199966430664,76.95999908447266,3.696000099182129,2.7281999588012695,543.3599853515625,296.7200012207031,21.481592178344727,1261.1199951171875,1.99399995803833,3.37,3.483,95.52,114.75,247.64,308.587,8.6,4.6,3.887,204167.0,1011770.0,1723081.0,8671.0,14335.0,8618.0,164.8217045323492,-1.2137160735623194,-1.9461121405017123,-2.062719379717471,-0.03836285993219535,0.017516339869281028,0.03814350493464924,-0.0012830382345393465
2011-11-14,38.474998474121094,98.13999938964844,77.55999755859375,3.4579999446868896,2.5353000164031982,507.5199890136719,302.8800048828125,21.379655838012695,1251.780029296875,2.0429999828338623,3.388,3.502,98.14,112.57,247.64,308.587,8.6,4.6,3.987,205159.0,1010713.0,1714379.0,8625.0,14679.0,8565.0,166.50585507246376,-1.0842180911481243,-1.8963310784474203,-2.4531716506207717,-0.04699352609658691,-0.001284686536485058,0.04461166353130874,0.013559322033898313
2011-11-21,37.13999938964844,96.91999816894531,78.30000305175781,3.3989999294281006,2.489000082015991,502.3999938964844,300.7200012207031,20.066469192504883,1192.97998046875,1.9620000123977661,3.312,3.426,96.73,105.98,247.64,308.587,8.6,4.6,4.01,209634.0,1004495.0,1710481.0,8592.0,14796.0,8319.0,170.79120111731845,-0.6085838839401364,-2.0963946560319937,-2.5436257012155354,-0.045575816704001015,0.02572678157962449,0.048934490923441265,0.04645669291338583
2011-11-28,37.65999984741211,98.20999908447266,79.29000091552734,3.364000082015991,2.5181000232696533,500.4800109863281,302.79998779296875,19.853605270385742,1192.550048828125,1.9579999446868896,3.248,3.367,98.21,109.38,247.64,308.587,8.6,4.6,3.964,209847.0,1008427.0,1718142.0,8769.0,14565.0,9061.0,167.51385562777966,-0.5865505562395155,-1.7880682968849757,-2.0692014851483242,-0.04255929446014217,0.0057687484324051574,0.04836601307189525,0.04973821989528804
2011-12-05,38.0,100.98999786376953,78.61000061035156,3.4609999656677246,2.6136999130249023,488.32000732421875,312.0799865722656,21.373655319213867,1257.0799560546875,2.053999900817871,3.24,3.355,100.94,110.18,243.353,300.662,8.5,4.6,3.931,214994.0,1009576.0,1727473.0,8574.0,15247.0,9436.0,175.52577560065313,-0.050701437774952146,-1.646348850699889,-1.5639993095825784,-0.03537217756957323,-0.011471321695760595,0.018499486125385323,0.024819027921406445
2011-12-12,37.2400016784668,97.7699966430664,79.56999969482422,3.253999948501587,2.5636000633239746,456.9599914550781,303.0400085449219,20.552173614501953,1236.469970703125,2.009000062942505,3.244,3.362,97.77,107.82,243.353,300.662,8.5,4.6,3.894,218818.0,1007644.0,1729477.0,8666.0,14657.0,8322.0,176.75121163166398,0.34481920011563616,-1.655881375516158,-1.4361259384258185,-0.036840920540662236,-0.008324924318869775,0.01131978389503474,0.017866390471258375
2011-12-19,35.904998779296875,93.87999725341797,80.25,3.0959999561309814,2.4890999794006348,439.0400085449219,289.6000061035156,19.564298629760742,1205.3499755859375,1.812999963760376,3.183,3.306,93.86,104.55,243.353,300.662,8.5,4.6,3.828,218406.0,997074.0,1711308.0,8879.0,14604.0,7581.0,172.18628223899088,0.2935788637814026,-2.042175385349625,-2.323207966920416,-0.03428427891159391,-0.009412363266344426,-0.02332580887885627,0.015914427341507942
2011-12-26,37.349998474121094,99.68000030517578,80.01000213623047,3.114000082015991,2.6872000694274902,435.20001220703125,307.9200134277344,20.955289840698242,1265.3299560546875,2.0299999713897705,3.213,3.326,99.72,109.28,243.353,300.662,8.5,4.6,3.791,217714.0,1000973.0,1714409.0,8923.0,14585.0,8990.0,170.79435167544548,0.21911882089188403,-1.7611414305851951,-2.03121013878863,-0.025575359653495,-0.016949152542372947,-0.04538653366583545,0.011093502377178988
2012-01-02,37.31999969482422,98.83000183105469,80.16999816894531,2.989000082015991,2.686300039291382,413.44000244140625,304.8800048828125,20.81378173828125,1257.5999755859375,1.871000051498413,3.254,3.368,98.83,108.09,244.876,306.17,8.3,3.4,3.783,220193.0,1003182.0,1717810.0,8556.0,14756.0,9024.0,180.1485507246377,0.4705534740373303,-1.5861100645595905,-1.753145042815491,-0.020272188432851834,-0.009665621734587182,-0.04364278506559027,0.011202987463323488
2012-01-09,39.04499816894531,101.30999755859375,81.05000305175781,3.010999917984009,2.759000062942505,417.9200134277344,312.6400146484375,21.310569763183594,1280.699951171875,1.9600000381469727,3.333,3.448,101.31,111.07,244.876,306.17,8.3,3.4,3.828,223803.0,1005007.0,1724115.0,8179.0,14937.0,9907.0,191.5418755349065,0.8397778049409893,-1.4473326373024127,-1.367083375854721,-0.02014956690159775,-0.0021102611448167163,-0.037649453065377814,0.016662187583982746
2012-01-16,38.630001068115234,98.69999694824219,81.43000030517578,2.6700000762939453,2.7342000007629395,362.8800048828125,305.2799987792969,20.90711784362793,1289.0899658203125,1.8530000448226929,3.342,3.459,98.69,109.88,244.876,306.17,8.3,3.4,3.854,227520.0,1001569.0,1722052.0,7996.0,14585.0,8265.0,199.17958979489745,1.222569716020949,-1.5291267411740634,-1.407637589309311,-0.0324415184199468,0.011895321173671647,-0.016949152542372947,0.00710339384372527
2012-01-23,38.57500076293945,99.58000183105469,79.69000244140625,2.5250000953674316,2.777899980545044,355.20001220703125,307.1199951171875,21.66283416748047,1316.0,2.066999912261963,3.333,3.453,99.47,109.46,244.876,306.17,8.3,3.4,3.848,227130.0,1005127.0,1717777.0,8098.0,14306.0,8853.0,196.33366263274883,1.1829440737705563,-1.3303831149981054,-1.5480306142881965,-0.05559345156889495,0.006792058516196464,0.006792058516196464,0.007581699346405291
2012-01-30,38.599998474121094,98.77999877929688,79.16000366210938,2.7130000591278076,2.870699882507324,360.9599914550781,304.0799865722656,21.418954849243164,1313.010009765625,1.8370000123977661,3.386,3.51,98.75,110.24,244.876,306.17,8.3,3.4,3.85,230147.0,1009302.0,1725831.0,8018.0,14217.0,8880.0,200.92654028436021,1.5133561243857823,-1.1219869612326412,-1.1113559835956717,-0.07768163173568576,-0.0015568240788791377,0.015035610656818799,-0.01130524152106882
2012-02-06,40.5,96.91000366210938,79.08999633789062,2.549999952316284,2.9279000759124756,349.44000244140625,298.6400146484375,22.171661376953125,1344.3299560546875,1.9010000228881836,3.436,3.558,96.89,115.47,248.898,316.625,8.3,3.4,3.856,231776.0,1009593.0,1729988.0,8039.0,14397.0,8413.0,201.82012688145292,1.735749774106607,-1.071313667224674,-0.8791138516477431,-0.09175427474788556,0.0005197505197505059,0.017710811525244452,-0.009518909184460966
2012-02-13,40.8849983215332,100.91000366210938,78.94000244140625,2.430999994277954,3.012500047683716,331.5199890136719,309.5199890136719,22.165645599365234,1351.77001953125,1.9900000095367432,3.466,3.593,100.39,118.73,248.898,316.625,8.3,3.4,3.943,232176.0,1009422.0,1726018.0,8167.0,14719.0,8756.0,198.9998775560181,1.8791090855834427,-1.0394359250403753,-1.0344980095991783,-0.094742108614573,0.0015584415584415368,0.007314524555903867,-0.03285678454978691
2012-02-20,41.720001220703125,103.23999786376953,79.33000183105469,2.684000015258789,3.0155999660491943,359.0400085449219,318.0,22.542001724243164,1361.22998046875,2.009999990463257,3.523,3.647,103.27,120.69,248.898,316.625,8.3,3.4,3.96,231527.0,1011055.0,1729270.0,8628.0,14889.0,9091.0,187.84063514140007,1.9173874109485862,-0.942169971314953,-0.8420707738442105,-0.08865816602069565,0.022562240663900557,0.023092890503373154,-0.016708229426433796
2012-02-27,43.05500030517578,108.55999755859375,78.55999755859375,2.446000099182129,3.1282999515533447,331.3599853515625,329.44000244140625,22.87920570373535,1367.5899658203125,1.9220000505447388,3.641,3.759,108.49,126.46,248.898,316.625,8.3,3.4,4.051,229927.0,1015215.0,1729808.0,8363.0,14607.0,9187.0,192.4535453784527,1.811704532773436,-0.7565313100318921,-0.785275851419078,-0.07276319503245832,0.004311437991377121,0.02910602910602922,-0.0010090817356205317
2012-03-05,43.34000015258789,106.72000122070312,79.31999969482422,2.3550000190734863,3.257999897003174,299.5199890136719,327.760009765625,22.358341217041016,1364.3299560546875,2.005000114440918,3.717,3.824,106.7,126.68,249.742,319.198,8.2,3.4,4.094,229531.0,1016063.0,1728407.0,8262.0,14589.0,8712.0,194.47070927136286,1.8190049792444727,-0.6986401288069709,-0.8247707944651039,-0.061397461020333166,0.0229797979797981,0.05220779220779215,0.03052658356652249
2012-03-12,43.810001373291016,106.33999633789062,79.87000274658203,2.2690000534057617,3.322999954223633,286.3999938964844,325.6000061035156,22.21381187438965,1371.0899658203125,2.0309998989105225,3.747,3.852,106.34,127.27,249.742,319.198,8.2,3.4,4.123,228121.0,1017813.0,1723964.0,8415.0,14463.0,8716.0,189.76197266785502,1.6398987978507125,-0.6084162672917867,-1.0091787984031921,-0.05317732385188545,0.010614663046161432,0.06172199170124504,0.0513610683102208
2012-03-19,44.07500076293945,108.08999633789062,79.44999694824219,2.3510000705718994,3.367799997329712,296.32000732421875,330.32000732421875,22.710674285888672,1409.75,2.378999948501587,3.787,3.895,108.09,125.76,249.742,319.198,8.2,3.4,4.142,226907.0,1016651.0,1725508.0,8379.0,14363.0,8224.0,189.56307435254803,1.4652844076617964,-0.6259725524824368,-0.909363588115373,-0.045287776532023316,0.007083536883243813,0.04565051990869895,0.07706374085684442
2012-03-26,44.125,107.02999877929688,78.93000030517578,2.2260000705718994,3.416599988937378,277.760009765625,326.1600036621094,22.003419876098633,1416.510009765625,2.24399995803833,3.843,3.952,107.07,125.85,249.742,319.198,8.2,3.4,4.147,223370.0,1023753.0,1731828.0,8710.0,14451.0,9269.0,179.51664753157291,0.9945598891302108,-0.33879540125739505,-0.5947474293679716,-0.05090977409115427,0.004608294930875667,0.04595959595959598,0.09258770772883151
2012-04-02,44.08000183105469,105.2300033569336,78.81999969482422,2.1519999504089355,3.382200002670288,259.20001220703125,320.239990234375,21.897628784179688,1419.0400390625,2.193000078201294,3.874,3.981,105.25,124.44,249.677,319.414,8.2,1.8,4.142,221913.0,1032762.0,1744194.0,8783.0,14750.0,9774.0,176.86337242400091,0.7959527818860002,0.01815547315797699,-0.011008709567606577,-0.04072815480938374,0.0012071463061322785,0.02369785238212785,0.09621993127147777
2012-04-09,43.04999923706055,102.45999908447266,79.7300033569336,2.1070001125335693,3.2967000007629395,254.8800048828125,311.760009765625,21.03926658630371,1382.199951171875,2.0369999408721924,3.877,3.993,102.45,123.58,249.677,319.414,8.2,1.8,4.148,217636.0,1035328.0,1740041.0,8681.0,14355.0,8522.0,175.49268517451907,0.268405153595286,0.1358353320383861,-0.1996747497243039,-0.025777826348286847,-0.0012056908608631955,0.01172447484123107,0.08202716823406497
2012-04-16,41.744998931884766,102.93000030517578,79.55000305175781,2.0160000324249268,3.2669999599456787,242.24000549316406,313.44000244140625,20.625185012817383,1369.5699462890625,1.9739999771118164,3.867,3.978,102.92,118.23,249.677,319.414,8.2,1.8,4.127,213965.0,1039184.0,1737816.0,8775.0,14454.0,8718.0,170.68433048433047,-0.18914634674288927,0.3053814215787279,-0.30032319784458295,-0.017145670368141852,0.0014485755673585565,0.0060635459616782406,0.07628437986507519
2012-04-23,41.845001220703125,103.11000061035156,79.41999816894531,2.006999969482422,3.187299966812134,241.44000244140625,312.239990234375,20.82164192199707,1366.93994140625,1.9329999685287476,3.805,3.919,102.68,116.66,249.677,319.414,8.2,1.8,4.085,211730.0,1043162.0,1737797.0,8496.0,14477.0,8766.0,174.44797551789077,-0.47434095082266114,0.478960981641971,-0.3038832938696717,-0.005256843091662966,-0.005062680810028919,-0.0036214389183970574,0.07250519750519757
2012-04-30,42.099998474121094,104.87000274658203,78.79000091552734,2.2850000858306885,3.1844000816345215,262.55999755859375,317.44000244140625,21.53192138671875,1397.9100341796875,1.9149999618530273,3.764,3.882,104.89,118.66,249.677,319.414,8.2,1.8,4.073,209721.0,1046002.0,1739703.0,8692.0,14707.0,8822.0,168.89634146341461,-0.7406593942613495,0.617490771095629,-0.2160068947532974,-0.009934529891292398,-0.010176883935061776,-0.014950566674704624,0.061038961038961004
2012-05-07,39.904998779296875,97.94000244140625,79.5999984741211,2.3359999656677246,2.974100112915039,267.3599853515625,296.3999938964844,20.582868576049805,1369.5799560546875,1.8769999742507935,3.718,3.831,97.86,111.66,241.806,303.692,8.2,1.8,4.057,207108.0,1051291.0,1742874.0,8864.0,14742.0,8967.0,163.55550541516246,-1.087098332928442,0.8625836719885676,-0.06495522237036126,-0.011984599690677444,-0.0029375764993878617,-0.01665861902462573,0.05627593360995875
2012-05-14,39.025001525878906,94.77999877929688,80.5999984741211,2.430999994277954,2.9590001106262207,277.2799987792969,284.8800048828125,20.0146484375,1338.3499755859375,1.7879999876022339,3.658,3.774,94.75,110.79,241.806,303.692,8.2,1.8,4.004,204311.0,1053419.0,1745746.0,8971.0,15044.0,8881.0,159.4222494705161,-1.4423986679075667,0.9905295306105748,0.075087459152358,-0.006848398567144698,-0.0039283083722072565,-0.021938283510125167,0.028911995942176194
2012-05-21,38.630001068115234,92.56999969482422,81.08000183105469,2.6089999675750732,2.9400999546051025,300.32000732421875,281.20001220703125,19.769834518432617,1315.989990234375,1.7350000143051147,3.622,3.731,92.57,109.02,241.806,303.692,8.2,1.8,3.956,201012.0,1054302.0,1746803.0,8633.0,14987.0,8583.0,162.98899571412025,-1.83945463978037,1.070105855340395,0.12919305815433915,-0.0010904000912688172,-0.013063840276066219,-0.029803731524109534,0.011111111111111072
2012-05-28,37.775001525878906,90.86000061035156,82.4000015258789,2.568000078201294,2.892899990081787,291.0400085449219,273.760009765625,19.685203552246094,1317.8199462890625,1.7450000047683716,3.575,3.682,90.64,107.86,241.806,303.692,8.2,1.8,3.897,200179.0,1056515.0,1752299.0,8931.0,15169.0,9056.0,156.89765983652447,-1.8714501394964034,1.2126557785924965,0.39455829592029057,0.0036802487461682354,-0.011988011988011915,-0.03157894736842104,-0.02345099975314746
2012-06-04,34.97999954223633,83.9800033569336,82.55000305175781,2.4149999618530273,2.6707000732421875,270.0799865722656,254.0800018310547,18.73615264892578,1278.1800537109375,1.5269999504089355,3.518,3.624,83.95,97.74,235.897,291.49,8.2,1.8,3.846,203525.0,1054752.0,1757432.0,8648.0,15468.0,8957.0,164.7404024051804,-1.395565467808476,1.1916681998728262,0.64977021179226,0.011613439319065222,-0.014914054600606685,-0.0432113920942796,-0.04811919882755267
2012-06-11,34.165000915527344,82.69999694824219,82.51000213623047,2.2179999351501465,2.656599998474121,245.44000244140625,245.60000610351562,19.228811264038086,1308.9300537109375,1.600000023841858,3.489,3.592,82.58,98.6,235.897,291.49,8.2,1.8,3.781,201801.0,1054561.0,1758588.0,9130.0,15620.0,9117.0,154.72146768893757,-1.543866048300959,1.2323258724336512,0.7185638227876285,0.006580264927187995,-0.013086989992301734,-0.05200887355188566,-0.06718408925539654
2012-06-18,34.0,83.2699966430664,81.94000244140625,2.634999990463257,2.660900115966797,292.79998779296875,250.55999755859375,19.74991226196289,1344.780029296875,1.5839999914169312,3.473,3.572,83.26,95.21,235.897,291.49,8.2,1.8,3.729,202744.0,1057422.0,1769669.0,8693.0,15608.0,9445.0,163.25871390774185,-1.3752085491821533,1.409241344358885,1.256423446206416,0.011663572968342972,-0.01690067602704104,-0.05569430569430556,-0.08715596330275233
2012-06-25,32.39500045776367,79.20999908447266,82.45999908447266,2.694000005722046,2.6458001136779785,295.5199890136719,238.39999389648438,18.83576202392578,1313.719970703125,1.6080000400543213,3.378,3.481,78.76,88.69,235.897,291.49,8.2,1.8,3.678,204822.0,1057289.0,1772266.0,8846.0,15645.0,9118.0,162.07935790187653,-1.0966849534357728,1.4371447169530769,1.380065641312742,0.014779845785108936,-0.013752975403332424,-0.05738119312436807,-0.10079575596816981
2012-07-02,34.494998931884766,83.75,81.87000274658203,2.8239998817443848,2.6238999366760254,308.79998779296875,251.44000244140625,20.165985107421875,1365.510009765625,1.5800000429153442,3.291,3.398,83.72,95.28,233.568,287.505,8.2,0.6,3.648,204973.0,1053019.0,1768191.0,9001.0,15631.0,8774.0,159.40573269636707,-1.0505075919780595,1.2515181289364554,1.1804373099948648,0.013270566840576592,-0.013676588897827857,-0.0561970746728252,-0.11202317720907784
2012-07-09,35.290000915527344,85.98999786376953,83.16000366210938,2.882999897003174,2.759399890899658,314.7200012207031,257.3599853515625,20.041473388671875,1352.4599609375,1.5130000114440918,3.357,3.465,85.93,99.94,233.568,287.505,8.2,0.6,3.683,207725.0,1048164.0,1770986.0,8917.0,15774.0,8626.0,163.0677357855781,-0.7273220230652365,1.0411895640312752,1.3170000828496637,0.024094522968197696,-0.00815660685154973,-0.05148205928237126,-0.12054001928640301
2012-07-16,36.755001068115234,88.43000030517578,83.08999633789062,2.8010001182556152,2.8547000885009766,306.0799865722656,264.9599914550781,20.345170974731445,1353.6400146484375,1.4639999866485596,3.364,3.467,88.41,102.1,233.568,287.505,8.2,0.6,3.695,205910.0,1047355.0,1772416.0,8628.0,15538.0,8937.0,167.0572554473806,-0.9110258596859722,1.0282906095549644,1.3939204220409038,0.018201859505501572,0.009594298245613864,-0.025919069029357367,-0.10758420159922466
2012-07-23,36.79499816894531,88.13999938964844,83.70999908447266,3.117000102996826,2.8828999996185303,339.0400085449219,264.0,20.69139289855957,1350.52001953125,1.434999942779541,3.435,3.552,87.77,103.91,233.568,287.505,8.2,0.6,3.783,210044.0,1050072.0,1782546.0,8660.0,15796.0,9633.0,169.78152424942263,-0.4499214904186768,1.1849567852521135,1.8967228417623556,0.017234098531729858,0.0032582134129786056,-0.009117725931885312,-0.09547123623011022
2012-07-30,37.630001068115234,89.77999877929688,82.79000091552734,3.2139999866485596,2.936800003051758,350.55999755859375,267.6000061035156,21.386884689331055,1385.300048828125,1.503999948501587,3.45,3.565,89.8,106.54,233.568,287.505,8.2,0.6,3.796,207870.0,1043549.0,1775322.0,8820.0,15571.0,8406.0,164.97619047619048,-0.6734257289491693,0.8697173313916161,1.568841252132223,0.012647080949283351,0.023815967523680648,0.028548123980424167,-0.07120058924625594
2012-08-06,38.974998474121094,92.19999694824219,82.2699966430664,2.9079999923706055,2.9221999645233154,319.5199890136719,275.3599853515625,21.450658798217773,1394.22998046875,1.5579999685287476,3.606,3.714,92.3,110.01,244.987,310.365,8.1,0.6,3.85,206069.0,1039774.0,1774232.0,8839.0,15607.0,8627.0,163.1952709582532,-0.84657898524455,0.694057880366119,1.5525766078542889,0.008322131599519,0.0034364261168384758,0.04057017543859631,-0.06433325117081601
2012-08-13,40.20500183105469,92.7300033569336,82.44000244140625,2.7290000915527344,2.9907000064849854,299.8399963378906,277.2799987792969,21.897096633911133,1404.1099853515625,1.6540000438690186,3.662,3.771,92.76,114.48,244.987,310.365,8.1,0.6,3.965,203698.0,1036075.0,1769650.0,9308.0,15711.0,8717.0,153.18929952728834,-1.0751616557658517,0.5119006810954166,1.3283259175089803,0.00697975450060051,0.01422550052687055,0.045343469997285,-0.038461538461538325
2012-08-20,40.90999984741211,95.97000122070312,82.45999908447266,2.7760000228881836,3.0308001041412354,303.0400085449219,286.6400146484375,21.963918685913086,1418.1300048828125,1.8140000104904175,3.682,3.797,96.03,115.5,244.987,310.365,8.1,0.6,4.026,202736.0,1030663.0,1766645.0,9081.0,15438.0,8207.0,156.27706199757736,-1.1524310452959654,0.24168150564139276,1.1897896871742109,0.02631654755969204,0.029870129870129825,0.07307171853856564,0.0022750252780585623
2012-08-27,40.42499923706055,95.47000122070312,81.66000366210938,2.6530001163482666,3.1547999382019043,287.3599853515625,284.8800048828125,21.869779586791992,1410.43994140625,1.6490000486373901,3.722,3.839,95.54,113.74,244.987,310.365,8.1,0.6,4.089,201227.0,1034441.0,1771307.0,9064.0,15380.0,9495.0,155.40478817299206,-1.2767393031964283,0.4439750652555201,1.4375468799779245,0.038278752268210425,0.01538461538461533,0.06423473433782712,0.033102386451116184
2012-09-03,41.27000045776367,96.47000122070312,81.25,2.7990000247955322,3.105600118637085,301.1199951171875,287.1199951171875,21.723989486694336,1406.5799560546875,1.562000036239624,3.797,3.916,96.47,113.93,252.987,326.789,7.8,0.6,4.127,198893.0,1027015.0,1761695.0,9177.0,14608.0,8035.0,151.7109077040427,-1.4828853811479439,0.061206316402270596,0.959462483914553,0.045688879432246754,0.015648286140089507,0.07718651211801908,0.0631825273010922
2012-09-10,41.27000045776367,96.54000091552734,80.36000061035156,2.812000036239624,3.0239999294281006,304.6400146484375,286.79998779296875,22.20991325378418,1429.0799560546875,1.6829999685287476,3.799,3.919,96.52,113.84,252.987,326.789,7.8,0.6,4.132,197716.0,1027424.0,1763465.0,8695.0,14321.0,8565.0,159.1733179988499,-1.5535703049725862,0.08353398768726118,1.050465742990523,0.054911021858516484,0.009293225727561527,0.07194805194805176,0.09151018249140419
2012-09-17,40.91999816894531,96.62000274658203,79.01000213623047,2.865000009536743,2.9433000087738037,311.20001220703125,286.0,23.07851219177246,1461.18994140625,1.8380000591278076,3.832,3.955,96.51,116.7,252.987,326.789,7.8,0.6,4.135,196309.0,1035960.0,1774869.0,8632.0,14916.0,9848.0,159.19404541241892,-1.632191420278572,0.520428848774354,1.6069145765795536,0.03760886426592802,0.0012115338017930632,0.0421185372005044,0.10807186913381583
2012-09-24,39.63999938964844,91.93000030517578,79.5199966430664,2.8369998931884766,2.91759991645813,313.2799987792969,272.7200012207031,22.666288375854492,1456.8900146484375,1.718000054359436,3.775,3.899,91.68,109.2,252.987,326.789,7.8,0.6,4.086,195828.0,1033514.0,1772202.0,8770.0,14624.0,7595.0,156.30513112884833,-1.6054349629080458,0.3710739794402141,1.420122812849724,0.02518712973145565,0.0007260406582769718,0.027074018877297545,0.12425231103860801
2012-10-01,40.4900016784668,92.4800033569336,79.81999969482422,3.4800000190734863,2.920099973678589,357.2799987792969,274.0,22.51375961303711,1444.489990234375,1.625,3.75,3.87,92.44,112.58,256.017,332.699,7.8,0.5,4.079,195942.0,1033032.0,1769771.0,8633.0,14846.0,8106.0,158.87802617861695,-1.5232635356231508,0.32813529485919823,1.2624002460411927,0.017150588913781295,-0.011850060459491996,-0.0007336757153338924,0.12006578947368429
2012-10-08,40.439998626708984,89.33000183105469,79.54000091552734,3.4030001163482666,2.8931000232696533,350.239990234375,265.760009765625,22.483247756958008,1455.8800048828125,1.746000051498413,3.742,3.864,89.43,112.6,256.017,332.699,7.8,0.5,4.094,195408.0,1034544.0,1765245.0,8587.0,14749.0,8221.0,159.29381623384185,-1.508183693463953,0.3867683524205661,1.01127619804534,0.002188659812121685,-0.0017131669114048842,-0.011630724497213474,0.10752104262829221
2012-10-15,41.560001373291016,91.8499984741211,79.73999786376953,3.4860000610351562,2.8503000736236572,358.55999755859375,272.0,22.24834632873535,1440.1300048828125,1.6629999876022339,3.713,3.841,91.84,115.0,256.017,332.699,7.8,0.5,4.15,197128.0,1037404.0,1762571.0,8729.0,14819.0,8347.0,158.08179631114675,-1.2992315318951895,0.5166679083513414,0.8603289019921553,1.110911147117477e-05,0.0036773719048788234,-0.009196515004840089,0.10798376184032499
2012-10-22,39.900001525878906,88.7300033569336,79.6500015258789,3.4519999027252197,2.6475000381469727,355.3599853515625,263.20001220703125,22.4100399017334,1433.8199462890625,1.7979999780654907,3.582,3.717,88.3,109.62,256.017,332.699,7.8,0.5,4.116,198567.0,1043300.0,1766541.0,8493.0,14802.0,8823.0,163.66054397739316,-1.1394200202620153,0.8050906947413276,1.0164552215267713,0.0025210345348414265,0.013678553981436359,0.0036275695284160303,0.09701295268305588
2012-10-29,39.845001220703125,86.27999877929688,80.06999969482422,3.4000000953674316,2.6991000175476074,350.239990234375,254.32000732421875,21.952438354492188,1411.93994140625,1.75,3.48,3.622,85.52,109.33,256.017,332.699,7.8,0.5,4.03,199502.0,1041255.0,1766438.0,8844.0,14850.0,7922.0,157.90524649479875,-1.0369068653834255,0.6646272219917114,0.9768777851772691,-0.005459747136853488,-0.008192771084337469,0.007342143906020393,0.08429926238145402
2012-11-05,39.23500061035156,85.6500015258789,80.75,3.553999900817871,2.6201999187469482,335.5199890136719,252.8800048828125,21.842620849609375,1417.260009765625,1.684000015258789,3.406,3.542,85.64,105.59,248.819,315.264,7.7,0.5,4.01,202377.0,1042802.0,1766937.0,8307.0,14667.0,8011.0,170.53557240881184,-0.7688450793781544,0.7206955464444323,0.9673981459120096,-9.100392870609042e-05,-0.020894071914479895,-0.012012748222603453,0.04675324675324677
2012-11-12,39.54999923706055,85.56999969482422,81.04000091552734,3.569999933242798,2.676300048828125,336.1600036621094,252.72000122070312,21.25993537902832,1380.030029296875,1.6109999418258667,3.372,3.509,85.56,110.23,248.819,315.264,7.7,0.5,3.98,201937.0,1043891.0,1762209.0,8908.0,14612.0,7870.0,158.68421643466544,-0.8021707219711185,0.7502244110587084,0.7142044644672902,-0.007368392992807005,-0.004962779156327701,-0.020517830972154538,0.01134930643127352
2012-11-19,40.89500045776367,89.27999877929688,80.87000274658203,3.7190001010894775,2.754499912261963,351.0400085449219,261.3599853515625,21.510095596313477,1386.8900146484375,1.6109999418258667,3.36,3.489,89.05,110.06,248.819,315.264,7.7,0.5,3.976,200390.0,1042425.0,1755999.0,8898.0,14889.0,7768.0,157.64553832321872,-0.9267346303755369,0.6405131446372397,0.3944133768898311,-0.002826069099942541,-0.007481296758104716,-0.04096385542168679,-0.01142573273720815
2012-11-26,40.53499984741211,87.73999786376953,80.25,3.7300000190734863,2.726300001144409,354.8800048828125,257.5199890136719,21.632122039794922,1406.2900390625,1.6640000343322754,3.382,3.511,87.28,110.18,248.819,315.264,7.7,0.5,4.034,204255.0,1042078.0,1754572.0,8427.0,15174.0,8118.0,169.66714133143466,-0.5751662637347138,0.5919830840824715,0.29563141408669985,0.008177391265765221,-0.0010050251256281673,-0.0340136054421768,-0.027635118610907394
2012-12-03,40.55500030517578,89.08999633789062,79.87999725341797,3.5910000801086426,2.7265000343322754,327.8399963378906,260.79998779296875,21.55890464782715,1409.4599609375,1.628000020980835,3.337,3.474,88.69,111.27,244.708,306.338,7.9,0.5,4.027,212115.0,1039721.0,1760504.0,8354.0,15429.0,8230.0,177.73581517835768,0.10272644467115735,0.43210460427347475,0.5584119798030082,-0.0030927171285020094,0.014587525150905334,0.0009925558312653404,-0.022534528713351043
2012-12-10,39.18000030517578,85.55999755859375,80.33000183105469,3.4600000381469727,2.598099946975708,314.8800048828125,251.1199951171875,21.80600929260254,1418.550048828125,1.6160000562667847,3.297,3.436,85.14,108.25,244.708,306.338,7.9,0.5,3.991,217115.0,1039861.0,1765717.0,8488.0,15367.0,8499.0,179.05336946277095,0.5322982951829163,0.4134072303660745,0.7896291614433094,-0.0012483534839501376,-0.001735250371839303,0.004239401496259454,-0.02541142303969013
2012-12-17,39.83000183105469,87.19999694824219,79.56999969482422,3.3580000400543213,2.654599905014038,305.1199951171875,256.0799865722656,21.92498016357422,1430.3599853515625,1.7630000114440918,3.198,3.336,86.71,109.35,244.708,306.338,7.9,0.5,3.945,219322.0,1038897.0,1763772.0,8618.0,15594.0,8399.0,178.14504525411928,0.723813354585594,0.3299308077053665,0.6618452079391621,-0.01298623379220687,-0.008939657313136284,0.0027638190954775155,-0.034824667472793114
2012-12-24,40.10499954223633,88.61000061035156,79.63999938964844,3.3459999561309814,2.7506000995635986,305.44000244140625,257.9200134277344,21.92937660217285,1426.6600341796875,1.7740000486373901,3.205,3.346,88.29,108.44,244.708,306.338,7.9,0.5,3.923,223104.0,1038311.0,1766774.0,8608.0,15328.0,8025.0,181.4275092936803,1.0430638550697484,0.2611082198495667,0.7881676455953641,-0.020506765920925707,-0.011525933350037598,-0.0077967806841046094,-0.03450807635829678
2012-12-31,41.03499984741211,91.81999969482422,79.7699966430664,3.3510000705718994,2.812000036239624,302.3999938964844,266.9599914550781,21.89872932434082,1426.18994140625,1.75600004196167,3.245,3.386,91.83,110.8,244.708,306.338,7.9,0.5,3.918,225673.0,1027191.0,1756751.0,8518.0,15341.0,7094.0,185.4556233857713,1.243627550607241,-0.47135844904848756,0.22771116890303364,-0.014584849111892728,-0.005576679340937862,-0.02751611303916701,-0.038244667810737876
2013-01-07,41.19499969482422,93.19000244140625,80.26000213623047,3.2660000324249268,2.777400016784668,294.3999938964844,271.3599853515625,22.450639724731445,1461.8900146484375,1.902999997138977,3.233,3.383,93.2,112.49,245.025,306.734,8.0,4.0,3.911,233085.0,1028083.0,1767275.0,8010.0,15257.0,8342.0,203.69475655430713,1.8435114905827996,-0.46157557217038303,0.7734413422291777,-0.00975743267148943,-0.0012745347947998864,-0.027067295753662735,-0.04298974108451392
2013-01-14,41.31999969482422,94.13999938964844,79.48999786376953,3.372999906539917,2.7541000843048096,303.67999267578125,274.239990234375,22.573274612426758,1470.6800537109375,1.8569999933242798,3.236,3.386,94.27,111.32,245.025,306.734,8.0,4.0,3.894,234995.0,1027447.0,1771026.0,8320.0,15101.0,8030.0,197.7121394230769,1.9459033527076137,-0.5524124531208292,0.9536874918933421,-0.023217402144103838,-0.0017866258295048398,-0.020045101478326277,-0.05759036144578322
2013-01-21,41.70000076293945,95.55999755859375,80.05000305175781,3.565999984741211,2.796799898147583,321.6000061035156,278.1600036621094,23.14665412902832,1485.97998046875,1.843000054359436,3.254,3.394,95.61,111.71,245.025,306.734,8.0,4.0,3.902,233257.0,1030260.0,1768389.0,8431.0,14206.0,7730.0,193.66611315383705,1.7577510342801665,-0.4168486858625171,0.7715754036430639,-0.0325387715879667,-0.004346714395295326,-0.012927756653992373,-0.05393586005830897
2013-01-28,42.25,96.44000244140625,79.77999877929688,3.2890000343322754,2.934799909591675,296.79998779296875,279.5199890136719,23.536069869995117,1500.1800537109375,1.9739999771118164,3.296,3.434,95.95,113.92,245.025,306.734,8.0,4.0,3.927,232301.0,1036400.0,1770555.0,8501.0,14481.0,8068.0,191.2842018586049,1.6477484960021562,-0.013814531344221488,0.8767135622674739,-0.038369464467902126,0.0020544427324087344,-0.005353046138159567,-0.03176178660049633
2013-02-04,43.029998779296875,96.16999816894531,79.55000305175781,3.315000057220459,3.0114998817443848,298.7200012207031,278.239990234375,23.71083641052246,1495.7099609375,1.9730000495910645,3.471,3.598,96.21,116.06,255.696,329.253,7.7,4.0,4.022,234039.0,1039081.0,1770698.0,8415.0,14431.0,7569.0,194.6848484848485,1.772806962204073,0.1546980006208272,0.8561382742693278,-0.03989146749797945,0.006406970784213151,0.0022970903522205877,-0.020698254364089674
2013-02-11,44.01499938964844,97.02999877929688,80.30999755859375,3.2790000438690186,3.021199941635132,295.20001220703125,280.9599914550781,23.974529266357422,1517.010009765625,1.9459999799728394,3.537,3.663,97.01,118.29,255.696,329.253,7.7,4.0,4.104,233236.0,1039803.0,1763497.0,8404.0,14310.0,7513.0,194.27082341742027,1.696212389862777,0.17512956052312184,0.3714746485844529,-0.029011775981257815,0.02419149477973015,0.02838148811045782,0.010552763819095645
2013-02-18,44.255001068115234,95.86000061035156,80.58000183105469,3.1530001163482666,3.134500026702881,284.4800109863281,277.760009765625,24.054243087768555,1519.7900390625,2.006999969482422,3.69,3.819,95.95,117.4,255.696,329.253,7.7,4.0,4.157,230352.0,1043946.0,1762248.0,8437.0,14176.0,7689.0,191.1181699656276,1.4649148305898136,0.4950207834545437,0.2574716927629514,-0.02710067962349072,0.020387866732968662,0.05392912172573183,0.03219315895372232
2013-02-25,42.65999984741211,93.11000061035156,81.66999816894531,3.4140000343322754,3.0611000061035156,305.2799987792969,265.67999267578125,23.28157615661621,1487.8499755859375,1.8949999809265137,3.722,3.859,92.74,114.55,255.696,329.253,7.7,4.0,4.159,228495.0,1045076.0,1756353.0,8597.0,14511.0,7958.0,186.04920321042223,1.3253075767994824,0.5700026982930457,-0.17726637127317776,-0.026515437206351522,0.0129142300194931,0.06535110199897476,0.030490827962320388
2013-03-04,41.33000183105469,90.12000274658203,82.22000122070312,3.5290000438690186,3.098299980163574,311.20001220703125,259.20001220703125,23.799762725830078,1525.199951171875,1.8769999742507935,3.698,3.833,90.13,109.9,246.595,310.442,7.5,4.0,4.13,227879.0,1048812.0,1753830.0,8364.0,14031.0,7308.0,190.7165231946437,1.2831448468687907,0.9027765785759724,-0.3996451858990434,-0.02425348315403919,0.0004811161895597049,0.05907817672523552,0.032778743481499895
2013-03-11,41.45500183105469,92.05999755859375,82.56999969482422,3.6489999294281006,3.152400016784668,320.6400146484375,264.32000732421875,24.232093811035156,1556.219970703125,2.055999994277954,3.644,3.783,92.07,108.64,246.595,310.442,7.5,4.0,4.088,224308.0,1051436.0,1748248.0,8627.0,13994.0,7535.0,182.00486843630463,1.008697195950888,1.1469343827005931,-0.8716182672593796,-0.02594374127191723,-0.006972830007213271,0.026852312282446444,0.03482836381859178
2013-03-18,41.380001068115234,93.73999786376953,82.69000244140625,3.881999969482422,3.1289000511169434,340.1600036621094,269.20001220703125,24.31912612915039,1552.0999755859375,1.9559999704360962,3.633,3.772,93.71,108.54,246.595,310.442,7.5,4.0,4.047,222832.0,1050122.0,1746792.0,8324.0,14514.0,7317.0,187.3887554060548,0.904384639821732,0.9880463395164357,-1.0861494315613165,-0.019978198350696363,-0.01016949152542368,-0.003898635477582846,0.036248415716096494
2013-03-25,40.84000015258789,94.80999755859375,82.87000274658203,3.865000009536743,3.0625998973846436,339.20001220703125,270.79998779296875,24.162044525146484,1551.68994140625,1.9149999618530273,3.616,3.749,94.55,106.66,246.595,310.442,7.5,4.0,4.006,221236.0,1053378.0,1744881.0,8399.0,14878.0,8158.0,184.38528396237646,0.7893437418342564,1.3402452470370563,-1.3624684531921525,-0.023113894262409507,-0.010029354207436447,-0.02646139042578788,0.03160846291103736
2013-04-01,41.95500183105469,97.06999969482422,82.7300033569336,4.014999866485596,3.1015000343322754,351.5199890136719,277.44000244140625,24.377647399902344,1562.1700439453125,1.840000033378601,3.572,3.71,97.1,108.76,240.473,295.206,7.6,1.1,3.993,220664.0,1056085.0,1744770.0,8523.0,15008.0,7931.0,181.2328992138918,0.7491260615540576,1.615845594747593,-1.4562032173287776,-0.02814783935287024,-0.010130961205831346,-0.03678768934840093,0.022460438999489574
2013-04-08,39.79999923706055,93.36000061035156,82.75,4.081999778747559,2.9093000888824463,355.8399963378906,267.9200134277344,23.968019485473633,1563.0699462890625,1.7319999933242798,3.539,3.673,93.36,103.16,240.473,295.206,7.6,1.1,3.977,222363.0,1055967.0,1750256.0,8477.0,15114.0,7720.0,183.61932287365812,0.8885675050538957,1.530650689408696,-0.9689434131158587,-0.02300118034416354,-0.0032451323015477707,-0.03317191283292975,0.02096650473024808
2013-04-15,37.8650016784668,88.70999908447266,82.41999816894531,4.13700008392334,2.7576000690460205,361.2799987792969,251.9199981689453,23.04403305053711,1552.3599853515625,1.7020000219345093,3.469,3.609,88.75,99.32,240.473,295.206,7.6,1.1,3.942,221730.0,1054734.0,1752884.0,8383.0,15074.0,7431.0,185.14970774185852,0.8262168767028334,1.3260782776990632,-0.7716488294693143,-0.02688718613488661,-0.004007012271475041,-0.02715264187866928,0.021314843348741563
2013-04-22,38.09000015258789,88.76000213623047,82.68000030517578,4.267000198364258,2.769399881362915,371.67999267578125,254.55999755859375,23.210357666015625,1562.5,1.6979999542236328,3.472,3.604,88.81,99.07,240.473,295.206,7.6,1.1,3.887,217802.0,1055681.0,1750944.0,8750.0,14488.0,7564.0,174.2416,0.4976360314071813,1.3774313268176541,-1.017914851223325,-0.024335732693503864,-0.00880060346995215,-0.025945144551519528,0.01025115325474113
2013-04-29,39.29499816894531,94.5,82.1500015258789,4.392000198364258,2.827500104904175,378.7200012207031,268.8800048828125,24.011144638061523,1593.6099853515625,1.6679999828338623,3.455,3.584,94.09,102.88,240.473,295.206,7.6,1.1,3.851,215984.0,1062377.0,1763299.0,8415.0,14710.0,8166.0,179.665834818776,0.34331091633374966,2.04704037446145,0.14634054940931174,-0.014754404117466757,-0.013952308472856445,-0.029705441837244217,-0.01018589253883373
2013-05-06,39.88999938964844,96.16000366210938,82.31999969482422,4.011000156402588,2.8657000064849854,348.1600036621094,273.1199951171875,24.642518997192383,1617.5,1.7710000276565552,3.478,3.603,95.8,105.0,240.468,293.131,7.5,1.1,3.845,215074.0,1062748.0,1766910.0,8445.0,15180.0,7606.0,178.27329780935466,0.2615171958489203,1.9761301050921363,0.4859450561704297,-0.017267389029475888,-0.009261641368664808,-0.03556223390934132,-0.042516161113873796
2013-05-13,38.970001220703125,95.16999816894531,83.26000213623047,3.924999952316284,2.821000099182129,339.20001220703125,270.8800048828125,24.719520568847656,1633.77001953125,1.9229999780654907,3.543,3.656,94.76,102.17,240.468,293.131,7.5,1.1,3.866,217662.0,1062124.0,1769562.0,8341.0,15253.0,7623.0,182.6680254166167,0.45440587989347475,1.831245001321187,0.746408769629206,-0.017276806959646618,-0.0015580368735392813,-0.0331908473723912,-0.06310916179337234
2013-05-20,39.79499816894531,96.70999908447266,83.80999755859375,4.090000152587891,2.905600070953369,352.79998779296875,275.5199890136719,25.649658203125,1666.2900390625,1.965000033378601,3.636,3.741,96.29,104.55,240.468,293.131,7.5,1.1,3.89,220677.0,1061786.0,1773790.0,8790.0,15249.0,8130.0,175.73822525597268,0.6738747280698,1.7397112679577869,1.1957231749598196,-0.017113983360353413,0.005461638491547349,-0.019279553526128868,-0.07000240558094784
2013-05-27,39.0099983215332,94.1500015258789,83.69999694824219,4.236999988555908,2.8389999866485596,365.44000244140625,266.9599914550781,25.166107177734375,1649.5999755859375,2.010999917984009,3.601,3.714,93.84,101.24,240.468,293.131,7.5,1.1,3.88,219163.0,1064786.0,1783539.0,8956.0,15029.0,7817.0,171.29756587762395,0.5258051184788877,1.9811676755557277,2.288201930438088,-0.016299907614563458,0.006207966890843242,0.000771803447388697,-0.06467900937725413
2013-06-03,38.76499938964844,93.44999694824219,82.68000030517578,3.990999937057495,2.785099983215332,340.9599914550781,265.2799987792969,25.03366470336914,1640.4200439453125,2.134000062942505,3.61,3.712,93.41,101.63,242.711,298.112,7.5,1.1,3.869,218797.0,1058519.0,1782363.0,8822.0,15462.0,7268.0,173.60904556789845,0.47104747357247656,1.3308659045076487,2.019757993079957,-0.00069897379961259,-0.0025706940874036244,0.007530511555440045,-0.060532687651331685
2013-06-10,39.48500061035156,95.7699966430664,81.6500015258789,3.799999952316284,2.848099946975708,324.4800109863281,272.0,24.972064971923828,1642.81005859375,2.2149999141693115,3.619,3.722,95.82,103.87,242.711,298.112,7.5,1.1,3.849,221545.0,1061148.0,1795275.0,8648.0,15237.0,7850.0,179.32643385753934,0.6702375527279159,1.558511396186778,3.3057341935569,0.009819672277060265,-0.0028350515463916315,0.006241872561768558,-0.05357142857142849
2013-06-17,40.189998626708984,97.7699966430664,80.56999969482422,3.875,2.856100082397461,331.20001220703125,278.0799865722656,24.965909957885742,1639.0400390625,2.1710000038146973,3.577,3.692,97.86,105.8,242.711,298.112,7.5,1.1,3.841,221728.0,1061461.0,1802037.0,8840.0,15531.0,8436.0,175.57647058823528,0.6572702504010981,1.5527660596139272,3.6185208380121385,0.0197940844957476,-0.0051692943913156375,-0.004397309881013944,-0.048925129725722605
2013-06-24,38.45500183105469,95.18000030517578,82.43000030517578,3.739000082015991,2.737600088119507,319.5199890136719,269.1199951171875,23.83222007751465,1573.0899658203125,2.5480000972747803,3.498,3.635,95.07,99.8,242.711,298.112,7.5,1.1,3.838,225381.0,1061479.0,1811353.0,8894.0,15704.0,8298.0,177.3855408140319,0.9264181910040581,1.532174275201525,4.00759525469517,0.020907700152983155,-0.002078461938165743,-0.012596401028277637,-0.04118821767348979
2013-07-01,39.16999816894531,97.98999786376953,82.9800033569336,3.5769999027252197,2.7379000186920166,303.67999267578125,277.3599853515625,24.404733657836914,1614.9599609375,2.490000009536743,3.41,3.557,97.94,103.19,242.986,298.754,7.3,3.5,3.817,223662.0,1051132.0,1796688.0,9294.0,16090.0,7407.0,168.45642349903162,0.7530436117664885,0.5786953488135613,2.3124345735710445,0.0190039566527207,-0.0007810466024472662,-0.010824742268041199,-0.03881793137991485
2013-07-08,40.67499923706055,103.13999938964844,84.19999694824219,3.740999937057495,2.883699893951416,315.5199890136719,291.2799987792969,24.906076431274414,1640.4599609375,2.6449999809265137,3.413,3.558,103.03,107.75,242.986,298.754,7.3,3.5,3.828,221028.0,1041395.0,1789589.0,9299.0,16118.0,7525.0,166.38305194106894,0.5111291123006491,-0.29494259910476384,1.6369791783305458,0.031993057564362104,-0.0054715997915580905,-0.013440165417420546,-0.040231330148353006
2013-07-15,41.369998931884766,106.31999969482422,83.04000091552734,3.6740000247955322,3.1029000282287598,311.0400085449219,301.3599853515625,25.326948165893555,1682.5,2.555999994277954,3.57,3.701,106.2,109.05,242.986,298.754,7.3,3.5,3.867,224083.0,1034493.0,1789379.0,8729.0,16237.0,7705.0,179.69767441860466,0.7382994806897356,-0.9058809421099684,1.5562323140015657,0.049931968554354,0.0028818443804032867,-0.005455962587685215,-0.028919330289193357
2013-07-22,41.369998931884766,106.91000366210938,82.22000122070312,3.677000045776367,3.0550999641418457,312.79998779296875,303.3599853515625,25.82518768310547,1695.530029296875,2.48799991607666,3.612,3.746,106.61,108.82,242.986,298.754,7.3,3.5,3.903,222694.0,1031668.0,1787097.0,8982.0,16031.0,8032.0,173.55355154753954,0.5976699310904504,-1.130347884907213,1.3385807902566076,0.04648883178889207,0.010188087774294807,0.006769070554543122,-0.005145356315924832
2013-07-29,41.1349983215332,104.55000305175781,81.66000366210938,3.4590001106262207,3.012500047683716,295.20001220703125,297.0400085449219,25.4724063873291,1685.3299560546875,2.5850000381469727,3.57,3.71,104.61,108.1,242.986,298.754,7.3,3.5,3.915,223464.0,1032099.0,1788713.0,9147.0,15965.0,8168.0,171.0121351262709,0.6393893376935607,-1.0502341697754876,1.4358076394089145,0.048281376675588294,0.009309542280837801,0.016935904116727407,0.01350298623734103
2013-08-05,41.529998779296875,106.55999755859375,81.87999725341797,3.319000005722046,2.9505999088287354,282.8800048828125,302.6400146484375,25.74472427368164,1707.1400146484375,2.640000104904175,3.566,3.7,106.61,109.81,244.833,303.409,7.2,3.5,3.909,223599.0,1030668.0,1789355.0,9246.0,15893.0,7914.0,169.2832576249189,0.6261039802844246,-1.1455951109955895,1.437627178164615,0.04327898397929597,0.003074558032282848,0.0256746135708672,0.01820546163849146
2013-08-12,41.595001220703125,106.11000061035156,81.33000183105469,3.309999942779541,2.904099941253662,279.67999267578125,302.0799865722656,25.450735092163086,1689.469970703125,2.6050000190734863,3.493,3.635,106.19,109.28,244.833,303.409,7.2,3.5,3.896,222430.0,1027856.0,1787500.0,9190.0,15611.0,7917.0,169.42437431991294,0.5055868131119552,-1.361487489556844,1.2667254024618466,0.04080949286948177,-0.0015325670498085309,0.021159874608150497,0.01112260734609416
2013-08-19,42.29999923706055,107.0999984741211,81.2300033569336,3.4630000591278076,2.933300018310547,291.67999267578125,305.3599853515625,24.738954544067383,1646.06005859375,2.884000062942505,3.496,3.638,107.14,111.41,244.833,303.409,7.2,3.5,3.9,218401.0,1026428.0,1784680.0,9200.0,15845.0,7951.0,166.17467391304348,0.15064495603970213,-1.4516125250472114,1.0370971594778695,0.05437514279186639,-0.0033256587362496814,0.0074993535040082104,0.0015424164524420192
2013-08-26,42.814998626708984,105.91999816894531,81.37000274658203,3.513000011444092,2.95169997215271,297.2799987792969,303.67999267578125,25.25887107849121,1656.780029296875,2.805000066757202,3.504,3.644,105.88,112.23,244.833,303.409,7.2,3.5,3.913,217814.0,1029414.0,1786847.0,9031.0,15774.0,8374.0,168.8293655187687,0.07898838433864233,-1.1783836464082162,1.1468156647551468,0.0603814170085375,0.0010266940451746365,-0.000768639508070712,0.005154639175257714
2013-09-02,44.0,107.6500015258789,82.08999633789062,3.5810000896453857,3.0183000564575195,303.20001220703125,307.8399963378906,25.24340057373047,1632.969970703125,2.749000072479248,3.575,3.713,107.98,115.97,242.745,297.39,7.2,3.5,3.981,215987.0,1027578.0,1788612.0,9094.0,15936.0,8255.0,166.25346382230043,-0.10051166611872939,-1.315464035833551,1.2281188083701766,0.05711472399576856,0.0033333333333334103,-0.0005108556832695843,0.011372447660894291
2013-09-09,43.72999954223633,109.5199966430664,81.79000091552734,3.6050000190734863,2.8024001121520996,303.20001220703125,311.5199890136719,25.93659210205078,1671.7099609375,2.8970000743865967,3.54,3.678,109.62,115.2,242.745,297.39,7.2,3.5,3.981,217645.0,1026960.0,1792300.0,8605.0,15896.0,8017.0,177.04997094712377,0.011796652400335703,-1.3701143011020058,1.418228767866642,0.05292635426786796,0.017377970866343073,0.018419033000767415,0.034294621979734874
2013-09-16,42.91999816894531,106.58999633789062,81.25,3.73799991607666,2.716599941253662,313.44000244140625,304.8800048828125,25.973745346069336,1697.5999755859375,2.874000072479248,3.475,3.617,106.54,110.86,242.745,297.39,7.2,3.5,3.974,216018.0,1022592.0,1786223.0,9028.0,16110.0,7578.0,167.4929109437306,-0.16670102209608373,-1.7357825811750907,0.974863893079425,0.03626448715900832,0.0,0.021817248459959027,0.03644884144753968
2013-09-23,42.29999923706055,103.58999633789062,80.44999694824219,3.6019999980926514,2.622999906539917,302.7200012207031,298.1600036621094,26.000947952270508,1701.8399658203125,2.7139999866485596,3.425,3.564,103.62,108.56,242.745,297.39,7.2,3.5,3.949,216235.0,1025227.0,1787704.0,8846.0,15591.0,7925.0,171.11067148993894,-0.1881041493021199,-1.455371073207313,1.0458246847395245,0.030398545905927277,-0.0017583521728208318,0.01897435897435895,0.03543512245961433
2013-09-30,42.47999954223633,102.33000183105469,80.22000122070312,3.559999942779541,2.634700059890747,292.4800109863281,294.79998779296875,25.777097702026367,1681.550048828125,2.615000009536743,3.354,3.507,102.36,107.85,242.745,297.39,7.2,3.5,3.919,219730.0,1030699.0,1792736.0,8527.0,15445.0,8363.0,180.38114225401665,0.10306597642599478,-0.9784903210211847,1.3289404253031851,0.02489495053366908,-0.006290890790136006,0.009200102223358098,0.03458213256484144
2013-10-07,42.880001068115234,103.02999877929688,79.94000244140625,3.628999948501587,2.6261000633239746,298.55999755859375,297.1199951171875,25.82062530517578,1676.1199951171875,2.634000062942505,3.298,3.445,103.07,109.66,241.954,295.64,7.2,3.5,3.897,219879.0,1037443.0,1794390.0,8846.0,14890.0,8043.0,173.9942346823423,0.07707084581688901,-0.4275881565302429,1.3811493564782995,0.008796080778523896,-0.007596859964547953,-0.015573976387842192,0.023772204806687514
2013-10-14,43.349998474121094,102.41000366210938,80.26000213623047,3.819999933242798,2.666800022125244,313.2799987792969,294.9599914550781,26.383358001708984,1710.1400146484375,2.690999984741211,3.296,3.451,102.46,110.13,241.954,295.64,7.2,3.5,3.886,217309.0,1041442.0,1794279.0,9077.0,14853.0,8004.0,167.58433403106753,-0.24665247894263118,-0.10972478876232983,1.3185045427858983,0.015158329437777063,-0.005613676958407865,-0.02110022607385076,0.007757951900698057
2013-10-21,43.29999923706055,99.22000122070312,79.68000030517578,3.6679999828338623,2.6538000106811523,301.2799987792969,287.5199890136719,26.908794403076172,1744.6600341796875,2.6089999675750732,3.31,3.463,99.28,109.47,241.954,295.64,7.2,3.5,3.886,215504.0,1046688.0,1797978.0,8797.0,14855.0,7656.0,171.48209616914858,-0.5144894213604457,0.30885029606533254,1.4849530873511094,0.01578643265584434,-0.002822684115986629,-0.022143935581278362,-0.004355623879067405
2013-10-28,43.099998474121094,98.68000030517578,79.25,3.569000005722046,2.6308999061584473,291.0400085449219,284.3999938964844,26.94609832763672,1762.1099853515625,2.51200008392334,3.235,3.4,98.74,108.29,241.954,295.64,7.2,3.5,3.87,213791.0,1050775.0,1792187.0,9054.0,15052.0,7459.0,165.2901480008836,-0.7960620871110441,0.6341473705260409,1.0845882224729124,0.013694054037312275,0.0,-0.015953405925550723,-0.007407407407407418
2013-11-04,41.79999923706055,94.62000274658203,80.55000305175781,3.444999933242798,2.5281999111175537,273.44000244140625,272.32000732421875,27.0953311920166,1767.9300537109375,2.6019999980926514,3.209,3.366,94.58,104.85,242.718,297.183,6.9,3.5,3.857,210036.0,1051964.0,1783402.0,9292.0,15068.0,7224.0,158.22772277227725,-1.3700536428878893,0.7129829728986091,0.5395064936306913,0.028372667950671282,-0.004117344312918214,-0.012503189589180841,-0.009976976208748933
2013-11-11,41.900001525878906,95.13999938964844,81.08999633789062,3.5739998817443848,2.5964999198913574,283.20001220703125,274.0799865722656,26.958534240722656,1771.8900146484375,2.750999927520752,3.133,3.303,95.13,105.76,242.718,297.183,6.9,3.5,3.832,209198.0,1054604.0,1777477.0,9032.0,15411.0,7844.0,162.13308237378212,-1.556172290896705,0.9072985679834568,0.17949440461849459,0.03893066440725823,-0.003359173126614934,-0.010264305876314994,-0.010010266940451706
2013-11-18,42.68000030517578,93.02999877929688,80.83000183105469,3.617000102996826,2.6568000316619873,286.7200012207031,268.9599914550781,27.04557228088379,1791.530029296875,2.677999973297119,3.161,3.333,93.03,108.8,242.718,297.183,6.9,3.5,3.822,208853.0,1054979.0,1765743.0,8924.0,15447.0,7863.0,163.82463021066786,-1.6897107325808827,0.9136644791115696,-0.5155634413154152,0.03735606829311333,-0.006481721545242514,-0.013896037056098876,-0.017435897435897463
2013-11-25,43.7400016784668,94.08999633789062,80.91999816894531,3.7890000343322754,2.6807000637054443,300.4800109863281,270.55999755859375,27.18238067626953,1802.47998046875,2.740999937057495,3.241,3.413,93.86,110.83,242.718,297.183,6.9,3.5,3.844,210604.0,1057932.0,1764104.0,8909.0,15551.0,7718.0,165.47625996183635,-1.5518527392482482,1.1207719171477486,-0.6268226250842849,0.040938226510148557,-0.0026096033402922547,-0.016469377251672634,-0.023255813953488302
2013-12-02,43.869998931884766,93.81999969482422,80.91000366210938,3.98799991607666,2.6784000396728516,309.6000061035156,269.44000244140625,26.893239974975586,1800.9000244140625,2.8010001182556152,3.209,3.387,93.61,111.49,245.733,303.304,6.7,3.5,3.883,212432.0,1052347.0,1757017.0,8873.0,16106.0,7809.0,167.58976670799052,-1.3497822018370575,0.6477395567425507,-1.0618533238286474,0.03567934638909942,0.005756148613291323,-0.00671834625323009,-0.03441346395378042
2013-12-09,43.119998931884766,97.33999633789062,80.12999725341797,4.23199987411499,2.6749000549316406,331.20001220703125,279.2799987792969,26.902568817138672,1808.3699951171875,2.8570001125335693,3.208,3.381,97.1,110.07,245.733,303.304,6.7,3.5,3.879,219149.0,1041343.0,1751875.0,8348.0,16131.0,6862.0,183.76173933876376,-0.31134363562214457,-0.22996169077713613,-1.3558867277092481,0.022508236733741693,0.010145681581685828,0.0067409904070521165,-0.024616930419492533
2013-12-16,43.130001068115234,97.4800033569336,80.06999969482422,4.2789998054504395,2.643699884414673,333.1199951171875,279.5199890136719,26.697383880615234,1786.5400390625,2.877000093460083,3.165,3.339,97.18,110.3,245.733,303.304,6.7,3.5,3.871,220486.0,1038402.0,1739278.0,9016.0,15931.0,7732.0,171.18478260869566,-0.11048713547351317,-0.46152508053452496,-2.049671172542029,0.0032472750408936157,-0.001030131341746121,0.012265135699373708,-0.023905385002516377
2013-12-23,44.040000915527344,98.91000366210938,80.44999694824219,4.4629998207092285,2.7802999019622803,352.79998779296875,282.8800048828125,27.0997314453125,1827.989990234375,2.928999900817871,3.198,3.368,98.62,111.58,245.733,303.304,6.7,3.5,3.873,219872.0,1033671.0,1726572.0,9176.0,16233.0,7535.0,167.73147340889275,-0.20957019835267765,-0.8291927063086352,-2.6613750238723433,0.004999725048116632,-0.0020623872131992904,0.012820512820512775,-0.0197518359078247
2013-12-30,43.91999816894531,99.29000091552734,80.0,4.427000045776367,2.7876999378204346,345.1199951171875,284.239990234375,27.380842208862305,1841.0699462890625,2.9760000705718994,3.264,3.425,98.9,110.47,245.733,303.304,6.7,3.5,3.903,220716.0,1026664.0,1719954.0,8893.0,16247.0,7495.0,173.7334982570561,-0.06862978079893574,-1.3619022652798032,-2.806271068058298,0.011371000872157477,0.0005166623611470023,0.007544224765869023,-0.011737688185761597
2014-01-06,42.380001068115234,93.43000030517578,80.6500015258789,4.306000232696533,2.6459999084472656,335.3599853515625,268.55999755859375,27.190305709838867,1826.77001953125,2.9609999656677246,3.261,3.434,93.12,106.71,250.34,308.4,6.6,-1.4,3.91,226959.0,1022706.0,1721744.0,8274.0,16134.0,7961.0,192.01269035532994,0.9224293748081044,-1.666270270509207,-2.5078327422163227,0.01110920872405452,0.0077459333849727585,0.005150656708730272,0.0015396458814473934
2014-01-13,41.86000061035156,91.80000305175781,80.51000213623047,4.27400016784668,2.6340999603271484,335.20001220703125,262.4800109863281,26.60308265686035,1819.199951171875,2.8269999027252197,3.267,3.435,91.45,108.02,250.34,308.4,6.6,-1.4,3.886,233142.0,1015048.0,1711484.0,8021.0,15731.0,6889.0,203.46515397082658,1.9606334741004297,-2.22523157949513,-2.805742984727127,0.008413187314624704,0.001793492185498291,0.007991750451147306,0.006176016469377155
2014-01-20,42.099998474121094,94.37000274658203,81.26000213623047,4.326000213623047,2.6203999519348145,334.0799865722656,269.5199890136719,26.865455627441406,1838.699951171875,2.8269999027252197,3.24,3.41,93.96,108.01,250.34,308.4,6.6,-1.4,3.873,235265.0,1016038.0,1707525.0,8059.0,15216.0,7544.0,204.34979525995783,2.3365990505248986,-2.06528311528255,-2.7365895135566864,-0.019320224879426973,-0.006138107416879812,0.003874967708602517,0.0
2014-01-27,42.470001220703125,95.72000122070312,80.5,4.8470001220703125,2.6217000484466553,373.9200134277344,273.8399963378906,26.247005462646484,1781.56005859375,2.7660000324249268,3.241,3.41,95.82,108.72,250.34,308.4,6.6,-1.4,3.904,234446.0,1022459.0,1703756.0,8584.0,15417.0,8048.0,191.18383038210627,2.16709255623104,-1.521236826049694,-2.663748451998196,-0.05042171890825453,-0.0033453422542459865,0.0,0.0007751937984497026
2014-02-03,42.06999969482422,96.43000030517578,81.01000213623047,4.90500020980835,2.6068999767303467,388.9599914550781,276.1600036621094,25.578569412231445,1741.8900146484375,2.5810000896453857,3.243,3.415,96.44,106.55,249.925,305.007,6.7,-1.4,3.951,234951.0,1022899.0,1698443.0,8452.0,15049.0,6887.0,194.58790818741127,2.2119929081691496,-1.4419178102488512,-2.651847710140001,-0.05941868536433215,0.00800413116447185,0.000256213169356867,0.012185636505055664
2014-02-10,42.9900016784668,100.05999755859375,80.66999816894531,4.578999996185303,2.7248001098632812,362.3999938964844,285.0400085449219,26.122060775756836,1799.8399658203125,2.677999973297119,3.257,3.423,100.12,110.18,249.925,305.007,6.7,-1.4,3.977,233098.0,1025952.0,1700277.0,8325.0,15215.0,7929.0,195.99831831831833,1.9041645524953181,-1.181968579587933,-2.3743521876360556,-0.05441254961221742,0.012038934426229497,0.010485933503836309,0.031054279749478164
2014-02-17,43.400001525878906,100.30000305175781,80.12999725341797,5.214000225067139,2.805299997329712,399.67999267578125,287.2799987792969,26.8717041015625,1838.6300048828125,2.746000051498413,3.326,3.491,100.31,108.63,249.925,305.007,6.7,-1.4,3.989,233407.0,1026925.0,1697777.0,8030.0,15178.0,7421.0,203.4681195516812,1.9548358463083573,-1.082129546149995,-2.298812733573408,-0.0455665836266097,0.006580612503163774,0.023417395779721906,0.04055468341182622
2014-02-24,44.08000183105469,102.81999969482422,80.20999908447266,5.445000171661377,2.8336000442504883,417.9200134277344,294.32000732421875,27.396467208862305,1847.6099853515625,2.75,3.394,3.555,103.17,109.76,249.925,305.007,6.7,-1.4,4.017,230600.0,1026993.0,1697279.0,8535.0,15299.0,7037.0,189.1271236086702,1.47951754733251,-1.0435226809789195,-2.1663440138598995,-0.04554139777262278,0.003017349761126553,0.02995094242189511,0.03772112382934445
2014-03-03,44.18000030517578,104.91999816894531,80.06999969482422,4.492000102996826,3.0202999114990234,398.0799865722656,300.1600036621094,27.202800750732422,1845.72998046875,2.6070001125335693,3.421,3.58,105.34,111.26,249.961,300.141,6.7,-1.4,4.016,228996.0,1028422.0,1699461.0,8411.0,15212.0,7112.0,190.5804303887766,1.2142716839689687,-0.9142248845546155,-1.9730490710089255,-0.04681208533359138,0.007019303083479755,0.02894467213114771,0.03450939994849356
2014-03-10,42.93000030517578,101.12000274658203,79.75,4.651000022888184,2.949399948120117,411.5199890136719,290.3999938964844,27.537017822265625,1877.1700439453125,2.7839999198913574,3.452,3.605,101.39,108.27,249.961,300.141,6.7,-1.4,4.021,223766.0,1034302.0,1697592.0,8949.0,14987.0,7311.0,175.03207062241592,0.40492793879417344,-0.4915007983450624,-1.9287936798852834,-0.04808258938387788,-0.00024894199651492865,0.016451531257909435,0.03531838102603757
2014-03-17,42.470001220703125,98.08000183105469,79.38999938964844,4.535999774932861,2.8810999393463135,398.55999755859375,281.20001220703125,27.12470817565918,1858.8299560546875,2.6989998817443848,3.489,3.638,98.43,106.99,249.961,300.141,6.7,-1.4,4.003,222299.0,1040152.0,1697080.0,8512.0,14951.0,7309.0,182.81167763157896,0.18184805581708938,-0.08040488267771982,-1.8524575639692251,-0.03093152743780525,0.0012450199203186685,0.011063615790797066,0.03874967708602428
2014-03-24,42.560001373291016,99.5999984741211,79.93000030517578,4.276000022888184,2.890899896621704,382.8800048828125,286.55999755859375,27.27066993713379,1857.43994140625,2.7330000400543213,3.487,3.642,100.05,106.59,249.961,300.141,6.7,-1.4,3.988,217198.0,1046771.0,1702538.0,9002.0,15092.0,7617.0,168.89424572317262,-0.5990648373767709,0.3750383680808266,-1.6171046200930734,-0.017569021942059004,-0.004476498383486627,0.0035096515417398777,0.0335657113348824
2014-03-31,43.04999923706055,101.58000183105469,80.0999984741211,4.370999813079834,2.9110000133514404,390.7200012207031,292.7200012207031,27.954944610595703,1872.3399658203125,2.7230000495910645,3.521,3.673,101.57,105.95,249.961,300.141,6.7,-1.4,3.975,215624.0,1044392.0,1701267.0,8713.0,15315.0,6831.0,173.2317227131872,-0.8257836381080907,0.225534485054672,-1.5928183214196798,-0.005551741307719071,-0.003747189607794188,-0.0072193178989296,0.021778119395336804
2014-04-07,42.31999969482422,100.44000244140625,80.22000122070312,4.47599983215332,2.9260001182556152,398.7200012207031,290.239990234375,27.826257705688477,1845.0400390625,2.694999933242798,3.533,3.697,100.43,104.89,249.864,305.367,6.2,5.3,3.959,210436.0,1048070.0,1706406.0,8996.0,15337.0,7312.0,163.74522009782126,-1.5937424295881792,0.4928339265276522,-1.3975461810545093,0.0026420629578387533,-0.003259779338014024,-0.010209163346613481,0.01662404092071612
2014-04-14,43.540000915527344,104.05000305175781,79.7300033569336,4.559999942779541,3.0383999347686768,406.0799865722656,299.0400085449219,28.14328384399414,1830.6099853515625,2.6389999389648438,3.581,3.743,104.05,107.68,249.864,305.367,6.2,5.3,3.952,210282.0,1057460.0,1720244.0,8616.0,15613.0,8271.0,170.84192200557104,-1.5459031677377775,1.150239064656709,-0.9868734999859614,0.002840548223617123,-0.004025157232704357,-0.01541904998756527,0.018785383427689206
2014-04-21,43.959999084472656,104.37000274658203,79.94999694824219,4.697000026702881,3.086899995803833,418.0799865722656,301.1199951171875,29.32350730895996,1871.8900146484375,2.7209999561309814,3.612,3.779,104.35,109.69,249.864,305.367,6.2,5.3,3.971,210008.0,1060446.0,1731728.0,8430.0,15980.0,7796.0,174.3838671411625,-1.51984208999134,1.3459298586803852,-0.6626200113842194,0.005288561515645718,-0.0017681232634504385,-0.01274044466650015,0.020397624580428486
2014-04-28,43.290000915527344,100.83999633789062,79.68000030517578,4.795000076293945,3.040299892425537,423.20001220703125,293.67999267578125,29.314083099365234,1869.4300537109375,2.677000045776367,3.635,3.802,101.13,109.12,249.864,305.367,6.2,5.3,3.975,211572.0,1061189.0,1738685.0,8693.0,15954.0,7483.0,170.36742206372944,-1.2452820574638475,1.380019202202145,-0.47004238398397064,-0.010295390074805844,0.004807692307692291,-0.004262788365095305,0.017161885245901676
2014-05-05,42.9900016784668,99.4800033569336,79.48999786376953,4.688000202178955,2.9091999530792236,416.4800109863281,289.1199951171875,29.5557804107666,1884.6600341796875,2.6110000610351562,3.606,3.777,99.74,109.48,249.213,301.296,6.3,5.3,3.964,213180.0,1058868.0,1745356.0,8719.0,15904.0,6885.0,171.15036127996328,-0.9933054634698674,1.2271753143946995,-0.284307201656734,-0.011466900762489796,0.0010073029463610883,0.0,0.006074411541381997
2014-05-12,43.290000915527344,100.58999633789062,79.9000015258789,4.434000015258789,2.914599895477295,392.1600036621094,292.7200012207031,29.60914421081543,1896.6500244140625,2.6559998989105225,3.597,3.771,100.89,108.37,249.213,301.296,6.3,5.3,3.948,212408.0,1058471.0,1747460.0,9191.0,15667.0,7127.0,161.77303884234578,-1.0918580167329703,1.2138602416270832,-0.2191318441921173,-0.019937995961204824,-0.0027672955974843427,0.0012629451881787102,-0.003268795574553618
2014-05-19,43.90999984741211,102.61000061035156,79.98999786376953,4.46999979019165,2.964600086212158,396.1600036621094,299.0400085449219,29.408248901367188,1885.0799560546875,2.5360000133514404,3.593,3.763,102.95,110.84,249.213,301.296,6.3,5.3,3.934,213378.0,1050696.0,1748988.0,9174.0,15949.0,6469.0,162.81294964028777,-0.9323349024741856,0.6918779862465172,-0.1687269502725118,-0.005433299047644002,-0.004036326942482349,-0.0010121457489878916,-0.0102782652293808
2014-05-26,44.38999938964844,104.3499984741211,80.38999938964844,4.40500020980835,3.0234999656677246,389.760009765625,305.44000244140625,29.552637100219727,1900.530029296875,2.5360000133514404,3.607,3.773,105.01,110.01,249.213,301.296,6.3,5.3,3.925,211575.0,1052353.0,1752183.0,9310.0,15851.0,7809.0,159.07894736842104,-1.153216349188448,0.834133935131029,-0.07377214774765596,0.014837410348220947,-0.0035460992907800915,-0.009317552253840344,-0.02066218571072942
2014-06-02,43.709999084472656,102.47000122070312,80.63999938964844,4.611999988555908,2.949899911880493,408.32000732421875,300.239990234375,29.879087448120117,1924.969970703125,2.5339999198913574,3.624,3.786,103.07,109.34,249.714,302.293,6.1,5.3,3.918,211785.0,1048922.0,1760978.0,9104.0,16057.0,7123.0,162.83996045694198,-1.09052421632117,0.6246697567855345,0.17105311164182085,0.03154222672815088,-0.0022877478393493744,-0.012578616352201366,-0.022659362549800832
2014-06-09,44.04999923706055,104.41000366210938,80.6500015258789,4.644999980926514,2.984800100326538,411.3599853515625,305.44000244140625,30.43467140197754,1951.27001953125,2.61299991607666,3.61,3.768,105.09,110.55,249.714,302.293,6.1,5.3,3.892,213482.0,1046192.0,1767029.0,8624.0,15547.0,7146.0,173.28084415584416,-0.83255990228547,0.44857376841288565,0.3413833833312841,0.04181401804604978,-0.0017834394904457929,-0.01160443995963667,-0.025615518527729364
2014-06-16,45.599998474121094,106.9000015258789,80.47000122070312,4.706999778747559,3.0717999935150146,416.9599914550781,313.3599853515625,31.07813835144043,1937.780029296875,2.5969998836517334,3.621,3.777,107.52,113.42,249.714,302.293,6.1,5.3,3.882,214267.0,1045614.0,1773073.0,9258.0,15397.0,7234.0,162.00788507236982,-0.7022214779323984,0.43692541773929905,0.5195852372190245,0.025806634372963932,-0.0066360387953038336,-0.014184397163120588,-0.02772920309767679
2014-06-23,46.029998779296875,106.16999816894531,80.26000213623047,4.446000099182129,3.107599973678589,395.0400085449219,313.2799987792969,31.941431045532227,1962.6099853515625,2.622999906539917,3.639,3.8,106.83,113.62,249.714,302.293,6.1,5.3,3.919,214977.0,1047356.0,1778246.0,8813.0,15672.0,7341.0,170.75218427323273,-0.5861293083733882,0.6030354091597055,0.6808460251706212,0.027250501272502836,-0.002569373072970116,-0.013218098627351349,-0.026579739217652887
2014-06-30,45.369998931884766,105.37000274658203,79.77999877929688,4.460999965667725,3.0769999027252197,393.6000061035156,311.0400085449219,31.56616973876953,1960.22998046875,2.5160000324249268,3.635,3.793,106.07,111.03,249.714,302.293,6.1,5.3,3.92,213742.0,1044201.0,1777806.0,9168.0,16218.0,7265.0,163.19742582897032,-0.7260176455133065,0.3938582869858849,0.7001251036655037,0.013363091997822485,0.009531169500257564,-0.0015286624203820764,-0.014088050314465472
2014-07-07,44.400001525878906,103.52999877929688,80.22000122070312,4.224999904632568,2.989000082015991,373.6000061035156,305.3599853515625,31.41480255126953,1977.6500244140625,2.617000102996826,3.605,3.766,104.19,108.7,248.744,299.785,6.2,5.0,3.913,214321.0,1041794.0,1782338.0,8935.0,16252.0,7285.0,167.90677112479017,-0.6225397387760813,0.21854450604651834,0.842647243433787,0.015453341580923707,0.0002551671344730444,0.0005104645227156368,-0.009850972467794983
2014-07-14,43.459999084472656,100.91000366210938,80.19000244140625,4.146999835968018,2.925100088119507,366.239990234375,298.55999755859375,31.298120498657227,1977.0999755859375,2.5490000247955322,3.56,3.725,101.73,104.73,248.744,299.785,6.2,5.0,3.894,214492.0,1034269.0,1783564.0,9057.0,16626.0,7427.0,165.77718891465165,-0.5808941284849976,-0.37153526749364785,0.8837569560517973,0.025071933036882044,-0.0017857142857142794,0.0053956834532373765,-0.009868421052631637
2014-07-21,43.45000076293945,104.58999633789062,80.55999755859375,3.8489999771118164,2.891400098800659,340.9599914550781,304.79998779296875,31.2634334564209,1973.6300048828125,2.4739999771118164,3.523,3.692,105.34,105.71,248.744,299.785,6.2,5.0,3.869,217871.0,1030300.0,1788801.0,8792.0,16598.0,7407.0,173.4641719745223,-0.10795753152195797,-0.6820142018804856,1.0356203692780712,0.01864784093681382,-0.004855609506772218,0.0030911901081915882,-0.01939058171745156
2014-07-28,43.400001525878906,101.66999816894531,81.02999877929688,3.746999979019165,2.8492000102996826,331.5199890136719,301.1199951171875,31.408493041992188,1978.9100341796875,2.490999937057495,3.468,3.639,105.68,106.7,248.744,299.785,6.2,5.0,3.858,218236.0,1026603.0,1788308.0,9006.0,16551.0,7744.0,169.62602709304906,-0.04720845345172813,-0.9682371974713088,1.0199993565818894,0.018474693722787983,-0.006420133538777573,-0.012758356723653996,-0.026666666666666616
2014-08-04,42.52000045776367,98.29000091552734,81.33000183105469,3.8340001106262207,2.724900007247925,339.0400085449219,291.8399963378906,30.733646392822266,1938.989990234375,2.490999937057495,3.449,3.622,98.26,103.63,245.699,294.803,6.1,5.0,3.853,213849.0,1025139.0,1780200.0,9359.0,16393.0,7563.0,159.94689603590126,-0.6214934823502819,-1.0677619008170671,0.7945289279603008,0.014197058573493182,-0.002843111915223573,-0.015816326530612157,-0.026740665993945423
2014-08-11,42.18000030517578,98.08000183105469,81.47000122070312,3.9649999141693115,2.752500057220459,350.7200012207031,289.760009765625,30.465621948242188,1936.9200439453125,2.4200000762939453,3.447,3.612,98.09,103.47,245.699,294.803,6.1,5.0,3.843,212689.0,1026540.0,1781719.0,8922.0,16214.0,7846.0,166.87099305088543,-0.752587964916087,-0.9438700668506628,0.8456792968642125,0.025959422058535075,-0.0012960082944530882,-0.015333503705596607,-0.024062816616008065
2014-08-18,40.810001373291016,96.41000366210938,81.58000183105469,3.7920000553131104,2.6559998989105225,333.760009765625,280.4800109863281,30.47190284729004,1971.739990234375,2.38700008392334,3.408,3.577,96.44,99.37,245.699,294.803,6.1,5.0,3.835,213274.0,1022066.0,1781037.0,8775.0,16418.0,7459.0,170.1331054131054,-0.647592668665045,-1.2849403944318885,0.8321543155159238,0.02273212938452085,-0.0025953802232027146,-0.013097072419106404,-0.02313167259786486
2014-08-25,41.189998626708984,93.3499984741211,82.55000305175781,3.937000036239624,2.7497000694274902,347.5199890136719,278.9599914550781,30.86293601989746,1997.9200439453125,2.38700008392334,3.397,3.563,95.39,100.49,245.699,294.803,6.1,5.0,3.821,212314.0,1019996.0,1782459.0,9100.0,16542.0,7633.0,163.31846153846155,-0.7597944589034756,-1.4275198969359948,0.8755999441007367,0.023198458237755126,-0.002081706999739752,-0.008787800465236528,-0.02292993630573248
2014-09-01,41.34000015258789,95.95999908447266,82.75,4.065000057220459,2.7827000617980957,356.1600036621094,286.0799865722656,31.137285232543945,2003.3699951171875,2.3429999351501465,3.41,3.577,97.86,101.12,241.61,287.003,5.9,5.0,3.814,209992.0,1019091.0,1783936.0,9480.0,16428.0,7675.0,155.05738396624474,-1.0492984569159367,-1.4611624473950167,0.9216112284702512,0.025711080947787845,-0.003650586701434144,-0.009590461378952808,-0.02475752935171005
2014-09-08,40.2400016784668,92.66000366210938,84.2300033569336,3.875999927520752,2.5618999004364014,338.239990234375,277.6000061035156,30.137636184692383,2001.5400390625,2.4690001010894775,3.406,3.571,92.64,99.53,241.61,287.003,5.9,5.0,3.814,212373.0,1018400.0,1793690.0,8611.0,16332.0,7621.0,172.6409243990245,-0.7113932572880669,-1.4800153703466412,1.2021906810513228,0.028277573304958947,-0.0018319811567653055,-0.010121982870490598,-0.020041109969167525
2014-09-15,39.029998779296875,92.91999816894531,84.26000213623047,3.930999994277954,2.5308001041412354,342.3999938964844,276.4800109863281,29.711925506591797,1984.1300048828125,2.5910000801086426,3.352,3.518,92.86,96.43,241.61,287.003,5.9,5.0,3.801,210738.0,1022073.0,1798592.0,8707.0,16304.0,8114.0,169.42299299414265,-0.9082025899102224,-1.1779679657528555,1.3387600066439653,0.019448889974228,0.0,-0.007546187874056698,-0.017516743946419333
2014-09-22,38.63999938964844,91.5199966430664,84.66999816894531,3.8499999046325684,2.584700107574463,335.5199890136719,273.5199890136719,29.29110336303711,1994.2900390625,2.565999984741211,3.296,3.47,91.46,95.37,241.61,287.003,5.9,5.0,3.778,210324.0,1017800.0,1799516.0,8781.0,16214.0,6870.0,167.66518619747183,-0.9419371409178077,-1.4890103171465678,1.3474651870920715,0.01823410434262751,-0.0034084950183533858,-0.008865710560625795,-0.030109721867823347
2014-09-29,38.70000076293945,94.56999969482422,85.58999633789062,4.1539998054504395,2.6963000297546387,353.2799987792969,284.1600036621094,29.08824348449707,1977.800048828125,2.490999937057495,3.304,3.478,94.53,95.7,241.61,287.003,5.9,5.0,3.755,208488.0,1016435.0,1793697.0,8660.0,15689.0,7284.0,168.52378752886835,-1.1556160763842616,-1.5584687140131244,1.1691727489609576,0.009328928187984031,-0.006051039200210551,-0.011253598534415099,-0.0362244897959183
2014-10-06,37.02000045776367,90.33999633789062,85.70999908447266,3.8980000019073486,2.4131999015808105,335.3599853515625,272.32000732421875,27.978853225708008,1964.8199462890625,2.424999952316284,3.246,3.432,90.33,90.65,237.061,278.463,5.7,2.0,3.733,209668.0,1021349.0,1797403.0,8645.0,15554.0,7712.0,169.77165991902834,-0.9647585105868336,-1.1595247507258395,1.2709285475925864,-0.014219487984990842,-0.0060878771836950785,-0.015469323544834879,-0.040378226424737984
2014-10-13,35.119998931884766,85.73999786376953,85.43000030517578,3.9159998893737793,2.2553000450134277,335.5199890136719,255.9199981689453,25.66498374938965,1874.739990234375,2.2860000133514404,3.147,3.335,85.73,87.82,237.061,278.463,5.7,2.0,3.698,205673.0,1030271.0,1798447.0,9043.0,15321.0,7740.0,159.20723211323676,-1.4362826182649189,-0.49942530586322764,1.295717649307654,-0.01282235957606559,-0.0058588548601863355,-0.021237545883586728,-0.041345659989727834
2014-10-20,33.779998779296875,82.70999908447266,84.94999694824219,3.6700000762939453,2.200200080871582,315.5199890136719,249.1199951171875,26.441543579101562,1904.010009765625,2.180999994277954,3.07,3.257,82.76,84.42,237.061,278.463,5.7,2.0,3.656,204374.0,1037382.0,1802839.0,8836.0,15208.0,7477.0,161.9078768673608,-1.5415943249439497,0.01271492599583614,1.4113371526677279,-0.003215104223507681,-0.009375837128315023,-0.02709813207050782,-0.04419746704574834
2014-10-27,33.810001373291016,81.0,85.5,3.561000108718872,2.1702001094818115,304.1600036621094,245.1199951171875,26.5620059967041,1961.6300048828125,2.256999969482422,3.016,3.188,81.26,85.64,237.061,278.463,5.7,2.0,3.635,203138.0,1039442.0,1794368.0,8867.0,15129.0,7101.0,160.36607646329085,-1.6313741373159598,0.16974651967408474,1.1703671433740097,-0.0017394568616881934,-0.011357490535424453,-0.032292218104817305,-0.05235873509590461
2014-11-03,33.349998474121094,78.77999877929688,87.30999755859375,4.046000003814697,2.1175999641418457,337.9200134277344,238.0800018310547,27.272003173828125,2017.81005859375,2.3480000495910645,2.956,3.133,78.77,84.9,229.016,262.282,5.8,2.0,3.623,201760.0,1039902.0,1791939.0,9162.0,15485.0,6675.0,154.1497489631085,-1.7311269815900379,0.2192495012930459,1.1008008566778276,0.004543648281011947,-0.005743982494529676,-0.031957390146471365,-0.05657928886581898
2014-11-10,32.56999969482422,77.4000015258789,87.80999755859375,4.255000114440918,2.101099967956543,359.20001220703125,234.72000122070312,27.5762996673584,2038.260009765625,2.3589999675750732,2.907,3.085,77.43,82.9,229.016,262.282,5.8,2.0,3.677,203565.0,1037116.0,1785657.0,9005.0,15752.0,6877.0,158.24042198778457,-1.4650264361200438,0.03898764545829919,0.9192643890083407,0.019507635321661887,-0.0033012379642364253,-0.02946691668899004,-0.05724694249284412
2014-11-17,31.149999618530273,75.63999938964844,87.93000030517578,4.341000080108643,2.0262999534606934,359.20001220703125,229.44000244140625,27.183263778686523,2041.3199462890625,2.3399999141693115,2.856,3.037,75.64,76.86,229.016,262.282,5.8,2.0,3.661,204599.0,1039724.0,1785693.0,9194.0,15913.0,7638.0,155.7747443985208,-1.314386358652616,0.253855167623284,0.9127181247784641,0.01848878987430247,0.014904775048302454,-0.005678745267712282,-0.04119947848761407
2014-11-24,31.329999923706055,75.77999877929688,88.1500015258789,4.151000022888184,2.033400058746338,349.6000061035156,229.9199981689453,27.83620834350586,2069.409912109375,2.309999942779541,2.781,2.964,75.74,79.62,229.016,262.282,5.8,2.0,3.628,206424.0,1041670.0,1781017.0,9254.0,15957.0,7473.0,156.14523449319213,-1.0865652781645139,0.42441012421976565,0.7693938246141095,0.028047542647588575,-0.00435137340223013,0.001367614879649759,-0.041873855011777095
2014-12-01,28.610000610351562,69.0,87.94999694824219,4.006999969482422,1.88100004196167,327.3599853515625,210.55999755859375,25.38921546936035,2053.43994140625,2.2179999351501465,2.738,2.922,68.98,70.87,218.536,238.491,5.6,2.0,3.605,208567.0,1037980.0,1779879.0,9425.0,16356.0,7303.0,154.9038726790451,-0.8297552822788806,0.17864228523270545,0.7262270133688072,0.03824761156916634,-0.009013930620049182,-0.0019257221458045537,-0.04876769795490299
2014-12-08,26.049999237060547,63.04999923706055,89.04000091552734,3.5950000286102295,1.7065999507904053,295.5199890136719,191.27999877929688,24.416122436523438,2060.31005859375,2.256999969482422,2.634,2.819,63.13,65.64,218.536,238.491,5.6,2.0,3.535,216764.0,1039276.0,1787168.0,8549.0,16627.0,7668.0,177.48836121183766,0.09391286522363855,0.3028940762630627,0.9065580997773669,0.044447639713123044,-0.006339581036383768,-0.0049682583494342625,-0.05479811221814368
2014-12-15,23.68000030517578,55.90999984741211,88.45999908447266,3.7190001010894775,1.5764000415802002,304.32000732421875,168.47999572753906,23.252840042114258,1989.6300048828125,2.115999937057495,2.499,2.694,55.96,61.09,218.536,238.491,5.6,2.0,3.419,222014.0,1038429.0,1788353.0,9373.0,16301.0,7104.0,165.80582524271844,0.6834004615734932,0.24086747745716353,0.9129947410232624,0.031081437154435898,-0.01941747572815533,-0.03861843894479189,-0.06998158379373853
2014-12-22,23.469999313354492,55.2599983215332,89.7699966430664,3.1440000534057617,1.534999966621399,261.760009765625,167.36000061035156,25.435302734375,2078.5400390625,2.1619999408721924,2.341,2.544,55.25,58.31,218.536,238.491,5.6,2.0,3.281,226097.0,1045696.0,1794787.0,9518.0,16341.0,8292.0,166.28272746375288,1.132275667435771,0.8024769605759493,1.0526391766048977,0.035343908436146876,-0.03281471004243286,-0.06610215788036056,-0.09502382212811011
2014-12-29,22.649999618530273,53.61000061035156,90.19000244140625,3.188999891281128,1.4528000354766846,257.1199951171875,162.39999389648438,25.642606735229492,2090.570068359375,2.2070000171661377,2.229,2.436,53.46,57.86,218.536,238.491,5.6,2.0,3.213,229048.0,1043942.0,1797611.0,9614.0,16377.0,7061.0,166.7709590180986,1.4316853990771965,0.6451860678023967,1.08759589038958,0.042036302597018516,-0.04036267914594904,-0.09564498346196249,-0.1262316910785618
2015-01-05,20.700000762939453,50.040000915527344,91.37999725341797,2.881999969482422,1.3813999891281128,237.9199981689453,150.32000732421875,24.31583023071289,2020.5799560546875,2.0390000343322754,2.136,2.346,50.05,51.08,199.926,199.553,5.7,3.6,3.137,237163.0,1039767.0,1802762.0,8809.0,16420.0,6856.0,188.45964354637303,2.2670681619950477,0.29914103894399835,1.18187117526076,0.04573923275145275,-0.020725388601036232,-0.10873786407766983,-0.13929815162068038
2015-01-12,18.68000030517578,46.06999969482422,91.9800033569336,2.7950000762939453,1.2745000123977661,226.8800048828125,139.27999877929688,23.652441024780273,2028.260009765625,1.9119999408721924,2.066,2.273,46.06,46.9,199.926,199.553,5.7,3.6,3.053,240334.0,1045154.0,1812743.0,8875.0,15893.0,7492.0,189.55921126760563,2.498057437052541,0.6947616560571226,1.3978689308077807,0.051855289178780906,-0.023653906006847247,-0.11258840169731266,-0.15170362358031364
2015-01-19,19.170000076293945,48.689998626708984,92.5199966430664,3.127000093460083,1.3588000535964966,251.0399932861328,146.63999938964844,23.993703842163086,2019.4200439453125,1.815000057220459,1.999,2.198,48.49,47.38,199.926,199.553,5.7,3.6,2.933,240922.0,1055224.0,1814846.0,8851.0,14909.0,7218.0,190.53824426618462,2.4692797198786205,1.465294168887616,1.3986226820753282,0.03589872343741218,-0.02677717564552118,-0.10704884469143028,-0.16493435448577687
2015-01-26,18.459999084472656,45.150001525878906,94.80000305175781,2.88100004196167,1.3166999816894531,232.8000030517578,134.9600067138672,24.80061912536621,2057.090087890625,1.8279999494552612,1.982,2.173,44.8,46.07,199.926,199.553,5.7,3.6,2.866,238335.0,1064097.0,1816813.0,9022.0,15256.0,7422.0,184.91964087785414,2.1447303002332303,2.1263095461385175,1.3984791607490248,0.015390632089781198,-0.0393056010481494,-0.10606522401706808,-0.1931224209078405
2015-02-02,21.010000228881836,49.56999969482422,94.5,2.680000066757202,1.544600009918213,218.72000122070312,148.9600067138672,24.8325138092041,2020.8499755859375,1.6729999780654907,2.013,2.198,49.25,51.74,203.021,206.901,5.5,3.6,2.831,240670.0,1070430.0,1829056.0,8442.0,15544.0,7387.0,199.56053067993366,2.334005298489525,2.5002891468194783,1.67285653240291,-0.0021823974856018946,-0.022843504943743542,-0.10799875505757861,-0.20894286502898152
2015-02-09,22.280000686645508,52.86000061035156,94.44999694824219,2.5969998836517334,1.5781999826431274,212.8000030517578,158.16000366210938,25.483142852783203,2046.739990234375,1.9479999542236328,2.133,2.318,52.99,57.0,203.021,206.901,5.5,3.6,2.835,242647.0,1074756.0,1830719.0,8282.0,15564.0,7286.0,205.0868147790389,2.4613081954764406,2.6506270481854206,1.6596191694863056,-0.012460010102710917,-0.01221214235868806,-0.09754542556582724,-0.2300788686429155
2015-02-16,23.049999237060547,52.779998779296875,94.19999694824219,2.803999900817871,1.6261999607086182,227.52000427246094,156.9600067138672,26.16567039489746,2096.989990234375,2.0209999084472656,2.206,2.384,52.66,61.57,203.021,206.901,5.5,3.6,2.865,243132.0,1082471.0,1829856.0,8809.0,15442.0,7105.0,193.20286071063686,2.4057675111654917,2.991444046676765,1.581238599513017,-0.029011288884475017,0.0014129282938890597,-0.07140517523747136,-0.22562141491395793
2015-02-23,22.15999984741211,49.45000076293945,94.56999969482422,2.878999948501587,1.6461999416351318,233.44000244140625,144.8800048828125,25.582014083862305,2109.659912109375,2.059000015258789,2.256,2.432,49.56,59.78,203.021,206.901,5.5,3.6,2.9,240014.0,1090898.0,1832076.0,8915.0,15243.0,7279.0,188.45743129556925,2.0331476707396536,3.271679888885104,1.5965861022749201,-0.03181831897202014,0.010582010582010692,-0.023184452778724718,-0.21030871003307605
2015-03-02,22.530000686645508,49.59000015258789,95.45999908447266,2.697999954223633,1.8973000049591064,218.72000122070312,146.55999755859375,25.027061462402344,2117.389892578125,2.0840001106262207,2.36,2.534,49.59,60.75,205.757,214.684,5.4,3.6,2.936,240060.0,1101201.0,1834373.0,8630.0,15113.0,7368.0,194.71842410196987,1.9697958389360906,3.553579747764127,1.6195338562346446,-0.03560614870423262,0.012216404886561838,0.011863224005582707,-0.19556171983356452
2015-03-09,22.010000228881836,50.0,97.58999633789062,2.677999973297119,1.8746999502182007,217.9199981689453,146.8000030517578,24.312637329101562,2079.429931640625,2.194999933242798,2.367,2.542,49.95,58.67,205.757,214.684,5.4,3.6,2.944,239873.0,1106378.0,1837481.0,8515.0,15300.0,6793.0,197.1944803288315,1.883320283369624,3.4157466911157397,1.6681010922583837,-0.030800061130878076,0.012413793103448256,0.037089367714588484,-0.1694483734087695
2015-03-16,20.110000610351562,43.880001068115234,99.5999984741211,2.7160000801086426,1.728600025177002,222.24000549316406,130.8000030517578,24.124465942382812,2081.18994140625,2.0980000495910645,2.339,2.514,43.93,52.0,205.757,214.684,5.4,3.6,2.917,235400.0,1116000.0,1844467.0,9260.0,15436.0,7496.0,177.94816414686824,1.4345229351943047,3.5035816810882525,1.8385557691776229,-0.023367798286304087,0.0027247956403269047,0.0384479717813051,-0.13892951155308575
2015-03-23,20.770000457763672,47.45000076293945,97.02999877929688,2.7330000400543213,1.8039000034332275,222.39999389648438,134.24000549316406,24.60948371887207,2104.419921875,1.9149999618530273,2.347,2.519,47.4,53.82,205.757,214.684,5.4,3.6,2.864,233386.0,1124169.0,1854943.0,8619.0,15530.0,7392.0,189.54658313029356,1.226245369064952,3.4530447958260035,2.120850385873507,-0.01232762088317485,-0.009171195652173947,0.018150087260034864,-0.11094178604084126
2015-03-30,20.93000030517578,48.68000030517578,97.9800033569336,2.6440000534057617,1.8006000518798828,212.32000732421875,137.83999633789062,25.059032440185547,2086.239990234375,1.9630000591278076,2.348,2.53,48.66,53.99,205.757,214.684,5.4,3.6,2.824,229128.0,1128935.0,1858147.0,9435.0,15728.0,7348.0,169.99427662957075,0.8467306148493949,3.246206965214346,2.167231269038786,-0.01979729089703519,-0.018169352074048684,-0.012413793103448256,-0.10862122626828519
2015-04-06,21.459999084472656,52.13999938964844,97.11000061035156,2.6500000953674316,1.8424999713897705,213.44000244140625,147.44000244140625,25.40582847595215,2080.6201171875,1.9040000438690186,2.315,2.502,52.08,55.73,203.577,211.577,5.4,2.5,2.784,229945.0,1140614.0,1873015.0,8610.0,15929.0,8217.0,186.9471544715447,0.8853367412648268,3.329964484543001,2.5909888925024886,0.0011757625260624405,-0.013966480446927387,-0.038147138964577665,-0.09977685686962068
2015-04-13,21.540000915527344,51.90999984741211,99.48999786376953,2.510999917984009,1.8046000003814697,201.44000244140625,148.0,25.476459503173828,2092.429931640625,1.9390000104904175,2.317,2.51,51.95,57.14,203.577,211.577,5.4,2.5,2.754,227873.0,1141906.0,1880257.0,8914.0,16212.0,7148.0,178.9444693740184,0.6904125386755204,3.0072556592713333,2.7313634400978986,0.004663930264777072,-0.014164305949008527,-0.05434782608695654,-0.08811005568293484
2015-04-20,23.110000610351562,56.380001068115234,97.94000244140625,2.5360000133514404,1.93149995803833,204.47999572753906,159.1199951171875,26.401254653930664,2100.39990234375,1.8949999809265137,2.393,2.582,56.37,61.2,203.577,211.577,5.4,2.5,2.78,225738.0,1147221.0,1889403.0,9185.0,15982.0,7765.0,172.03767011431682,0.49633162047191104,2.8894324981206037,2.8713638540018014,-0.005649887561217759,-0.010775862068965414,-0.05587932807679119,-0.06102966246164332
2015-04-27,23.540000915527344,56.9900016784668,96.7699966430664,2.490000009536743,2.009000062942505,198.24000549316406,156.16000366210938,26.2952880859375,2108.919921875,1.9240000247955322,2.451,2.643,55.56,62.86,203.577,211.577,5.4,2.5,2.811,227451.0,1149129.0,1896936.0,8920.0,16100.0,7446.0,178.49293721973095,0.6091356970091084,2.6895338737706322,2.9017059299653876,0.008531928731028593,0.009440813362382006,-0.029329608938547524,-0.03000697836706223
2015-05-04,24.219999313354492,58.93000030517578,95.4800033569336,2.821000099182129,2.033900022506714,222.39999389648438,162.24000549316406,26.542545318603516,2114.489990234375,2.134999990463257,2.517,2.703,58.92,64.62,208.973,225.281,5.6,2.5,2.854,227852.0,1145027.0,1903149.0,8785.0,16347.0,6541.0,181.5553784860558,0.6171105364521703,2.3652968621404455,2.8644035786089286,-0.00632235199217368,0.011151079136690667,-0.004603399433427691,-0.00706464146944541
2015-05-11,23.600000381469727,59.25,95.01000213623047,2.802000045776367,1.9864000082015991,222.55999755859375,163.0399932861328,25.759048461914062,2105.330078125,2.2739999294281006,2.547,2.738,59.23,62.82,208.973,225.281,5.6,2.5,2.878,226710.0,1142835.0,1897593.0,9201.0,15968.0,6881.0,172.4779915226606,0.5044527641580207,2.149613280311025,2.4960269892872096,-0.0015830455393724963,0.01529704731412318,0.025143678160919558,0.006701940035273468
2015-05-18,23.889999389648438,59.43000030517578,94.19000244140625,3.009999990463257,2.041100025177002,238.39999389648438,163.52000427246094,25.92601203918457,2129.199951171875,2.2279999256134033,2.604,2.789,59.44,65.15,208.973,225.281,5.6,2.5,2.904,223936.0,1140474.0,1895417.0,9261.0,16213.0,7199.0,169.26379440665156,0.26448597282055325,1.962991657269965,2.2826195702627166,0.006398541398541457,0.008409250175192673,0.04502541757443712,0.0045375218150087715
2015-05-25,23.59000015258789,59.720001220703125,96.01000213623047,2.88700008392334,2.0539000034332275,226.39999389648438,162.0,25.752620697021484,2126.06005859375,2.2149999141693115,2.642,2.825,58.88,64.7,208.973,225.281,5.6,2.5,2.914,220627.0,1138259.0,1898236.0,9734.0,16450.0,6696.0,158.6592356687898,-0.012857096504938678,1.8025464557097806,2.227810700278987,0.00832963389500474,0.009034051424600342,0.04460431654676267,0.0013793103448276334
2015-06-01,23.399999618530273,60.20000076293945,97.38999938964844,2.6489999294281006,2.0422000885009766,206.24000549316406,162.8800048828125,25.107192993164062,2111.72998046875,2.191999912261963,2.656,2.837,60.24,62.87,212.015,230.871,5.3,2.5,2.909,220293.0,1136810.0,1906163.0,8978.0,16407.0,7373.0,171.75885497883715,-0.05336448932288107,1.6789685627628308,2.3035896231918813,0.03008714172153648,0.003443526170799016,0.0366417644966206,-0.007493188010899154
2015-06-08,22.579999923706055,58.13999938964844,95.30000305175781,2.7049999237060547,2.007499933242798,209.9199981689453,157.67999267578125,24.79893684387207,2079.280029296875,2.38100004196167,2.668,2.849,58.15,61.33,212.015,230.871,5.3,2.5,2.884,217354.0,1130792.0,1906215.0,9600.0,16576.0,6623.0,158.48729166666666,-0.301907448172349,1.4656174025814521,2.16574677061984,0.03574268354104837,-0.0017158544955389043,0.01927119831814994,-0.01188858695652184
2015-06-15,22.770000457763672,59.52000045776367,94.80999755859375,2.8889999389648438,2.099100112915039,224.47999572753906,161.1999969482422,24.651233673095703,2084.429931640625,2.3580000400543213,2.744,2.922,59.53,60.99,212.015,230.871,5.3,2.5,2.87,217814.0,1128715.0,1909554.0,9176.0,16282.0,7067.0,166.161508282476,-0.2718185817633676,1.3580254097299627,2.119326926106596,0.04467438473268737,-0.008594018563080064,0.0020847810979847115,-0.011312992800822763
2015-06-22,22.520000457763672,59.68000030517578,94.33000183105469,2.7330000400543213,2.0297000408172607,212.32000732421875,161.27999877929688,24.83761978149414,2122.85009765625,2.359999895095825,2.72,2.902,60.01,60.54,212.015,230.871,5.3,2.5,2.859,218494.0,1124131.0,1903322.0,9655.0,16532.0,6765.0,158.41097876747799,-0.22324846322442732,1.2044919421274909,1.8556278936490043,0.042493887425959276,-0.004854368932038722,-0.011707988980716233,0.0020949720670391248
2015-06-29,22.049999237060547,58.33000183105469,94.79000091552734,2.805000066757202,2.0302999019622803,215.36000061035156,156.0800018310547,24.12648582458496,2057.639892578125,2.3310000896453857,2.713,2.896,58.34,59.03,212.015,230.871,5.3,2.5,2.843,216737.0,1126915.0,1914055.0,9731.0,16531.0,7513.0,155.90987565512282,-0.37075572164114673,1.2184236570023936,2.0004632361151446,0.038426634722765085,-0.0038327526132404532,-0.018874399450926616,0.012393767705382475
2015-07-06,20.229999542236328,52.529998779296875,96.30000305175781,2.75600004196167,1.923699975013733,211.52000427246094,141.83999633789062,23.77416229248047,2068.760009765625,2.2780001163482666,2.702,2.887,52.48,57.19,211.623,231.775,5.2,1.6,2.832,217952.0,1127937.0,1925162.0,9532.0,16596.0,7316.0,160.05707091900965,-0.2781289535929711,1.1931595649903577,2.1325017908427513,0.058057003437950616,-0.005596362364463148,-0.022688209006531346,0.021192528735632266
2015-07-13,20.549999237060547,52.20000076293945,96.86000061035156,2.864000082015991,1.9395999908447266,219.36000061035156,140.0800018310547,23.9228572845459,2099.60009765625,2.430000066757202,2.694,2.878,52.19,57.63,211.623,231.775,5.2,1.6,2.814,218010.0,1123990.0,1928519.0,9404.0,16825.0,7354.0,162.27881752445768,-0.27977323662612474,1.0650710436411663,2.076976691900398,0.05482862991260551,-0.0038691523039043885,-0.018030513176144236,0.028322440087146017
2015-07-20,19.93000030517578,50.150001525878906,98.02999877929688,2.822999954223633,1.930299997329712,217.44000244140625,133.52000427246094,23.105066299438477,2128.280029296875,2.371999979019165,2.661,2.841,50.11,56.42,211.623,231.775,5.2,1.6,2.782,216285.0,1126971.0,1932014.0,9749.0,16870.0,7941.0,155.29746640681094,-0.4259553977867066,1.0868036585626113,2.029068636055906,0.06035825876703815,-0.006355932203389814,-0.019512195121951237,0.012230215827338187
2015-07-27,18.690000534057617,47.38999938964844,96.5,2.7890000343322754,1.8203999996185303,213.9199981689453,125.19999694824219,22.145044326782227,2067.639892578125,2.2279999256134033,2.605,2.792,47.17,54.07,211.623,231.775,5.2,1.6,2.723,215922.0,1122767.0,1932139.0,9339.0,16762.0,7545.0,161.84323803405076,-0.45253407040653026,0.9585012557864124,1.916912590470268,0.060798453646569106,-0.011371712864250205,-0.02693249387897867,-0.010316613304873656
2015-08-03,17.530000686645508,45.16999816894531,97.48999786376953,2.747999906539917,1.6744999885559082,211.1999969482422,120.80000305175781,21.954336166381836,2098.0400390625,2.1500000953674316,2.555,2.745,45.25,49.49,208.579,225.725,5.1,1.6,2.668,216733.0,1118360.0,1932126.0,9687.0,17075.0,7180.0,156.6151543305461,-0.3826511876913235,0.8307534523577267,1.8151985702805387,0.04923182727045017,-0.02120776419841841,-0.042208934224410855,-0.045900490539593664
2015-08-10,17.709999084472656,44.959999084472656,97.16000366210938,2.8420000076293945,1.694000005722046,217.60000610351562,119.12000274658203,22.35838508605957,2104.179931640625,2.23799991607666,2.505,2.703,44.94,48.3,208.579,225.725,5.1,1.6,2.617,215482.0,1116956.0,1938143.0,9686.0,17029.0,7573.0,155.7272351848028,-0.48959206312884784,0.7689423878174783,1.840894827356086,0.05277592767782524,-0.020198310686742493,-0.057909604519773894,-0.0729673384294649
2015-08-17,16.950000762939453,41.869998931884766,96.81999969482422,2.7279999256134033,1.6541999578475952,209.9199981689453,111.12000274658203,22.461814880371094,2102.43994140625,2.1500000953674316,2.608,2.794,41.93,47.77,208.579,225.725,5.1,1.6,2.615,212774.0,1119575.0,1939095.0,9705.0,16775.0,8038.0,153.46913961875322,-0.7157159929920486,0.7930173805710743,1.7681424764000173,0.05883611105228592,-0.01911544227886064,-0.07000710732054016,-0.09882920110192839
2015-08-24,14.819999694824219,38.2400016784668,93.30999755859375,2.6500000953674316,1.4709999561309814,202.0800018310547,99.91999816894531,19.423376083374023,1893.2099609375,1.996999979019165,2.534,2.728,38.22,41.59,208.579,225.725,5.1,1.6,2.561,214434.0,1114123.0,1942040.0,9189.0,16658.0,7199.0,163.35161606268363,-0.5794891428811509,0.6454831657913163,1.7392400325255595,0.055545927209705415,-0.0007642338555596817,-0.06002875629043847,-0.10260809883321886
2015-08-31,18.610000610351562,49.20000076293945,95.94999694824219,2.688999891281128,1.6404000520706177,203.1999969482422,127.12000274658203,21.472705841064453,1972.1800537109375,2.200000047683716,2.406,2.606,49.2,47.97,208.579,225.725,5.1,1.6,2.514,214163.0,1118790.0,1947659.0,9438.0,16389.0,7855.0,158.8409620682348,-0.6062226394610084,0.7167778457249,1.7605060709642604,0.0512267844954557,-0.020650095602294583,-0.059493206022768974,-0.11962873839807486
2015-09-07,17.25,46.04999923706055,96.2300033569336,2.6549999713897705,1.4182000160217285,200.63999938964844,120.63999938964844,20.619356155395508,1921.219970703125,2.128000020980835,2.337,2.536,46.02,46.42,197.246,201.935,5.0,1.6,2.534,214547.0,1121192.0,1950933.0,9017.0,16110.0,7459.0,166.5552844626816,-0.5844986107026328,0.7391416703839256,1.7370680509442677,0.04447924393527303,-0.01835220616946509,-0.05772113943028501,-0.1282940360610264
2015-09-14,16.229999542236328,44.0,95.25,2.757999897003174,1.3042999505996704,208.47999572753906,115.12000274658203,20.30582046508789,1953.030029296875,2.180000066757202,2.28,2.488,44.07,45.87,197.246,201.935,5.0,1.6,2.517,217387.0,1119088.0,1959378.0,8983.0,16513.0,7189.0,169.39875320048984,-0.355983909788883,0.6617598923436615,1.8024923353926743,0.025219967355936568,0.007955449482895727,-0.03171570500573184,-0.11707317073170742
2015-09-21,16.700000762939453,46.68000030517578,95.88999938964844,2.572999954223633,1.4031000137329102,194.55999755859375,120.4000015258789,20.664003372192383,1966.969970703125,2.2139999866485596,2.237,2.449,46.67,47.64,197.246,201.935,5.0,1.6,2.493,218756.0,1117163.0,1956348.0,9215.0,16203.0,7176.0,166.17384698860553,-0.2557564408494057,0.5882730747537094,1.6619330591397488,0.0048156769064868765,-0.006708760852407236,-0.0374760994263863,-0.1196222455403988
2015-09-28,16.219999313354492,44.43000030517578,96.02999877929688,2.562999963760376,1.3487999439239502,196.32000732421875,115.04000091552734,19.498271942138672,1881.77001953125,2.0950000286102295,2.246,2.454,44.4,46.04,197.246,201.935,5.0,1.6,2.476,222010.0,1121116.0,1959836.0,9021.0,15962.0,7554.0,172.27247533532866,1.2834478982155092e-05,0.6512582070400422,1.644684089227542,0.004608868170768332,-0.009535160905840279,-0.02655212807497076,-0.12310939148786493
2015-10-05,16.90999984741211,46.2599983215332,96.11000061035156,2.450000047683716,1.3853000402450562,180.9600067138672,120.0,21.419443130493164,1987.050048828125,2.055999994277954,2.252,2.459,46.28,49.45,195.616,199.315,5.0,0.7,2.492,223920.0,1124156.0,1962368.0,8958.0,15559.0,7068.0,174.97655726724713,0.13944390686216948,0.6953442823181257,1.61427134914404,-0.0075758852577823,-0.006819093461692738,-0.01511535401750197,-0.12570621468926546
2015-10-12,17.09000015258789,47.099998474121094,94.83999633789062,2.5350000858306885,1.3410999774932861,186.72000122070312,122.4800033569336,22.15860939025879,2017.4599609375,2.0899999141693115,2.283,2.487,47.09,50.95,195.616,199.315,5.0,0.7,2.556,221302.0,1131718.0,1965728.0,9137.0,15267.0,7315.0,169.54295720696072,-0.10614836747554461,0.8533307961726346,1.5989968622844317,-0.009844687216433612,0.00646203554119551,-0.016574585635359074,-0.11442786069651745
2015-10-19,16.450000762939453,45.88999938964844,94.95999908447266,2.441999912261963,1.2513999938964844,179.36000061035156,118.63999938964844,22.096742630004883,2033.6600341796875,2.0280001163482666,2.22,2.429,45.91,47.51,195.616,199.315,5.0,0.7,2.531,219784.0,1139745.0,1967191.0,9157.0,15345.0,7471.0,168.01223108004805,-0.2671411470893023,1.0253054394103907,1.5537705693921995,-0.005826497513003348,0.025682182985553803,0.015494636471990564,-0.08123652048885688
2015-10-26,16.010000228881836,43.97999954223633,96.86000061035156,2.062000036239624,1.2878999710083008,159.83999633789062,112.08000183105469,21.683198928833008,2071.179931640625,2.058000087738037,2.166,2.379,43.19,46.57,195.616,199.315,5.0,0.7,2.498,218647.0,1143121.0,1963787.0,9343.0,15616.0,7032.0,163.815583859574,-0.4024952896485772,1.0769867389310708,1.432666534237886,-0.008083855008077512,-0.009780907668231587,0.015242679502607492,-0.07051046639735581
2015-11-02,16.469999313354492,46.13999938964844,96.93000030517578,2.25600004196167,1.3753000497817993,151.83999633789062,118.0,22.66983413696289,2104.050048828125,2.187000036239624,2.17,2.379,46.12,47.91,195.114,198.984,5.1,0.7,2.485,215347.0,1145968.0,1961884.0,9184.0,15637.0,6943.0,164.13643292682926,-0.7477412013656785,1.1151822590837466,1.3465291565578739,-0.0002794892701336593,-0.013038324772817078,0.00888529886914391,-0.0637181409295352
2015-11-09,15.9399995803833,43.869998931884766,98.9800033569336,2.299999952316284,1.3704999685287476,155.1999969482422,112.63999938964844,22.503765106201172,2078.580078125,2.3420000076293945,2.172,2.387,43.87,45.38,195.114,198.984,5.1,0.7,2.502,213245.0,1149948.0,1964247.0,9388.0,15939.0,7377.0,159.00244993608862,-1.0009117399556053,1.18457027639005,1.335330825999581,0.005847990081741639,-0.005204163330664646,-0.002808988764045006,-0.050439434466946875
2015-11-16,14.890000343322754,41.7400016784668,99.44000244140625,2.384999990463257,1.2386000156402588,158.0800018310547,107.12000274658203,22.200937271118164,2053.18994140625,2.2730000019073486,2.11,2.335,41.68,40.28,195.114,198.984,5.1,0.7,2.482,214254.0,1150200.0,1964487.0,9054.0,16076.0,6968.0,165.64811133200797,-0.9478604378687022,1.1568539515823812,1.2935384310277387,0.01189023942150813,0.006841046277666019,-0.021126760563380365,-0.043212237093690375
2015-11-23,14.930000305175781,41.75,99.80000305175781,2.2100000381469727,1.3134000301361084,145.75999450683594,104.16000366210938,21.94044303894043,2086.590087890625,2.25,2.015,2.243,39.27,43.7,195.114,198.984,5.1,0.7,2.445,216732.0,1151160.0,1966831.0,8921.0,16380.0,7333.0,170.06210066136086,-0.7423670562548067,1.1500812040539754,1.2895928386511413,0.009375531626667488,-0.007993605115907076,-0.019359936783879816,-0.030847325263568814
2015-11-30,14.8100004196167,41.650001525878906,100.16999816894531,2.234999895095825,1.3587000370025635,139.52000427246094,103.44000244140625,22.148841857910156,2080.409912109375,2.2179999351501465,1.974,2.209,40.43,43.73,195.114,198.984,5.1,0.7,2.421,216867.0,1152337.0,1968966.0,9281.0,16803.0,7747.0,163.5673957547678,-0.7690522119244002,1.151301903130631,1.2866244804562368,-0.0014480874316940007,-0.014907332796132322,-0.021216973578863207,-0.027446300715990413
2015-12-07,13.5,37.650001525878906,98.66000366210938,2.066999912261963,1.2094000577926636,129.27999877929688,93.76000213623047,20.266746520996094,2077.070068359375,2.2249999046325684,1.969,2.206,37.64,39.69,190.143,190.765,5.0,0.7,2.379,217653.0,1148676.0,1965399.0,9420.0,16652.0,8021.0,161.73789808917198,-0.7188231570181873,1.0182059348081018,1.190345211412968,0.001505289536976262,-0.009815950920245453,-0.02575452716297788,-0.04459352801894234
2015-12-14,12.489999771118164,36.310001373291016,97.5999984741211,1.8940000534057617,1.2558000087738037,118.55999755859375,89.27999877929688,19.791332244873047,2021.93994140625,2.2249999046325684,1.953,2.191,36.31,36.51,190.143,190.765,5.0,0.7,2.338,219384.0,1153477.0,1970217.0,9220.0,16611.0,8312.0,166.56052060737528,-0.5377978553504464,1.1411592908585861,1.2407392568052575,0.0005477129312714268,-0.017348203221809078,-0.04916067146282965,-0.0548271752085816
2015-12-21,11.899999618530273,34.7400016784668,98.45999908447266,1.9110000133514404,1.2094000577926636,118.87999725341797,85.27999877929688,19.33645248413086,2021.1500244140625,2.197000026702881,1.929,2.169,34.55,35.34,190.143,190.765,5.0,0.7,2.284,220495.0,1147600.0,1965058.0,9185.0,16468.0,7326.0,168.04191616766468,-0.41352327480197704,0.9375583643056332,1.1161702576786143,0.005399119179468226,-0.017234131988230317,-0.058017727639000816,-0.06217408744484554
2015-12-28,12.020000457763672,36.810001373291016,97.91999816894531,2.2279999256134033,1.2325999736785889,134.72000122070312,87.44000244140625,19.862173080444336,2056.5,2.2249999046325684,1.933,2.172,36.36,37.08,190.143,190.765,5.0,0.7,2.237,221420.0,1150226.0,1964893.0,9395.0,16682.0,7892.0,164.97498669505057,-0.3036739993622325,1.0052404227973784,1.0830116940666994,0.013311878598692095,-0.023096663815226792,-0.06584867075664624,-0.07754442649434579
2016-01-04,12.260000228881836,36.7599983215332,98.87000274658203,2.3340001106262207,1.2906999588012695,136.47999572753906,87.83999633789062,19.812885284423828,2012.6600341796875,2.244999885559082,1.922,2.161,36.81,36.28,185.235,181.445,4.8,2.3,2.211,231996.0,1146076.0,1973171.0,8159.0,16617.0,7510.0,199.04056869714424,0.8327627612760623,0.8472974538495004,1.2109541046304533,0.01689287170412479,-0.020577933450087404,-0.07600165220983057,-0.1023274478330658
2016-01-11,10.260000228881836,31.40999984741211,98.7300033569336,2.3959999084472656,1.1130000352859497,141.44000244140625,74.0,18.022172927856445,1923.6700439453125,2.1579999923706055,1.888,2.126,31.42,30.14,185.235,181.445,4.8,2.3,2.177,240434.0,1146309.0,1983197.0,8500.0,16423.0,8188.0,198.0044705882353,1.7591436416086927,0.8531671364986618,1.3757565871241084,-0.016215181029185177,-0.011622708985248198,-0.07061790668348056,-0.13497652582159636
2016-01-18,9.470000267028809,29.420000076293945,99.12000274658203,2.0999999046325684,1.0211999416351318,124.95999908447266,70.31999969482422,17.85788345336914,1880.3299560546875,2.0329999923706055,1.81,2.052,29.45,27.36,185.235,181.445,4.8,2.3,2.112,244997.0,1150287.0,1989726.0,9079.0,16190.0,7779.0,188.89514263685427,2.247820418139039,1.0238569904683377,1.4684385380687417,-0.03515186490226352,-0.015377657168701875,-0.06886227544910184,-0.1398656657447649
2016-01-25,9.770000457763672,30.34000015258789,99.36000061035156,2.1579999923706055,1.0299999713897705,125.76000213623047,68.31999969482422,17.46030616760254,1877.0799560546875,2.0220000743865967,1.752,1.996,30.31,29.82,185.235,181.445,4.8,2.3,2.071,248461.0,1158670.0,1988629.0,8941.0,15639.0,7609.0,194.52264847332515,2.566863713663632,1.4209977404311847,1.4086773048077208,-0.03851586758591663,-0.029857602204869105,-0.0753064798598948,-0.15452361889511612
2016-02-01,10.739999771118164,31.6200008392334,99.0,2.1519999504089355,1.0829999446868896,125.91999816894531,72.16000366210938,18.807453155517578,1939.3800048828125,1.965999960899353,1.729,1.976,31.62,32.45,176.401,162.727,4.9,2.3,2.031,254399.0,1166461.0,1998211.0,8341.0,15615.0,8256.0,213.4987411581345,3.0461955086944283,1.82762078916863,1.574489702770793,-0.05077861811076667,-0.019412878787878785,-0.07420652659812244,-0.16659959758551302
2016-02-08,10.4399995803833,29.690000534057617,96.56999969482422,2.140000104904175,0.9560999870300293,125.12000274658203,69.12000274658203,18.285022735595703,1853.43994140625,1.7350000143051147,1.663,1.915,29.71,31.64,176.401,162.727,4.9,2.3,2.008,255657.0,1165792.0,1998634.0,9122.0,15510.0,7124.0,196.18493751370315,2.963651750934108,1.8084279752130215,1.5383170778942827,-0.04559401739101143,-0.0193143408981169,-0.08141112618724544,-0.18824940047961614
2016-02-15,10.369999885559082,29.440000534057617,95.9800033569336,1.965999960899353,1.0432000160217285,115.5199966430664,66.63999938964844,18.163455963134766,1864.780029296875,1.7480000257492065,1.638,1.885,29.32,31.8,176.401,162.727,4.9,2.3,1.98,258693.0,1167939.0,2002194.0,9203.0,15848.0,7919.0,196.7674671302836,3.0604147218511253,1.9516616289541775,1.5738551273180963,-0.030280670110136354,-0.011324470704086709,-0.07762976573265967,-0.19097502014504442
2016-02-22,10.970000267028809,31.479999542236328,97.37999725341797,1.8209999799728394,1.000599980354309,105.76000213623047,71.27999877929688,19.142597198486328,1945.5,1.7660000324249268,1.661,1.902,31.37,33.59,176.401,162.727,4.9,2.3,1.983,256457.0,1171440.0,1997133.0,9576.0,15685.0,7802.0,187.468567251462,2.6643072023354195,2.161931072632819,1.4265220206341236,-0.027697200242817965,-0.013944223107569709,-0.0625,-0.1901840490797545
2016-02-29,11.369999885559082,33.75,98.20999908447266,1.7109999656677246,1.0497000217437744,96.31999969482422,72.0,18.59059715270996,1932.22998046875,1.7400000095367432,1.715,1.943,32.74,35.92,176.401,162.727,4.9,2.3,1.989,254989.0,1181814.0,2007255.0,9121.0,15852.0,8292.0,195.69378357636225,2.388007400389524,2.755881005677013,1.6272510675036889,-0.011729713175790413,0.0015151515151514694,-0.042491549975857135,-0.1809169764560098
2016-03-07,12.640000343322754,37.900001525878906,97.06999969482422,1.690000057220459,1.392699956893921,97.5999984741211,80.87999725341797,20.499595642089844,2001.760009765625,1.9019999504089355,1.782,2.005,37.9,39.02,182.234,175.164,5.0,2.3,2.021,250463.0,1185955.0,2006862.0,9411.0,15911.0,8048.0,186.29699288067158,1.9200077566035552,2.844187341567674,1.5878470971201486,0.008501159820547333,0.00302571860816947,-0.020679468242245203,-0.16393442622950816
2016-03-14,12.289999961853027,37.18000030517578,96.62000274658203,1.819000005722046,1.4226000308990479,103.04000091552734,79.04000091552734,20.355026245117188,2019.6400146484375,1.9630000591278076,1.888,2.114,37.2,38.06,182.234,175.164,5.0,2.3,2.099,249716.0,1187274.0,2008491.0,9458.0,15996.0,7693.0,184.81835483188834,1.8030772974172062,2.7238095417591257,1.6023590613030794,0.01446901960784297,0.016088486676721914,0.006474103585657254,-0.13558597091531233
2016-03-21,12.920000076293945,39.90999984741211,95.29000091552734,1.8279999494552612,1.458899974822998,102.72000122070312,84.72000122070312,20.937162399291992,2051.60009765625,1.9229999780654907,1.935,2.163,39.91,39.91,182.234,175.164,5.0,2.3,2.119,245074.0,1196631.0,2015323.0,9503.0,15820.0,8384.0,180.52383457855413,1.3936004614350421,3.027147892941422,1.7459867777136704,0.02097954729335627,0.0385947550717467,0.06010101010101021,-0.08099824868651473
2016-03-28,12.479999542236328,39.38999938964844,95.94000244140625,1.8480000495910645,1.468000054359436,104.95999908447266,80.08000183105469,20.354755401611328,2037.050048828125,1.8700000047683716,1.976,2.208,37.99,38.33,182.234,175.164,5.0,2.3,2.121,242560.0,1198928.0,2016686.0,9244.0,16234.0,7748.0,183.6780614452618,1.1724522697459225,2.8593904083429456,1.7417807708682773,0.01711577668940567,0.009528346831824797,0.06858295511850732,-0.052749217702279805
2016-04-04,11.5,35.70000076293945,94.51000213623047,1.9980000257492065,1.3769999742507935,109.12000274658203,72.63999938964844,20.05692481994629,2066.1298828125,1.7790000438690186,1.994,2.222,34.3,36.05,186.713,184.762,5.1,1.3,2.115,243998.0,1193710.0,2017130.0,9224.0,16433.0,7254.0,185.16760624457936,1.2422952636289462,2.360515985014778,1.7177251222036354,0.0208594284950816,0.0009438414346387702,0.06636500754147812,-0.04070556309362272
2016-04-11,13.079999923706055,40.36000061035156,93.94999694824219,1.9119999408721924,1.507699966430664,104.31999969482422,82.23999786376953,20.553306579589844,2041.989990234375,1.7239999771118164,1.981,2.217,40.46,41.58,186.713,184.762,5.1,1.3,2.128,239761.0,1200344.0,2023823.0,9633.0,15941.0,7940.0,174.2268244575937,0.9057057130648309,2.495976550456792,1.8456481383377574,0.014484081479473776,-0.0028288543140027045,0.04651162790697683,-0.02847955902618271
2016-04-18,13.130000114440918,39.779998779296875,94.48999786376953,1.940000057220459,1.4364999532699585,105.44000244140625,81.36000061035156,21.373973846435547,2094.340087890625,1.7730000019073486,2.053,2.283,39.74,41.64,186.713,184.762,5.1,1.3,2.165,239651.0,1202424.0,2023415.0,9444.0,16104.0,8187.0,177.63204150783568,0.8748779098637404,2.3998320168773355,1.7730360646103944,0.0177017127130481,0.00614657210401881,0.013816102906145655,0.007575757575757569
2016-04-25,13.600000381469727,42.63999938964844,94.83999633789062,2.062999963760376,1.513100028038025,113.44000244140625,84.4000015258789,21.93653678894043,2087.7900390625,1.9019999504089355,2.08,2.313,41.67,42.97,186.713,184.762,5.1,1.3,2.198,241259.0,1204422.0,2028801.0,9315.0,15847.0,7550.0,181.30037573805689,0.96210827027386,2.3146980749467394,1.852448756585523,0.015557377322058752,0.017387218045112673,0.02170835299669638,0.04538870111057447
2016-05-02,14.039999961853027,44.779998779296875,92.62999725341797,2.0420000553131104,1.5628000497817993,105.76000213623047,88.4000015258789,22.31378173828125,2081.429931640625,1.8650000095367432,2.168,2.404,44.75,45.82,188.596,187.627,4.8,1.3,2.266,241795.0,1207203.0,2030958.0,9502.0,15986.0,7660.0,178.12723637129028,0.9723538886658021,2.269770487636696,1.8341230140430171,0.016642307844233928,0.01524249422632784,0.03630363036303619,0.08222550467749867
2016-05-09,13.329999923706055,43.439998626708984,94.1500015258789,2.0980000495910645,1.4427000284194946,108.63999938964844,85.44000244140625,21.28462791442871,2058.68994140625,1.7599999904632568,2.143,2.387,43.45,42.43,188.596,187.627,4.8,1.3,2.271,240564.0,1203594.0,2029132.0,9658.0,16179.0,7655.0,174.35783806171048,0.8609311627582111,1.9898202480197862,1.7083067577075564,0.022631404135182276,0.030937215650591376,0.07139479905437351,0.12848605577689254
2016-05-16,15.010000228881836,47.720001220703125,94.56999969482422,2.0290000438690186,1.6062999963760376,105.12000274658203,94.08000183105469,21.8703556060791,2066.659912109375,1.753000020980835,2.17,2.41,47.72,48.49,188.596,187.627,4.8,1.3,2.297,238068.0,1204904.0,2028360.0,9755.0,16371.0,7677.0,170.83300871348027,0.6670224554022388,1.9243945769830184,1.627436659327194,0.022336196044191237,0.0022065313327448433,0.06719924812030076,0.14696969696969697
2016-05-23,14.829999923706055,48.08000183105469,95.2300033569336,2.055000066757202,1.6455999612808228,106.4000015258789,93.27999877929688,21.83725929260254,2048.0400390625,1.8380000591278076,2.235,2.472,48.12,47.77,188.596,187.627,4.8,1.3,2.357,240111.0,1200677.0,2027485.0,9516.0,16279.0,7315.0,176.62641866330392,0.7849033281992903,1.6753501115628702,1.5540629007997504,0.02966617012416317,0.011448701012769735,0.06096997690531181,0.1583459404942007
2016-05-30,15.140000343322754,49.33000183105469,95.5199966430664,2.1689999103546143,1.6318999528884888,104.4800033569336,95.83999633789062,22.214508056640625,2099.06005859375,1.8509999513626099,2.281,2.511,49.36,49.09,188.596,187.627,4.8,1.3,2.382,238619.0,1199311.0,2024853.0,9716.0,16206.0,7839.0,171.9157060518732,0.65643841799386,1.5500491917506956,1.4373982674386645,0.03554750410920837,0.02612102742707889,0.0723384895359418,0.18501759678230267
2016-06-06,15.289999961853027,49.689998626708984,93.9000015258789,2.4660000801086426,1.5887000560760498,119.04000091552734,96.31999969482422,22.505718231201172,2109.409912109375,1.7230000495910645,2.328,2.56,49.71,48.94,192.899,196.44,4.9,1.3,2.407,239629.0,1196948.0,2029183.0,9568.0,16417.0,7705.0,175.31385869565216,0.7004705482268184,1.4035471961427444,1.5117528124428556,0.039723422000823794,0.010606703436571774,0.05119152691968232,0.17862444334487892
2016-06-13,15.119999885559082,48.880001068115234,94.37000274658203,2.5850000381469727,1.5362000465393066,125.27999877929688,94.08000183105469,22.22774314880371,2079.06005859375,1.6160000562667847,2.343,2.573,48.89,49.36,192.899,196.44,4.9,1.3,2.431,237004.0,1196015.0,2028740.0,9762.0,16317.0,7622.0,169.94755173120262,0.49513519432273084,1.3147785637393614,1.4546305326920974,0.03737072061164137,0.010495382031906031,0.059885512989872325,0.14673654121010005
2016-06-20,15.260000228881836,49.369998931884766,93.61000061035156,2.746999979019165,1.5827000141143799,130.8800048828125,95.27999877929688,22.474042892456055,2083.25,1.6699999570846558,2.29,2.523,49.4,48.68,192.899,196.44,4.9,1.3,2.426,237631.0,1195098.0,2034200.0,9815.0,16505.0,8439.0,169.47702496179318,0.5147933204946048,1.232562728262682,1.566312625008019,0.036302184001901994,0.009970918155380204,0.05833696125380916,0.1472392638036808
2016-06-27,14.399999618530273,46.33000183105469,96.54000091552734,2.7160000801086426,1.476699948310852,130.72000122070312,89.5199966430664,21.531373977661133,2000.5400390625,1.4600000381469727,2.25,2.481,45.8,45.07,192.899,196.44,4.9,1.3,2.426,238998.0,1191045.0,2033037.0,9709.0,16695.0,7555.0,172.3129055515501,0.5849314757400513,1.0557636677172613,1.4969675616995615,0.0439921058885524,-0.002056766762649098,0.029274501484938487,0.14380009429514384
2016-07-04,15.140000343322754,48.9900016784668,95.6500015258789,2.986999988555908,1.5134999752044678,141.60000610351562,94.23999786376953,22.850439071655273,2102.949951171875,1.4559999704360962,2.205,2.442,49.02,48.02,189.046,185.486,4.8,2.9,2.423,238876.0,1188820.0,2036373.0,9755.0,16687.0,8363.0,171.4128139415684,0.5505015254655231,0.94502031667677,1.5538503725397996,0.043851509559128976,0.0,0.018471872376154552,0.1470449172576831
2016-07-11,13.739999771118164,44.7599983215332,96.56999969482422,2.7019999027252197,1.3834999799728394,128.16000366210938,85.19999694824219,22.5972843170166,2137.159912109375,1.434000015258789,2.171,2.408,44.73,44.04,189.046,185.486,4.8,2.9,2.414,240089.0,1186272.0,2043569.0,9671.0,16544.0,7841.0,173.7796505014993,0.6092600695244962,0.8279429324973151,1.7144302013687425,0.04839229424960645,-0.0012366034624897715,0.006647278770253395,0.13862781954887216
2016-07-18,14.050000190734863,45.2400016784668,96.55999755859375,2.7219998836517334,1.3871999979019165,128.8000030517578,86.55999755859375,23.076942443847656,2166.889892578125,1.5870000123977661,2.148,2.386,45.23,45.35,189.046,185.486,4.8,2.9,2.402,241000.0,1183929.0,2046272.0,9785.0,16863.0,8134.0,172.4067450178845,0.6460480148748694,0.720190711316425,1.73113461512901,0.04537205831043423,-0.0037144036318612628,-0.006993006993006978,0.1150115473441109
2016-07-25,13.319999694824219,43.130001068115234,97.29000091552734,2.746999979019165,1.3336000442504883,129.27999877929688,81.04000091552734,22.30415916442871,2168.47998046875,1.5709999799728394,2.105,2.345,42.4,43.76,189.046,185.486,4.8,2.9,2.379,241452.0,1185600.0,2049189.0,9797.0,16586.0,8437.0,172.51852607941206,0.6494115373318567,0.7443853438382619,1.751583781179212,0.044489264237452364,-0.004971002485501197,-0.009892827699917617,0.09281164695177435
2016-08-01,12.460000038146973,40.060001373291016,95.70999908447266,2.7709999084472656,1.3035999536514282,132.47999572753906,75.27999877929688,21.70458984375,2170.840087890625,1.496000051498413,2.091,2.335,40.05,40.17,188.772,183.715,4.9,2.9,2.348,238190.0,1187013.0,2051400.0,9752.0,16852.0,8738.0,170.9731337161608,0.3907462053757694,0.7599300147833068,1.7519993600292991,0.04586206114254021,-0.009575353871773551,-0.01937345424567194,0.04986760812003532
2016-08-08,13.359999656677246,43.02000045776367,96.4000015258789,2.747999906539917,1.3619999885559082,131.1999969482422,80.80000305175781,22.793813705444336,2180.889892578125,1.5829999446868896,2.087,2.325,43.06,43.24,188.772,183.715,4.9,2.9,2.316,235383.0,1188065.0,2054101.0,9769.0,16597.0,8404.0,168.66424403726072,0.16558835181297127,0.7642779996385769,1.769978532309866,0.04564145076010662,-0.013030685161832811,-0.030953363598844486,0.03390576838397186
2016-08-15,14.329999923706055,45.7400016784668,95.62999725341797,2.5899999141693115,1.4006999731063843,123.68000030517578,86.08000183105469,23.066951751708984,2190.14990234375,1.5529999732971191,2.096,2.34,45.72,47.31,188.772,183.715,4.9,2.9,2.31,232659.0,1185557.0,2055744.0,9762.0,16865.0,8193.0,166.8318992009834,-0.05689052831525856,0.6486014295280099,1.7508849320185795,0.04808923435357659,-0.013628620102214661,-0.04059652029826033,0.008271658685241379
2016-08-22,14.5600004196167,47.04999923706055,94.5199966430664,2.678999900817871,1.4842000007629395,126.87999725341797,87.76000213623047,23.183530807495117,2182.639892578125,1.5390000343322754,2.136,2.378,46.8,48.1,188.772,183.715,4.9,2.9,2.37,232695.0,1188057.0,2062442.0,9659.0,16679.0,8642.0,168.63702246609378,-0.08388732544068075,0.7061243019366998,1.8849184083463408,0.047349671801299786,-0.002590673575129432,-0.03830141548709409,-0.01994060246075524
2016-08-29,14.510000228881836,46.97999954223633,95.58000183105469,2.8529999256134033,1.4668999910354614,136.16000366210938,86.80000305175781,23.266807556152344,2180.3798828125,1.565999984741211,2.187,2.424,46.97,49.66,188.772,183.715,4.9,2.9,2.409,232004.0,1190332.0,2066939.0,9511.0,16615.0,8917.0,170.75260225002629,-0.16456518316965002,0.7594110306564132,1.9413731760740505,0.04264100736908438,0.025974025974025983,-0.003783102143757877,-0.005037783375314908
2016-09-05,13.680000305175781,44.439998626708984,95.87999725341797,2.7920000553131104,1.3015999794006348,131.1999969482422,81.91999816894531,23.010318756103516,2179.97998046875,1.5959999561309814,2.17,2.405,44.39,46.72,192.243,189.766,5.0,2.9,2.407,227793.0,1175818.0,2053076.0,9595.0,16930.0,7069.0,166.18561750911934,-0.5212523701472399,0.19391532699409822,1.449073458019115,0.03603265961718649,0.01645569620253151,0.02597955706984667,0.0008309098462815356
2016-09-12,14.140000343322754,46.290000915527344,95.0999984741211,2.9149999618530273,1.3898999691009521,136.32000732421875,85.12000274658203,23.446685791015625,2159.0400390625,1.6720000505447388,2.138,2.38,46.28,47.82,192.243,189.766,5.0,2.9,2.399,228360.0,1175259.0,2059040.0,9406.0,16730.0,8062.0,169.9468424409951,-0.5078446338597821,0.13908725214198073,1.5733056565766028,0.03014852126624601,-0.0008302200083021294,0.03929188255613125,-0.00987248046071576
2016-09-19,13.479999542236328,43.29999923706055,95.83999633789062,2.934000015258789,1.420799970626831,137.9199981689453,79.83999633789062,22.58977508544922,2139.1201171875,1.6959999799728394,2.17,2.419,43.34,46.04,192.243,189.766,5.0,2.9,2.389,225156.0,1169058.0,2052972.0,9650.0,16587.0,8309.0,163.32559585492226,-0.7910843511939545,-0.1454787509655896,1.332305399398934,0.019742466338961373,-0.0033236393851266977,0.03852813852813841,-0.011129431162407277
2016-09-26,13.850000381469727,45.93000030517578,95.30999755859375,2.996999979019165,1.402400016784668,140.47999572753906,83.44000244140625,22.566314697265625,2146.10009765625,1.5889999866485596,2.166,2.419,45.6,46.61,192.243,189.766,5.0,2.9,2.382,227183.0,1167176.0,2052596.0,8880.0,16334.0,7835.0,179.08569819819817,-0.6447686047431549,-0.2741008034225477,1.2746842192270478,0.018591482206175458,-0.004168403501459084,0.00801687763713077,-0.015251442704039775
2016-10-03,14.75,48.810001373291016,95.75,2.9230000972747803,1.4704999923706055,133.44000244140625,88.80000305175781,23.645360946655273,2161.199951171875,1.621999979019165,2.184,2.441,48.8,48.61,195.979,197.788,4.9,2.2,2.389,227405.0,1164199.0,2010784.0,9390.0,16032.0,7710.0,169.524494142705,-0.6393511766047629,-0.4588257620335538,-0.010630122617366084,0.002039391263272572,-0.0029300962745917314,-0.011207970112079524,-0.016921172100701543
2016-10-10,15.380000114440918,49.810001373291016,96.5199966430664,3.193000078201294,1.4817999601364136,149.75999450683594,93.36000061035156,24.03409194946289,2163.659912109375,1.7230000495910645,2.216,2.469,49.76,51.54,195.979,197.788,4.9,2.2,2.445,225498.0,1169048.0,2036318.0,9264.0,15552.0,7861.0,170.38924870466323,-0.8046155356395776,-0.29282846860079736,0.7348959950828519,-0.004317296682822436,0.002938706968933502,-0.007478188616535153,-0.010356255178127771
2016-10-17,14.970000267028809,49.939998626708984,97.88999938964844,3.24399995803833,1.492400050163269,149.60000610351562,90.95999908447266,23.2767391204834,2126.5,1.7660000324249268,2.198,2.452,49.97,49.31,195.979,197.788,4.9,2.2,2.481,227967.0,1163800.0,2032496.0,8798.0,15370.0,6907.0,181.37860877472153,-0.6121658490889542,-0.5939129030351225,0.586714485040164,-0.008363608762813612,0.02344077019673496,0.019174656106710986,0.017901748542880735
2016-10-24,15.020000457763672,50.52000045776367,98.66999816894531,2.8310000896453857,1.5038000345230103,142.55999755859375,91.44000244140625,23.45100975036621,2151.330078125,1.7630000114440918,2.175,2.429,50.18,49.8,195.979,197.788,4.9,2.2,2.478,226011.0,1163247.0,2023346.0,9118.0,15552.0,7016.0,173.51140601008993,-0.7974505359808678,-0.6612088985422631,0.2711986253025795,-0.03037096343741663,0.014723926380368013,0.0385098367517791,0.04287515762925587
2016-10-31,13.869999885559082,46.86000061035156,98.44999694824219,3.0260000228881836,1.4494999647140503,129.27999877929688,84.23999786376953,22.995254516601562,2126.14990234375,1.8339999914169312,2.159,2.415,46.83,46.2,195.979,197.788,4.9,2.2,2.479,223804.0,1177666.0,2032109.0,9183.0,15448.0,8995.0,170.6008929543722,-1.0082136681320777,0.03772858781638935,0.5229337484122849,-0.023568193721309916,-0.0012091898428051584,0.04030226700251882,0.05536626916524723
2016-11-07,13.270000457763672,44.88999938964844,97.77999877929688,2.815999984741211,1.371000051498413,121.44000244140625,81.27999877929688,23.19967269897461,2131.52001953125,1.8279999494552612,2.157,2.416,44.88,42.83,196.372,199.22,4.7,2.2,2.47,220963.0,1180097.0,2025194.0,9213.0,15817.0,7442.0,167.8867904048627,-1.2889734590056463,0.13386823772889525,0.2648346287358138,-0.029093172090271957,0.0004035512510087713,0.03767266638760991,0.07037996545768577
2016-11-14,12.819999694824219,43.31999969482422,100.11000061035156,2.749000072479248,1.2777999639511108,117.91999816894531,78.95999908447266,23.407438278198242,2164.199951171875,2.2219998836517334,2.105,2.37,43.29,41.83,196.372,199.22,4.7,2.2,2.443,221709.0,1185371.0,2032087.0,9359.0,16126.0,8423.0,165.82572924457742,-1.2644874776387784,0.3872152517160471,0.468264911877484,-0.030106285275184885,-0.003630496167809527,0.010224948875255713,0.06926406926406936
2016-11-21,14.039999961853027,47.4900016784668,101.05000305175781,2.950000047683716,1.3964999914169312,124.63999938964844,86.16000366210938,24.402711868286133,2198.179931640625,2.3389999866485596,2.078,2.341,47.48,45.96,196.372,199.22,4.7,2.2,2.421,224026.0,1184115.0,2031786.0,9024.0,16397.0,7578.0,173.77903368794327,-1.0946817355413012,0.29024533439299677,0.4275490291275226,-0.015738767263364095,-0.010931174089068851,-0.015316404675533968,0.03080168776371317
2016-11-28,13.710000038146973,47.08000183105469,101.33000183105469,3.2320001125335693,1.4127000570297241,134.8800048828125,83.5199966430664,24.03074073791504,2201.719970703125,2.319999933242798,2.079,2.342,45.66,46.64,196.372,199.22,4.7,2.2,2.42,226123.0,1183230.0,2031843.0,9080.0,16283.0,7548.0,174.3238986784141,-0.9349282571559254,0.21217533313520942,0.3989981456611791,-0.018455525058661437,-0.009005321326238325,-0.023002421307506182,0.00498132004981322
2016-12-05,15.170000076293945,51.790000915527344,100.13999938964844,3.6540000438690186,1.5575000047683716,144.63999938964844,90.80000305175781,25.297454833984375,2204.7099609375,2.38700008392334,2.137,2.397,51.72,53.3,199.513,206.244,4.7,2.2,2.48,229548.0,1180840.0,2033202.0,8757.0,16417.0,8303.0,183.4916067146283,-0.650284813211563,0.04685270865740931,0.41923447941574027,-0.020800302310870822,-0.00041305245766209975,-0.023799919322307406,0.00540091400083087
2016-12-12,15.460000038146973,52.83000183105469,100.95999908447266,3.506999969482422,1.5429999828338623,141.44000244140625,92.95999908447266,25.790063858032227,2256.9599609375,2.4790000915527344,2.174,2.428,52.74,53.99,199.513,206.244,4.7,2.2,2.493,230045.0,1178277.0,2031086.0,8874.0,16474.0,7360.0,181.46439035384267,-0.6424961520311984,-0.13919564161984066,0.3038033491494135,-0.031656359960761105,0.024793388429751984,0.004048582995951344,0.033764068361817445
2016-12-19,15.300000190734863,52.119998931884766,103.13999938964844,3.3919999599456787,1.5638999938964844,137.1199951171875,92.0,25.656909942626953,2262.530029296875,2.5420000553131104,2.203,2.461,52.13,53.53,199.513,206.244,4.7,2.2,2.527,228736.0,1180532.0,2019205.0,9269.0,16658.0,8471.0,172.74269068939475,-0.8090782551831702,-0.03524435923914481,-0.22320008657439477,-0.04394256514106609,0.005241935483870863,0.020466639377814122,0.043532858936793595
2016-12-26,15.449999809265137,53.02000045776367,103.01000213623047,3.6619999408721924,1.6261999607086182,146.8800048828125,92.4800033569336,25.720924377441406,2263.7900390625,2.5429999828338623,2.254,2.502,52.01,53.93,199.513,206.244,4.7,2.2,2.54,227143.0,1181145.0,2006115.0,9278.0,16557.0,8167.0,171.37324854494506,-1.0034734066753772,-0.03807097669014234,-0.8628187995736825,-0.03755419339041266,0.013638186923385476,0.04378356051218524,0.06087321578505467
2017-01-02,15.680000305175781,53.720001220703125,102.38999938964844,3.7239999771118164,1.6650999784469604,149.44000244140625,93.76000213623047,25.373937606811523,2238.830078125,2.446000099182129,2.319,2.56,53.75,54.96,205.369,217.892,4.7,2.0,2.586,235450.0,1174094.0,2012342.0,8465.0,16689.0,7183.0,194.70171293561725,-0.17333974434515995,-0.5430475751218431,-0.6666882415554306,-0.032024763621844365,0.005144440047487153,0.04958677685950419,0.06320636249476785
2017-01-09,15.149999618530273,51.959999084472656,101.93000030517578,3.1029999256134033,1.5707000494003296,124.63999938964844,90.4800033569336,25.195383071899414,2268.89990234375,2.375999927520752,2.328,2.571,51.95,54.39,205.369,217.892,4.7,2.0,2.597,240473.0,1178191.0,2025973.0,8470.0,17107.0,9052.0,198.7380165289256,0.33866672336462067,-0.3268106732472419,-0.060563757759317174,-0.04044181167468841,0.018110236220472364,0.04274193548387095,0.05766871165644183
2017-01-16,15.359999656677246,52.369998931884766,101.18000030517578,3.4189999103546143,1.6117000579833984,136.16000366210938,91.27999877929688,25.057268142700195,2274.639892578125,2.380000114440918,2.298,2.542,52.36,54.3,205.369,217.892,4.7,2.0,2.585,246424.0,1180537.0,2024189.0,8069.0,16468.0,8378.0,213.7771718924278,0.9538103371450167,-0.22055240010365276,-0.202092112579288,-0.0511858479893037,0.00425367362722362,0.041716807059767325,0.046755340588472416
2017-01-23,15.260000228881836,52.75,100.16000366210938,3.243000030517578,1.5666999816894531,131.0399932861328,90.55999755859375,24.845033645629883,2265.199951171875,2.4030001163482666,2.258,2.505,52.77,54.8,205.369,217.892,4.7,2.0,2.569,253220.0,1183377.0,2033150.0,8039.0,16047.0,7810.0,220.4925985819132,1.6493750502914424,-0.05560199387634032,0.24858759324052532,-0.08136620357010349,-0.0046207162110126765,0.022952117134942496,0.043179983857949855
2017-01-30,15.15999984741211,52.630001068115234,100.43000030517578,3.2320001125335693,1.5054999589920044,129.60000610351562,90.23999786376953,24.54857635498047,2280.89990234375,2.4830000400543213,2.224,2.476,52.63,54.77,205.369,217.892,4.7,2.0,2.562,257086.0,1189841.0,2038712.0,8310.0,15947.0,8290.0,216.5586040914561,2.0116959273315334,0.4391665011509824,0.5358930531668425,-0.1129176148918507,-0.006189555125725388,0.011417322834645693,0.03630496167809594
2017-02-06,15.289999961853027,53.0099983215332,99.91000366210938,3.049999952316284,1.5103000402450562,122.08000183105469,91.04000091552734,24.518245697021484,2292.56005859375,2.4130001068115234,2.221,2.474,53.01,55.02,204.133,213.626,4.6,2.0,2.558,256217.0,1203670.0,2040418.0,8941.0,15893.0,9372.0,200.59489989934013,1.8990399357844532,1.5833917528661992,0.6090192845442651,-0.1170222652708448,-0.0027247956403270157,-0.009280742459396807,0.03724696356275281
2017-02-13,15.210000038146973,52.93000030517578,100.95999908447266,2.944000005722046,1.544600009918213,117.91999816894531,90.55999755859375,24.733856201171875,2328.25,2.434000015258789,2.228,2.48,52.96,54.15,204.133,213.626,4.6,2.0,2.565,259063.0,1213197.0,2051885.0,8433.0,15458.0,8491.0,215.04102928969525,2.180192815304414,2.337546167207894,1.2941659993444432,-0.10404193163177189,-0.0015612802498048417,-0.015017327685791337,0.04707327056897248
2017-02-20,15.260000228881836,53.400001525878906,100.94999694824219,2.8340001106262207,1.5166000127792358,114.55999755859375,91.12000274658203,24.245380401611328,2351.159912109375,2.424999952316284,2.224,2.477,53.41,55.25,204.133,213.626,4.6,2.0,2.572,256435.0,1213761.0,2041138.0,8663.0,15271.0,7286.0,207.20824194851667,1.9122311952800235,2.2487084444103123,0.5755059436958179,-0.0928224377969441,0.002736512900703758,-0.007736943907156735,0.059479553903345694
2017-02-27,15.350000381469727,54.04999923706055,101.12999725341797,2.693000078201294,1.5326999425888062,104.4800033569336,91.76000213623047,24.120731353759766,2369.75,2.36899995803833,2.233,2.489,54.04,54.65,204.133,213.626,4.6,2.0,2.577,255889.0,1215260.0,2041770.0,8686.0,15664.0,7589.0,206.21954869905593,1.857616017197071,2.2354007135832643,0.5898482582952532,-0.07428738470341656,0.0027290448343080254,0.0011677695601401972,0.062809917355372
2017-03-06,15.239999771118164,53.20000076293945,101.63999938964844,2.9010000228881836,1.6722999811172485,110.72000122070312,90.23999786376953,24.306018829345703,2375.31005859375,2.49399995803833,2.264,2.515,53.19,54.73,202.528,210.69,4.4,2.0,2.579,249334.0,1223218.0,2039279.0,9268.0,15492.0,8150.0,188.31873111782477,1.193957912694432,2.701945631436781,0.3903733913469947,-0.06330876432846111,0.0019440124416796323,0.005854800936768267,0.039112903225806406
2017-03-13,13.979999542236328,48.400001525878906,101.37999725341797,3.0429999828338623,1.5807000398635864,116.4800033569336,82.23999786376953,23.58846092224121,2373.469970703125,2.6080000400543213,2.242,2.492,47.95,50.1,202.528,210.69,4.4,2.0,2.564,246279.0,1222165.0,2030556.0,9254.0,15472.0,7405.0,186.29273827534038,0.892880246029686,2.403725363040533,-0.25642965095868864,-0.05420692661359794,0.0007760962359333323,0.008209538702111052,0.03449659045326925
2017-03-20,14.039999961853027,48.220001220703125,100.41000366210938,3.0409998893737793,1.611299991607666,118.87999725341797,82.16000366210938,23.621503829956055,2373.469970703125,2.4730000495910645,2.238,2.494,47.79,50.67,202.528,210.69,4.4,2.0,2.539,243468.0,1226493.0,2031260.0,9200.0,15801.0,8307.0,185.24739130434784,0.6219300952697416,2.530601078424955,-0.2446632015940159,-0.03164292789490841,-0.005816207832493259,-0.0003898635477582735,0.01464186782746335
2017-03-27,13.800000190734863,47.72999954223633,99.16999816894531,3.052000045776367,1.618899941444397,118.87999725341797,80.31999969482422,23.1267032623291,2341.590087890625,2.372999906539917,2.228,2.487,47.02,50.12,202.528,210.69,4.4,2.0,2.532,239721.0,1226636.0,2026546.0,9524.0,16226.0,8224.0,176.19141117177656,0.2468333764171946,2.3641254042921003,-0.6231323747038517,-0.01652751746464476,-0.00975039001560063,-0.012830482115085529,-0.0003937007874015297
2017-04-03,14.380000114440918,50.2400016784668,100.54000091552734,3.128000020980835,1.6936999559402466,119.04000091552734,84.4000015258789,23.648624420166016,2358.840087890625,2.3499999046325684,2.281,2.537,50.25,52.04,202.954,209.074,4.4,2.3,2.556,239103.0,1227678.0,2027112.0,9245.0,16429.0,7850.0,181.04067063277446,0.19017480758536234,2.283481229355722,-0.6038461409309264,0.005523966955878867,-0.0027569909413155402,-0.0174621653084982,-0.02088167053364265
2017-04-10,15.149999618530273,53.08000183105469,101.0199966430664,3.23799991607666,1.7581000328063965,122.87999725341797,89.12000274658203,24.02480125427246,2357.159912109375,2.3610000610351562,2.351,2.606,53.06,54.79,202.954,209.074,4.4,2.3,2.582,236130.0,1224887.0,2021860.0,9275.0,16697.0,7878.0,178.21132075471698,-0.10258977396590899,1.9753658179232143,-1.0301179273274983,0.004859217665955873,0.009478672985782088,-0.00891818534315636,-0.015787447054293358
2017-04-17,14.989999771118164,52.650001525878906,100.30000305175781,3.1630001068115234,1.719599962234497,120.4800033569336,88.4800033569336,23.540163040161133,2349.010009765625,2.252000093460083,2.356,2.609,52.62,54.79,202.954,209.074,4.4,2.3,2.597,237672.0,1223654.0,2019859.0,9223.0,16938.0,7810.0,180.3864252412447,0.061825916587388514,1.8129115113226608,-1.1772855675331064,0.006174135132720027,0.01017214397496069,0.007020280811232293,-0.0011605415860735935
2017-04-24,13.970000267028809,49.22999954223633,99.08999633789062,3.065999984741211,1.621399998664856,117.12000274658203,82.0,23.109760284423828,2374.14990234375,2.2730000019073486,2.372,2.627,48.9,49.45,202.954,209.074,4.4,2.3,2.595,241041.0,1219512.0,2025813.0,9206.0,17285.0,8912.0,183.28122963284815,0.4097686706844703,1.5127091542658817,-0.7130528763980529,0.007258098049814921,0.005809450038729791,0.022843639228042445,0.01089918256130784
2017-05-01,13.8100004196167,48.84000015258789,99.13999938964844,3.2149999141693115,1.5271999835968018,119.5199966430664,81.19999694824219,22.9267578125,2388.330078125,2.325000047683716,2.331,2.588,48.83,50.41,198.449,197.848,4.4,2.3,2.583,241232.0,1217110.0,2025370.0,9156.0,17177.0,8264.0,184.42813455657492,0.4297792034569184,1.3406188074463716,-0.7403912894333881,-0.0011104849325493937,-0.0007701193685020202,0.0248815165876779,0.012880562060890055
2017-05-08,13.25,46.43000030517578,99.1500015258789,3.171999931335449,1.517799973487854,117.5999984741211,77.36000061035156,22.974206924438477,2399.3798828125,2.375999927520752,2.288,2.545,46.46,46.61,198.449,197.848,4.4,2.3,2.565,241082.0,1211312.0,2021073.0,9408.0,16759.0,7620.0,179.3764880952381,0.4157805720355709,1.0048231669028431,-1.0534201417810152,-0.0027990219031267527,-0.0046242774566473965,0.010563380281690238,0.009773260359656089
2017-05-15,13.930000305175781,48.849998474121094,98.91000366210938,3.3489999771118164,1.5953999757766724,124.16000366210938,81.36000061035156,23.140262603759766,2402.320068359375,2.3380000591278076,2.283,2.54,48.86,51.29,198.449,197.848,4.4,2.3,2.544,240669.0,1208831.0,2024603.0,9452.0,17122.0,8590.0,178.2356115107914,0.3724104457131655,0.8583753216276145,-0.7684870462410315,0.0013200770391963434,-0.006968641114982632,-0.006584043377226956,0.0
2017-05-22,14.430000305175781,50.72999954223633,96.9800033569336,3.3299999237060547,1.662600040435791,123.19999694824219,84.31999969482422,23.021650314331055,2394.02001953125,2.253999948501587,2.306,2.562,50.81,53.35,198.449,197.848,4.4,2.3,2.539,239882.0,1204001.0,2020760.0,9704.0,17281.0,8294.0,173.0393652102226,0.28656141354546727,0.5952841879012563,-1.0470170569551789,0.00815464235413721,-0.008187134502923965,-0.020408163265306145,-0.010886469673405896
2017-05-29,14.029999732971191,49.79999923706055,97.4000015258789,3.2360000610351562,1.6426000595092773,119.04000091552734,82.23999786376953,22.574296951293945,2415.820068359375,2.25,2.308,2.558,49.58,52.25,198.449,197.848,4.4,2.3,2.571,237024.0,1196594.0,2014636.0,9822.0,17510.0,7985.0,168.9236408063531,-0.004554105633796441,0.19827155262302196,-1.4825155160388794,0.021242919026990936,-0.0019654088050313767,-0.02157996146435459,-0.01474582848273176
2017-06-05,13.220000267028809,47.400001525878906,96.80000305175781,2.9820001125335693,1.538100004196167,107.68000030517578,78.4000015258789,22.09983253479004,2436.10009765625,2.181999921798706,2.325,2.579,47.4,48.25,197.808,195.797,4.3,2.3,2.564,240348.0,1198233.0,2028690.0,9317.0,17227.0,8341.0,180.57700976709242,0.3378103808696545,0.288132399137451,-0.4213092109045844,0.03904502921297781,0.012603387160299295,-0.004645760743321681,-0.003101977510663101
2017-06-12,12.899999618530273,46.08000183105469,97.13999938964844,3.0239999294281006,1.4880000352859497,108.31999969482422,76.16000366210938,22.6691951751709,2429.389892578125,2.2130000591278076,2.276,2.535,46.1,47.18,197.808,195.797,4.3,2.3,2.524,242444.0,1196171.0,2035093.0,9269.0,17256.0,8025.0,183.095048009494,0.5500716161351079,0.17738737851738623,0.04561064352850793,0.037123839880003784,-0.002722676001555846,-0.0003898635477582735,0.0
2017-06-19,12.539999961853027,44.20000076293945,97.52999877929688,2.8940000534057617,1.450600028038025,104.4800033569336,72.95999908447266,22.48059844970703,2453.4599609375,2.190000057220459,2.224,2.492,44.24,45.93,197.808,195.797,4.3,2.3,2.489,241866.0,1192937.0,2032387.0,9816.0,17152.0,7876.0,172.47982885085577,0.4790453648071344,0.005745893018581349,-0.16054486450328448,0.03322892380328746,-0.015600624024960985,-0.00786163522012584,-0.005907837731390364
2017-06-26,12.279999732971191,43.380001068115234,97.43000030517578,3.0269999504089355,1.4386999607086182,109.44000244140625,71.44000244140625,21.920974731445312,2439.070068359375,2.13700008392334,2.201,2.468,43.24,44.09,197.808,195.797,4.3,2.3,2.465,240972.0,1191649.0,2031819.0,9538.0,16890.0,8016.0,176.85091214091003,0.3789965719339317,-0.060353320470917786,-0.1993736364999579,0.03626311980864316,-0.013866877971473901,-0.019692792437967843,-0.016982622432859418
2017-07-03,13.130000114440918,47.06999969482422,96.19999694824219,2.9509999752044678,1.5348000526428223,106.55999755859375,76.95999908447266,22.579559326171875,2429.010009765625,2.3459999561309814,2.163,2.43,46.02,49.13,195.994,191.889,4.3,3.2,2.472,237303.0,1184951.0,2017931.0,9705.0,17141.0,7742.0,171.16136012364763,0.0027568760695104782,-0.4161907597431834,-1.209829219103986,0.028930723142909676,-0.009642426677380467,-0.041229093737845335,-0.03560250391236319
2017-07-10,12.460000038146973,44.400001525878906,96.05000305175781,2.928999900817871,1.5006999969482422,104.31999969482422,73.04000091552734,21.91415023803711,2427.429931640625,2.371000051498413,2.21,2.475,44.4,46.57,195.994,191.889,4.3,3.2,2.481,235656.0,1174237.0,2010974.0,9786.0,17244.0,7610.0,168.56652360515022,-0.16119873084422864,-0.9792190862974206,-1.6681194616817379,0.0395616959662175,0.0028397565922921864,-0.03588143525741028,-0.04260263361735084
2017-07-17,12.859999656677246,46.02000045776367,95.12999725341797,3.0199999809265137,1.5566999912261963,108.16000366210938,75.5999984741211,22.289514541625977,2459.139892578125,2.309000015258789,2.188,2.455,46.02,47.66,195.994,191.889,4.3,3.2,2.491,231211.0,1169508.0,2000699.0,9592.0,17119.0,7996.0,168.73196413678065,-0.6036870390280498,-1.2076050114675945,-2.3119854754235614,0.053331442147441566,0.00364077669902918,-0.017036450079239374,-0.044666923373122835
2017-07-24,12.930000305175781,46.34000015258789,93.9800033569336,2.8989999294281006,1.5568000078201294,103.5199966430664,76.0,22.17690086364746,2469.909912109375,2.253999948501587,2.224,2.492,46.21,47.81,195.994,191.889,4.3,3.2,2.507,230196.0,1162300.0,1991551.0,9821.0,17285.0,8044.0,164.07412687099074,-0.6862771130322207,-1.5528992953361997,-2.7782011831693567,0.047679164649516714,0.00403063280935112,0.0008035355564484092,-0.04007707129094418
2017-07-31,13.949999809265137,50.16999816894531,92.86000061035156,2.7939999103546143,1.7058000564575195,101.12000274658203,82.23999786376953,22.733118057250977,2470.300048828125,2.2920000553131104,2.269,2.538,50.21,51.99,195.994,191.889,4.3,3.2,2.531,227679.0,1160772.0,1992441.0,9842.0,17408.0,8253.0,161.93385490753911,-0.9171185378023231,-1.5743704699767593,-2.496229947650666,0.05530330851667631,0.006423123243677331,0.017038539553752674,-0.029423151374370904
2017-08-07,13.819999694824219,49.38999938964844,93.43000030517578,2.8010001182556152,1.6298999786376953,100.80000305175781,80.80000305175781,22.228084564208984,2480.909912109375,2.256999969482422,2.29,2.553,49.37,51.42,201.45,203.585,4.4,3.2,2.581,231103.0,1154320.0,1987715.0,9797.0,17574.0,7762.0,165.1241196284577,-0.546465334932963,-1.8340440029324785,-2.615969049948768,0.058820706891588026,0.009573195053849126,0.023867313915857613,-0.013255360623781631
2017-08-14,13.390000343322754,47.59000015258789,93.45999908447266,2.9590001106262207,1.57669997215271,106.4000015258789,77.76000213623047,21.753768920898438,2465.840087890625,2.2190001010894775,2.301,2.565,47.59,51.29,201.45,203.585,4.4,3.2,2.598,231125.0,1145375.0,1980549.0,9522.0,17565.0,8126.0,169.9091577399706,-0.5345352065340887,-2.1769004022214697,-2.8553770249944517,0.05905717134715438,0.019755037534571196,0.04030632809351076,0.014544025157232632
2017-08-21,13.65999984741211,47.369998931884766,93.0999984741211,2.9619998931884766,1.5841000080108643,106.23999786376953,77.68000030517578,21.15660858154297,2428.3701171875,2.180000066757202,2.273,2.539,47.39,51.94,201.45,203.585,4.4,3.2,2.596,229902.0,1142048.0,1980549.0,9629.0,17461.0,8790.0,167.13199709211756,-0.6529717246644351,-2.202468273100286,-2.6359183207583743,0.05768837424811002,0.006586594343277685,0.04295463669209143,0.02323749507680173
2017-08-28,13.720000267028809,46.56999969482422,92.20999908447266,2.924999952316284,1.7122999429702759,105.12000274658203,76.23999786376953,21.402299880981445,2444.239990234375,2.1589999198913574,2.322,2.588,46.4,51.87,201.45,203.585,4.4,3.2,2.605,229937.0,1136653.0,1979414.0,9846.0,17725.0,7905.0,163.473390209222,-0.6423222748982295,-2.305188560634995,-2.5430438307853276,0.05254479269290502,-0.0007698229407235857,0.03550059832469077,0.009723842862699339
2017-09-04,14.039999961853027,47.290000915527344,92.80999755859375,3.069999933242798,1.7479000091552734,108.63999938964844,77.36000061035156,21.69576072692871,2476.550048828125,2.1570000648498535,2.604,2.875,47.32,52.6,212.723,228.252,4.3,3.2,2.758,226738.0,1140953.0,1985589.0,9163.0,14472.0,7083.0,173.21466768525593,-0.9548211361999615,-1.9720334442077954,-2.0929142652685706,0.05191779421856313,0.003466872110939878,0.029237455551165414,0.01599063962558489
2017-09-11,14.300000190734863,48.06999969482422,91.86000061035156,2.950000047683716,1.6345000267028809,104.63999938964844,78.55999755859375,22.183727264404297,2488.110107421875,2.125,2.61,2.88,48.06,54.2,212.723,228.252,4.3,3.2,2.802,218310.0,1145248.0,1985793.0,9619.0,14078.0,6480.0,158.86994490071734,-1.7868623805210326,-1.7045976597227128,-1.9783876274230208,0.03565978217073518,0.05873320537428017,0.06857807051530407,0.09270998415213949
2017-09-18,14.75,49.90999984741211,92.05000305175781,3.1459999084472656,1.6685999631881714,111.36000061035156,81.36000061035156,22.8596248626709,2503.8701171875,2.2290000915527344,2.559,2.831,49.88,55.5,212.723,228.252,4.3,3.2,2.791,216185.0,1148229.0,1977820.0,9441.0,15172.0,7368.0,160.28969388835927,-1.9307661170150183,-1.52132581250259,-2.325727893005851,0.03783085565469979,0.015953589557650583,0.07852193995381063,0.1257533145841705
2017-09-25,15.65999984741211,52.220001220703125,92.6500015258789,2.9189999103546143,1.722000002861023,104.16000366210938,84.4000015258789,23.568370819091797,2496.659912109375,2.2200000286102295,2.508,2.785,51.85,59.42,212.723,228.252,4.3,3.2,2.788,217292.0,1145587.0,1972014.0,9522.0,16174.0,7427.0,159.73997059441294,-1.762818915023623,-1.5821058311117162,-2.4992162037659362,0.033181420575653986,-0.00392576730906502,0.07511556240369788,0.13225152129817452
2017-10-02,14.989999771118164,50.58000183105469,93.55999755859375,2.9159998893737793,1.555299997329712,102.08000183105469,81.68000030517578,23.668628692626953,2529.1201171875,2.3369998931884766,2.493,2.772,50.59,55.67,208.328,218.99,4.2,4.6,2.792,218936.0,1138612.0,1964757.0,9241.0,16029.0,7214.0,165.84265772102586,-1.553448073017429,-1.8032302870805819,-2.7129675082870435,0.02301702300659847,-0.001074883554281647,0.0702495201535509,0.12783171521035586
2017-10-09,14.880000114440918,49.58000183105469,93.73999786376953,2.8329999446868896,1.559399962425232,98.72000122070312,80.0,23.58220100402832,2544.72998046875,2.3610000610351562,2.426,2.702,49.58,55.29,208.328,218.99,4.2,4.6,2.776,221426.0,1134665.0,1962157.0,9480.0,16258.0,7617.0,163.50021097046414,-1.2861016293159413,-1.888454136353246,-2.6225976923474814,0.02544963878739326,0.0014347202295552641,0.01232777374909344,0.12535268037081826
2017-10-16,15.479999542236328,51.869998931884766,93.27999877929688,2.946000099182129,1.6168999671936035,103.04000091552734,83.68000030517578,23.609859466552734,2557.639892578125,2.306999921798706,2.413,2.687,51.86,57.49,208.328,218.99,4.2,4.6,2.787,222334.0,1128176.0,1952868.0,9136.0,15439.0,7483.0,170.35223292469354,-1.1872639185404728,-2.043064405822712,-2.8336486395936236,0.021221065972917064,-0.005730659025787954,-0.009279086366880906,0.11441188277800074
2017-10-23,15.390000343322754,51.900001525878906,93.94000244140625,2.990999937057495,1.6783000230789185,103.04000091552734,83.36000061035156,23.309070587158203,2564.97998046875,2.375999927520752,2.406,2.672,51.91,57.69,208.328,218.99,4.2,4.6,2.797,216869.0,1128718.0,1940557.0,9314.0,16025.0,8123.0,162.9893708395963,-1.6539864086557052,-1.9322100403917433,-3.100407015210887,0.012242474742214293,0.003962536023054852,-0.0014331780723755294,0.11168727562824077
2017-10-30,16.270000457763672,54.150001525878906,94.48999786376953,2.9660000801086426,1.7640999555587769,98.08000183105469,86.95999908447266,23.40241241455078,2572.830078125,2.369999885559082,2.41,2.679,54.11,60.65,208.328,218.99,4.2,4.6,2.819,212849.0,1125493.0,1934126.0,9461.0,16015.0,7571.0,157.48261283162455,-1.9582997801888309,-1.9614836008898844,-3.037912018333384,0.0061989063938066025,0.0035880875493363718,0.0032281205164994553,0.10509679968391938
2017-11-06,17.280000686645508,57.349998474121094,94.72000122070312,3.134000062942505,1.8300000429153442,102.08000183105469,92.08000183105469,24.287485122680664,2591.1298828125,2.319999933242798,2.468,2.732,57.34,64.27,213.047,228.908,4.2,4.6,2.882,209537.0,1127049.0,1924342.0,9496.0,16305.0,7377.0,154.46072030328557,-2.170338736395105,-1.8093867323160524,-3.0947725438604476,0.011568620922159933,0.007865570253843268,0.009670487106017145,0.09221232080588915
2017-11-13,16.959999084472656,56.7599983215332,94.48999786376953,3.1670000553131104,1.7928999662399292,103.36000061035156,91.04000091552734,23.945215225219727,2584.840087890625,2.4000000953674316,2.504,2.771,56.77,62.94,213.047,228.908,4.2,4.6,2.915,210431.0,1128197.0,1926344.0,9172.0,16639.0,7898.0,160.5993240296555,-2.0122752669532793,-1.6861899147997237,-2.722034046393441,0.011405823958469785,0.022348350478893275,0.03818443804034599,0.10931485758275605
2017-11-20,16.709999084472656,56.09000015258789,94.08000183105469,3.046999931335449,1.7438000440597534,99.83999633789062,90.23999786376953,23.25721549987793,2582.139892578125,2.371999979019165,2.48,2.75,56.21,61.34,213.047,228.908,4.2,4.6,2.912,210475.0,1124617.0,1924595.0,9595.0,16838.0,7873.0,153.55132881709224,-1.9371222734760396,-1.7189442407611903,-2.551873966569029,0.0127730847655112,0.011450381679389388,0.045927520631503516,0.12288135593220328
2017-11-27,17.06999969482422,58.11000061035156,92.9000015258789,2.927999973297119,1.7892999649047852,96.4800033569336,92.72000122070312,23.229555130004883,2601.419921875,2.328000068664551,2.444,2.717,58.1,63.25,213.047,228.908,4.2,4.6,2.926,214102.0,1118824.0,1914692.0,8724.0,17003.0,7329.0,171.7920678587804,-1.5790457753896765,-1.8122343588493046,-2.648288201170261,0.01916286879846063,-0.0010291595197255976,0.04111548087236305,0.11785028790786956
2017-12-04,16.829999923706055,57.470001220703125,93.19000244140625,2.984999895095825,1.692199945449829,94.72000122070312,91.91999816894531,24.080049514770508,2639.43994140625,2.378999948501587,2.41,2.683,57.48,63.45,213.574,228.888,4.1,4.6,2.922,220882.0,1110766.0,1909701.0,8895.0,17195.0,7202.0,173.82507026419336,-1.011689112124094,-1.9568992477030829,-2.5763127259565306,-8.318861979716985e-06,0.004807692307692291,0.03795672224192992,0.060913705583756306
2017-12-11,17.43000030517578,57.9900016784668,93.87000274658203,2.828000068664551,1.7266000509262085,88.95999908447266,92.80000305175781,24.12499237060547,2659.989990234375,2.384999990463257,2.401,2.675,57.84,65.62,213.574,228.888,4.1,4.6,2.91,226546.0,1105897.0,1907485.0,9091.0,16952.0,7363.0,174.43867561324384,-0.5607820168795035,-1.987986486597703,-2.438636976749526,-0.016539389944965732,-0.0013670539986329056,0.013879250520471897,0.04282655246252687
2017-12-18,17.06999969482422,57.15999984741211,93.69999694824219,2.744999885559082,1.6725000143051147,86.72000122070312,91.5199966430664,24.101179122924805,2690.159912109375,2.3919999599456787,2.358,2.636,57.17,64.45,213.574,228.888,4.1,4.6,2.901,227783.0,1099785.0,1893603.0,9426.0,17063.0,7834.0,169.15775514534266,-0.4608536513240732,-2.0447256256552047,-2.611508031935484,-0.01917122134707694,-0.004106776180698102,-0.0017152658662091813,0.042637047653171
2017-12-25,17.559999465942383,58.470001220703125,93.3499984741211,2.6670000553131104,1.7623000144958496,84.0,93.27999877929688,25.047822952270508,2683.340087890625,2.484999895095825,2.384,2.655,58.25,64.61,213.574,228.888,4.1,4.6,2.903,228374.0,1095274.0,1884793.0,9485.0,17398.0,7993.0,168.54169741697416,-0.4144995787808343,-2.045047947405675,-2.61269136478507,-0.024055411169073393,-0.003092783505154739,-0.003777472527472514,0.040530846484935434
2018-01-01,18.100000381469727,60.41999816894531,92.12000274658203,2.953000068664551,1.7992000579833984,93.27999877929688,96.08000183105469,25.14875030517578,2673.610107421875,2.4049999713897705,2.436,2.711,60.46,66.73,216.855,235.325,4.0,3.3,2.973,233187.0,1088211.0,1886485.0,8650.0,17608.0,7966.0,188.70624277456648,-0.0523696098679403,-2.1045241072153513,-2.3691810161651903,-0.003931023312027215,0.0006894174422613641,-0.007860560492139457,0.039756446991404015
2018-01-08,18.459999084472656,61.72999954223633,92.33000183105469,2.8350000381469727,1.7918000221252441,89.19999694824219,99.04000091552734,26.2485294342041,2747.7099609375,2.4800000190734863,2.429,2.705,61.73,68.48,216.855,235.325,4.0,3.3,2.996,237322.0,1083262.0,1881036.0,8814.0,17323.0,7658.0,188.4790106648514,0.26391230124774406,-2.099979650364433,-2.31878329368274,-0.010925002958033336,0.024112986565621775,0.017453798767967044,0.07096541786743527
2018-01-15,18.969999313354492,64.30000305175781,90.97000122070312,3.200000047683716,1.8494999408721924,101.12000274658203,102.95999908447266,26.94458770751953,2786.239990234375,2.552000045776367,2.473,2.74,64.22,70.31,216.855,235.325,4.0,3.3,3.028,240942.0,1076872.0,1867706.0,8668.0,16875.0,7950.0,194.57706506691278,0.5434912850383543,-2.1230261263163865,-2.4319048047008343,-0.019100445358994245,0.007736293306424447,0.02955326460481089,0.0749910297811267
2018-01-22,18.81999969482422,63.4900016784668,90.4000015258789,3.2239999771118164,1.8801000118255615,99.4000015258789,102.23999786376953,27.15688705444336,2832.969970703125,2.6649999618530273,2.482,2.754,63.66,69.32,216.855,235.325,4.0,3.3,3.025,244040.0,1076037.0,1864830.0,8697.0,16483.0,8041.0,196.42175462803266,0.7912958441555787,-2.012701344451703,-2.314019464078638,-0.04073282202360984,0.010680907877169465,0.04377800758359185,0.08258848766535576
2018-01-29,18.889999389648438,65.55999755859375,89.30999755859375,3.63100004196167,1.9349000453948975,107.36000061035156,104.87999725341797,26.568716049194336,2853.530029296875,2.6989998817443848,2.516,2.784,65.71,68.41,216.855,235.325,4.0,3.3,3.07,242060.0,1083045.0,1866828.0,9044.0,16013.0,8430.0,187.35294117647058,0.6642478416335071,-1.746825551310004,-2.125470597540164,-0.06323292092522859,-0.0009907529722589237,0.04202549087151208,0.07307555870876192
2018-02-05,18.40999984741211,64.1500015258789,89.55000305175781,2.746999979019165,1.84660005569458,92.95999908447266,102.16000366210938,24.16034507751465,2648.93994140625,2.7939999103546143,2.544,2.813,64.18,67.69,220.141,239.767,4.1,3.3,3.086,245474.0,1085402.0,1871641.0,9110.0,16797.0,7892.0,188.61888035126236,0.979931491151356,-1.6107550692836574,-1.9159645181380747,-0.054072311258196115,0.014876033057851235,0.03262697611839882,0.06523247744621785
2018-02-12,17.149999618530273,59.290000915527344,90.20999908447266,2.552000045776367,1.6785000562667847,86.68000030517578,95.12000274658203,23.582611083984375,2656.0,2.8570001125335693,2.511,2.785,59.41,62.2,220.141,239.767,4.1,3.3,3.063,249073.0,1087663.0,1869161.0,9059.0,16162.0,7888.0,192.46175074511535,1.3156077797445245,-1.4907519067665365,-1.861008197580263,-0.04645601485204742,0.005211726384364734,0.030040053404539302,0.05866209262435662
2018-02-19,17.760000228881836,61.68000030517578,89.0999984741211,2.558000087738037,1.7509000301361084,86.76000213623047,99.04000091552734,23.707902908325195,2732.219970703125,2.877000093460083,2.455,2.732,61.89,64.95,220.141,239.767,4.1,3.3,3.027,249334.0,1085351.0,1860495.0,9002.0,15833.0,7021.0,193.88335925349924,1.3918938341648017,-1.4757490578055503,-1.9231459594779792,-0.03720386331153358,-0.007453013609850845,0.011558784676354072,0.05185439560439575
2018-02-26,18.520000457763672,63.90999984741211,89.81999969482422,2.6389999389648438,1.82669997215271,89.55999755859375,102.87999725341797,24.087257385253906,2779.60009765625,2.8589999675750732,2.442,2.713,63.81,67.96,220.141,239.767,4.1,3.3,3.007,251817.0,1088779.0,1864540.0,8860.0,15882.0,7282.0,198.9524830699774,1.645554608953607,-1.3457139945102712,-1.7578091459304244,-0.029704786400883698,-0.01175318315377083,0.0006611570247934129,0.03451811346548195
2018-03-05,18.010000228881836,62.56999969482422,90.08000183105469,2.7039999961853027,1.9349000453948975,90.12000274658203,100.72000122070312,23.547805786132812,2720.93994140625,2.88100004196167,2.462,2.738,62.49,65.78,215.72,231.325,4.0,3.3,2.992,251029.0,1091364.0,1864792.0,9276.0,15935.0,8003.0,189.4354247520483,1.6047760817358814,-1.2415678608031653,-1.67330270944954,-0.0349806956170603,-0.006607201850016509,-0.020521172638436447,0.029089664613278554
2018-03-12,17.860000610351562,61.36000061035156,89.9000015258789,2.7780001163482666,1.8940000534057617,92.83999633789062,98.95999908447266,23.8157958984375,2783.02001953125,2.869999885559082,2.455,2.728,61.35,64.53,215.72,231.325,4.0,3.3,2.976,244758.0,1096386.0,1860159.0,9642.0,16367.0,7585.0,177.69197261978843,1.0515120184330617,-1.095438334768759,-1.676336926831644,-0.030550691196769564,-0.0049883604921849845,-0.03046014257939078,0.0281786941580755
2018-03-19,18.18000030517578,62.060001373291016,89.9000015258789,2.6510000228881836,1.9249000549316406,88.5199966430664,100.4000015258789,23.228254318237305,2712.919921875,2.8450000286102295,2.494,2.765,62.01,64.82,215.72,231.325,4.0,3.3,2.972,243065.0,1093764.0,1853535.0,9324.0,16777.0,7077.0,182.48123123123122,0.9099815323668222,-1.1113262786043459,-1.7085675449345374,-0.015723231599619525,-0.005347593582887722,-0.028403525954946218,0.02585315408479838
2018-03-26,19.15999984741211,65.55000305175781,89.02999877929688,2.618000030517578,2.0104000568389893,88.12000274658203,105.68000030517578,23.824125289916992,2658.550048828125,2.8429999351501465,2.541,2.81,65.49,68.81,215.72,231.325,4.0,3.3,3.01,239593.0,1095407.0,1852047.0,9208.0,16795.0,8148.0,182.14063857515205,0.6093188686754162,-1.0407490714387406,-1.6552163196696053,-0.007359508707517115,-0.0013440860215053752,-0.01816980508754551,0.023768515328969952
2018-04-02,18.719999313354492,63.0099983215332,90.05000305175781,2.683000087738037,1.9660999774932861,88.16000366210938,101.91999816894531,23.154645919799805,2581.8798828125,2.7320001125335693,2.592,2.863,63.05,69.02,219.165,238.803,4.0,2.1,3.042,238477.0,1090788.0,1848203.0,9203.0,16936.0,7898.0,181.39074214929914,0.5125569925119147,-1.105921940203716,-1.6426032079744748,0.0026030404500951843,0.012786002691789866,0.0009976720984368193,0.012445341405987298
2018-04-09,18.920000076293945,63.41999816894531,89.83999633789062,2.693000078201294,1.9842000007629395,89.0,102.16000366210938,23.71896743774414,2613.159912109375,2.7860000133514404,2.587,2.864,63.4,68.19,219.165,238.803,4.0,2.1,3.043,238935.0,1094094.0,1854212.0,9273.0,17019.0,8650.0,180.36719508249757,0.5537553993178099,-1.0014260195565678,-1.476699582228187,0.0007352577727250953,0.010631229235880335,0.016711229946523964,0.015353805073431204
2018-04-16,19.739999771118164,66.22000122070312,89.43000030517578,2.752000093460083,2.039900064468384,90.76000213623047,107.04000091552734,25.285747528076172,2677.840087890625,2.8320000171661377,2.644,2.915,66.23,72.05,219.165,238.803,4.0,2.1,3.104,235967.0,1093023.0,1843815.0,9857.0,16949.0,7930.0,167.57319671299584,0.2901917125524439,-0.9953387493154,-1.5780526446866514,-0.009140300942040103,0.0003287310979620539,0.022513440860215006,0.004953764861294729
2018-04-23,20.690000534057617,68.63999938964844,90.94000244140625,2.740000009536743,2.123699903488159,90.4800033569336,111.36000061035156,25.850067138671875,2670.2900390625,2.9730000495910645,2.696,2.967,67.61,74.54,219.165,238.803,4.0,2.1,3.133,236807.0,1094455.0,1844307.0,9083.0,16621.0,8469.0,182.500165143675,0.36637488389328965,-0.9339046559699841,-1.5031123740949877,0.0038196044230895954,0.020046007229707508,0.044414535666218,0.02611570247933881
2018-04-30,20.75,68.56999969482422,91.83999633789062,2.763000011444092,2.129199981689453,90.23999786376953,110.4000015258789,25.871097564697266,2648.050048828125,2.936000108718872,2.741,3.008,68.56,75.92,219.165,238.803,4.0,2.1,3.157,237978.0,1100221.0,1849221.0,9090.0,16561.0,8549.0,183.26138613861386,0.4771640266815907,-0.7693610076930375,-1.3677629575711419,0.0007303730251639884,0.009342783505154717,0.040863787375415406,0.020521172638436447
2018-05-07,20.979999542236328,70.7300033569336,92.75,2.740999937057495,2.134000062942505,89.19999694824219,112.80000305175781,25.920166015625,2672.6298828125,2.950000047683716,2.733,3.003,70.74,74.75,221.045,242.344,3.8,2.1,3.171,235804.0,1097315.0,1846800.0,9775.0,16486.0,7323.0,168.86219948849106,0.293891819017538,-0.8140447013739179,-1.353688928954429,-0.0021564362832749984,0.007660389403127965,0.03780407626561488,0.023007128969539936
2018-05-14,21.84000015258789,70.95999908447266,92.58999633789062,2.8420000076293945,2.200200080871582,92.5199966430664,115.04000091552734,27.080358505249023,2730.1298828125,2.994999885559082,2.786,3.076,71.01,78.17,221.045,242.344,3.8,2.1,3.239,232014.0,1094391.0,1844652.0,9531.0,16635.0,7601.0,170.401636764243,-0.029314276629994723,-0.8617725684035411,-1.3359603472900712,0.010508806342705013,0.0044345898004434225,0.04206375287545172,0.03525954946131238
2018-05-21,22.139999389648438,72.23999786376953,93.68000030517578,2.809999942779541,2.256500005722046,92.5199966430664,117.36000061035156,27.658693313598633,2733.010009765625,3.065000057220459,2.834,3.121,72.26,78.34,221.045,242.344,3.8,2.1,3.277,233897.0,1099468.0,1850807.0,9689.0,16628.0,8159.0,168.9832800082568,0.151874488553049,-0.7017937393426543,-1.1929269354757477,0.0016322905723913372,0.02144433932513401,0.04349226804123707,0.07003633961017508
2018-05-28,21.280000686645508,67.87999725341797,94.19000244140625,2.938999891281128,2.1814000606536865,95.87999725341797,109.44000244140625,26.140987396240234,2721.330078125,2.930999994277954,2.877,3.165,67.92,76.6,221.045,242.344,3.8,2.1,3.288,234431.0,1095289.0,1851806.0,9689.0,17155.0,7631.0,169.36907833625762,0.21023324494669005,-0.7900965614288201,-1.1354970195903216,0.017859125279080956,0.011732016054337935,0.04596233641876801,0.08979048885932817
2018-06-04,20.989999771118164,64.75,94.0199966430664,2.930000066757202,2.1224000453948975,94.68000030517578,104.95999908447266,26.54056739807129,2746.8701171875,2.937000036239624,2.849,3.146,64.76,73.41,220.947,243.105,4.0,2.1,3.285,239034.0,1096752.0,1866968.0,8976.0,17369.0,8346.0,186.41243315508024,0.6246879180785669,-0.7215351338724149,-0.8576477933824308,0.03415075521556288,0.0033567287152882486,0.04149509027557796,0.09893048128342241
2018-06-11,21.280000686645508,66.0999984741211,93.58000183105469,2.9489998817443848,2.1048998832702637,95.31999969482422,106.87999725341797,27.094377517700195,2782.0,2.9570000171661377,2.822,3.122,66.1,74.58,220.947,243.105,4.0,2.1,3.266,236763.0,1092609.0,1865266.0,9879.0,17505.0,8099.0,167.76404494382024,0.4254678929137556,-0.8199863784428864,-0.8542048699042737,0.013501555734817039,-0.0009124087591240171,0.03595080416272478,0.10383064516129048
2018-06-18,20.969999313354492,65.8499984741211,94.75,2.9509999752044678,2.0546000003814697,96.0,106.31999969482422,26.434019088745117,2773.75,2.9260001182556152,2.79,3.093,65.91,74.87,220.947,243.105,4.0,2.1,3.244,240040.0,1086543.0,1865481.0,9326.0,17701.0,8242.0,180.17156337122026,0.7323337632740223,-0.9878839046450231,-0.822127073030148,0.021528956703675384,-0.005783866057838649,0.008335906143871696,0.0989232839838492
2018-06-25,20.899999618530273,68.08000183105469,94.27999877929688,2.9230000972747803,2.051500082015991,94.95999908447266,110.16000366210938,25.98585319519043,2717.070068359375,2.875,2.745,3.055,69.91,72.82,220.947,243.105,4.0,2.1,3.216,241196.0,1076652.0,1861080.0,9731.0,17816.0,8356.0,173.5044702497174,0.8414568261608535,-1.2950447999580526,-0.8694920541251305,0.012850159649758108,-0.006736068585425525,-0.010070186145865079,0.07774086378737555
2018-07-02,21.65999984741211,73.94000244140625,94.87000274658203,2.861999988555908,2.10479998588562,92.91999816894531,119.68000030517578,26.40226173400879,2726.7099609375,2.865999937057495,2.762,3.068,73.89,76.71,219.929,241.377,3.8,2.5,3.236,239691.0,1077897.0,1864596.0,9869.0,17653.0,9055.0,170.01084203060086,0.7053938278050937,-1.2409338461162478,-0.7814615979048833,0.013571012859454834,-0.008631319358816336,-0.021897810218977964,0.05719921104536496
2018-07-09,21.93000030517578,73.8499984741211,94.08000183105469,2.828000068664551,2.1484999656677246,91.83999633789062,120.23999786376953,27.100948333740234,2784.169921875,2.859999895095825,2.774,3.08,73.93,77.08,219.929,241.377,3.8,2.5,3.243,238997.0,1065263.0,1857398.0,9275.0,17652.0,7431.0,180.37509433962265,0.6372281391238118,-1.686619004754186,-0.8851756583595982,0.03709543790255765,0.006218905472636926,-0.01491628614916285,0.06342425238251725
2018-07-16,20.15999984741211,68.05999755859375,94.51000213623047,2.759000062942505,2.00219988822937,89.63999938964844,111.5199966430664,26.59986686706543,2798.429931640625,2.8580000400543213,2.79,3.093,68.22,71.03,219.929,241.377,3.8,2.5,3.239,235832.0,1071098.0,1863218.0,9708.0,17239.0,9066.0,170.04779563246805,0.3464460931002739,-1.4359135471859392,-0.7476852344384095,0.022026712765738532,0.002163164400494244,-0.007042253521126751,0.0447809278350515
2018-07-23,20.559999465942383,67.88999938964844,94.66999816894531,2.7209999561309814,2.091399908065796,88.36000061035156,112.72000122070312,26.31050682067871,2806.97998046875,2.9649999141693115,2.754,3.06,67.9,73.45,219.929,241.377,3.8,2.5,3.22,233504.0,1064951.0,1853305.0,9846.0,17285.0,7770.0,166.00934389599837,0.13002575326032206,-1.6459599538327854,-0.9114113272750606,0.032000345660520235,-0.0012334258402713072,-0.0015413070283601948,0.033833386530481846
2018-07-30,21.1299991607666,70.12999725341797,94.36000061035156,2.796999931335449,2.1603000164031982,91.83999633789062,116.31999969482422,27.26327896118164,2802.60009765625,2.9749999046325684,2.772,3.075,71.19,74.99,219.929,241.377,3.8,2.5,3.226,230968.0,1068754.0,1863839.0,9878.0,17480.0,7749.0,163.6744280218668,-0.10236199278416902,-1.4559644007684465,-0.6717367944248411,0.035023073710372055,-0.005866008027168745,0.0012437810945273853,0.019955654101995624
2018-08-06,20.649999618530273,69.01000213623047,95.36000061035156,2.859999895095825,2.0650999546051025,93.72000122070312,114.4800033569336,26.64927864074707,2850.39990234375,2.937999963760376,2.781,3.08,69.01,72.51,222.781,246.229,3.8,2.5,3.223,233868.0,1067402.0,1867028.0,9346.0,17598.0,7931.0,175.16327840787503,0.15146135617373624,-1.4800503429260479,-0.5777396980150659,0.035187116709560096,0.0018633540372670065,-0.0030902348578493166,0.01734468621885843
2018-08-13,20.40999984741211,67.19999694824219,96.38999938964844,2.930000066757202,2.014699935913086,96.16000366210938,112.08000183105469,26.229347229003906,2821.929931640625,2.877000093460083,2.774,3.077,67.25,70.62,222.781,246.229,3.8,2.5,3.217,233128.0,1074207.0,1884362.0,9512.0,17981.0,9014.0,171.56181665264927,0.0804391692179244,-1.1631610650685014,-0.18002561535969555,0.038049073791893484,-0.0009299442033477989,-0.006167129201356758,-0.004939796233405347
2018-08-20,20.25,66.43000030517578,95.9000015258789,2.940999984741211,2.0151000022888184,96.5999984741211,110.08000183105469,25.795307159423828,2857.050048828125,2.822999954223633,2.755,3.066,66.5,71.11,222.781,246.229,3.8,2.5,3.207,234328.0,1068370.0,1881676.0,9453.0,17892.0,7518.0,173.5212101978208,0.18442016221530821,-1.3732375127879837,-0.2050298167994069,0.03282361323322891,-0.0018616196090598391,-0.006792219820932366,-0.018309429356118456
2018-08-27,21.40999984741211,68.87000274658203,94.77999877929688,2.875999927520752,2.089600086212158,94.08000183105469,116.0,26.49753189086914,2896.739990234375,2.8480000495910645,2.761,3.069,69.97,74.41,222.781,246.229,3.8,2.5,3.226,232774.0,1065804.0,1879910.0,9899.0,17566.0,7485.0,164.60430346499646,0.03768865627759066,-1.439154449557441,-0.21035033491671734,0.022673807807189084,-0.0031084861672365793,-0.004037267080745477,-0.02463503649635035
2018-09-03,21.700000762939453,69.80000305175781,95.13999938964844,2.9159998893737793,2.143699884414673,95.80000305175781,117.68000030517578,26.268163681030273,2901.52001953125,2.8529999256134033,2.759,3.069,69.84,77.81,223.955,250.369,3.7,2.5,3.252,234619.0,1061502.0,1883790.0,9734.0,17647.0,7714.0,168.72128621327306,0.1980846967836727,-1.5727778239755956,-0.08092415011652188,0.023124470909551498,0.005924540068599882,0.0,-0.01796042617960436
2018-09-10,21.6299991607666,67.54000091552734,95.1500015258789,2.803999900817871,1.9592000246047974,92.08000183105469,113.68000030517578,25.67885398864746,2877.1298828125,2.937000036239624,2.765,3.08,67.55,76.77,223.955,250.369,3.7,2.5,3.258,235869.0,1056205.0,1893924.0,9649.0,17857.0,7591.0,171.1144160016582,0.29714334263669556,-1.752100192523899,0.22197547609999382,0.03229960870155568,0.008059516429014257,0.00899782811045613,-0.004286589099816385
2018-09-17,21.799999237060547,68.91000366210938,94.51000213623047,2.813999891281128,1.9767999649047852,91.83999633789062,115.76000213623047,26.246986389160156,2888.800048828125,3.000999927520752,2.771,3.081,68.86,78.22,223.955,250.369,3.7,2.5,3.268,234150.0,1054147.0,1894528.0,9534.0,17415.0,8024.0,171.91629955947135,0.11430595670896304,-1.795173414202688,0.30263144821941074,0.03589972516169393,0.0018450184501845879,0.012744793285669909,0.004315659679408057
2018-09-24,22.719999313354492,72.08000183105469,94.26000213623047,3.0380001068115234,2.0546998977661133,100.31999969482422,122.0,27.07411766052246,2919.3701171875,3.078000068664551,2.779,3.086,73.23,80.89,223.955,250.369,3.7,2.5,3.271,235680.0,1055999.0,1898965.0,8987.0,16514.0,7802.0,183.57182597084676,0.2276870513977919,-1.676831827213325,0.5011908395009312,0.03786736652015521,0.0030693677102515693,0.0190208917991892,0.016169154228855565
2018-10-01,23.940000534057617,75.30000305175781,95.30000305175781,3.0940001010894775,2.127500057220459,102.83999633789062,127.5999984741211,27.28374481201172,2924.590087890625,3.0799999237060547,2.796,3.106,75.37,84.94,226.022,253.471,3.8,0.6,3.313,235221.0,1063974.0,1906595.0,9102.0,16591.0,7965.0,180.8994726433751,0.1552085326018583,-1.2792813992662824,0.8223220847985788,0.014598630323146677,0.0009179926560587415,0.013949163050216873,0.010815822002472109
2018-10-08,23.6200008392334,74.29000091552734,95.7699966430664,3.2669999599456787,2.0936999320983887,108.27999877929688,125.44000244140625,27.393892288208008,2884.429931640625,3.2330000400543213,2.829,3.136,74.27,84.22,226.022,253.471,3.8,0.6,3.385,236172.0,1068655.0,1916662.0,9078.0,16239.0,7397.0,182.11103767349636,0.2204552637693122,-1.0300717348347599,1.255459358719008,-0.002032859411397636,0.012840110058086385,0.018757687576875792,0.021584952204748875
2018-10-15,22.729999542236328,71.77999877929688,95.06999969482422,3.242000102996826,1.9443000555038452,107.5199966430664,121.04000091552734,25.720407485961914,2750.7900390625,3.1630001068115234,2.806,3.119,71.84,80.91,226.022,253.471,3.8,0.6,3.394,234156.0,1074075.0,1918213.0,9182.0,16316.0,7615.0,178.51143541712045,-0.0036273069449364957,-0.7362659187772362,1.4268982210807235,-0.016507221909585423,0.02173256866888007,0.038980969920196396,0.045075640629824054
2018-10-22,22.579999923706055,69.16999816894531,96.01000213623047,3.138000011444092,1.9067000150680542,104.19999694824219,117.91999816894531,25.134166717529297,2755.8798828125,3.196000099182129,2.763,3.084,69.25,80.45,226.022,253.471,3.8,0.6,3.38,229330.0,1079263.0,1908675.0,9324.0,16268.0,7678.0,172.16966966966967,-0.5102431261294108,-0.44100574226811373,1.1689027162231391,-0.026032273423377883,0.0026587887740030514,0.038555691554467586,0.05403726708074541
2018-10-29,21.729999542236328,67.04000091552734,96.58000183105469,3.184999942779541,1.8249000310897827,103.68000030517578,112.87999725341797,23.179990768432617,2641.25,3.0869998931884766,2.732,3.064,67.0,77.56,226.022,253.471,3.8,0.6,3.355,226169.0,1080939.0,1900307.0,9262.0,16417.0,7344.0,170.93316778233643,-0.8760988602193587,-0.31949048705359423,0.9150159450271622,-0.017022653588278147,-0.004124926340601132,0.03332314276979509,0.04773713577185368
2018-11-05,20.5,63.099998474121094,96.3499984741211,3.566999912261963,1.6919000148773193,115.72000122070312,106.4000015258789,24.405792236328125,2738.31005859375,3.2009999752044678,2.67,3.008,63.12,72.68,218.5,238.309,3.8,0.6,3.338,228021.0,1086487.0,1904400.0,9099.0,16408.0,7539.0,175.42004615891855,-0.743733050098017,0.02742613186454606,1.1517545889539462,-0.012330456226880449,-0.007396449704141994,0.012677331723513374,0.04095563139931735
2018-11-12,19.59000015258789,59.93000030517578,97.54000091552734,3.7880001068115234,1.6367000341415405,126.23999786376953,99.83999633789062,23.833751678466797,2726.219970703125,3.186000108718872,2.604,2.949,59.85,69.81,218.5,238.309,3.8,0.6,3.317,226610.0,1095386.0,1901387.0,9192.0,16432.0,7452.0,172.57071366405572,-1.0060552859191945,0.6072198691548917,1.0706936774828753,-0.010957920347681838,-0.005067064083457473,-0.013884785819793133,0.03761268262356232
2018-11-19,18.959999084472656,56.7599983215332,96.19000244140625,4.699999809265137,1.582900047302246,148.8000030517578,97.12000274658203,23.862173080444336,2690.72998046875,3.056999921798706,2.525,2.883,57.16,64.14,218.5,238.309,3.8,0.6,3.282,225315.0,1099477.0,1900798.0,9185.0,16855.0,7554.0,171.71529667936855,-1.2895780374249506,0.9498550365906339,1.1035513921141051,-0.010730477237975156,-0.006291192330736939,-0.02268709487330578,0.03429996881821018
2018-11-26,17.149999618530273,51.630001068115234,97.06999969482422,4.248000144958496,1.4426000118255615,138.24000549316406,87.5199966430664,23.04853630065918,2673.449951171875,3.072000026702881,2.445,2.819,51.46,59.7,218.5,238.309,3.8,0.6,3.261,224551.0,1101049.0,1900684.0,9188.0,17553.0,8162.0,171.07716586852416,-1.5542693114484565,1.146615022734987,1.158075708526302,-0.013624788564843282,-0.010551703346397434,-0.028994082840236635,0.017358958462492247
2018-12-03,17.489999771118164,52.95000076293945,97.04000091552734,4.339000225067139,1.431399941444397,140.55999755859375,90.16000366210938,24.01140022277832,2790.3701171875,2.992000102996826,2.35,2.731,52.98,60.17,213.63,225.063,3.9,0.6,3.207,226250.0,1092723.0,1890999.0,8877.0,17487.0,7219.0,178.4104990424693,-1.4446312091673605,0.6331150570720157,0.7443118684942861,-0.01655404359802326,-0.006398537477148025,-0.02801788375558867,0.002767527675276771
2018-12-10,16.90999984741211,51.0,97.22000122070312,4.545000076293945,1.4189000129699707,145.9600067138672,86.0,22.408981323242188,2637.719970703125,2.8559999465942383,2.325,2.696,51.07,60.29,213.63,225.063,3.9,0.6,3.161,228337.0,1091517.0,1885032.0,9036.0,17436.0,7393.0,176.88789287295262,-1.187219830916601,0.5916999816402511,0.49483978489701297,-0.022472489719109423,-0.016559337626494974,-0.03924505692031166,-0.015653775322283625
2018-12-17,16.610000610351562,49.880001068115234,97.0999984741211,3.5280001163482666,1.4104000329971313,114.83999633789062,83.5999984741211,21.6593017578125,2545.93994140625,2.8570001125335693,2.268,2.643,49.8,57.59,213.63,225.063,3.9,0.6,3.121,230103.0,1090594.0,1874063.0,9243.0,17408.0,7423.0,174.2638753651412,-0.9314333835146098,0.5575705409970623,-0.0030500714784918712,-0.026546590669896952,-0.01434362332397876,-0.047030449201085345,-0.03274173806609537
2018-12-24,14.699999809265137,42.529998779296875,96.55000305175781,3.4670000076293945,1.2488000392913818,117.23999786376953,74.31999969482422,19.3084716796875,2351.10009765625,2.749000072479248,2.216,2.588,45.38,51.93,213.63,225.063,3.9,0.6,3.077,233106.0,1090550.0,1871863.0,9348.0,17350.0,7656.0,174.55519897304237,-0.483707303071072,0.5745798330701576,-0.09196980562555708,-0.02462226387750599,-0.012654223347042137,-0.0490554539914686,-0.04585753592173647
2018-12-31,15.329999923706055,45.40999984741211,96.16999816894531,2.940000057220459,1.323699951171875,98.83999633789062,77.27999877929688,20.567249298095703,2506.85009765625,2.686000108718872,2.156,2.532,45.15,50.57,213.63,225.063,3.9,0.6,3.048,239996.0,1090557.0,1886223.0,8623.0,17760.0,7392.0,194.8245390235417,0.5689612174005245,0.5851071426262039,0.6216530945863673,-0.02005112934733677,-0.014098045498237788,-0.056424409690279065,-0.07123453063688501
2019-01-07,16.260000228881836,48.52000045776367,95.70999908447266,2.944000005722046,1.3408000469207764,97.5199966430664,82.31999969482422,21.79017448425293,2549.68994140625,2.681999921798706,2.128,2.496,48.27,57.1,204.34,208.73,4.0,2.5,3.013,248062.0,1088877.0,1899466.0,8735.0,17566.0,7846.0,198.79038351459644,1.8034614754276814,0.4529514595801079,1.2692481144636005,-0.026815492477825886,-0.00942476438089046,-0.04957904583723105,-0.0995568685376661
2019-01-14,16.68000030517578,50.5099983215332,95.58999633789062,3.5910000801086426,1.363800048828125,119.0,85.5199966430664,22.184661865234375,2582.610107421875,2.7100000381469727,2.143,2.496,50.31,58.8,204.34,208.73,4.0,2.5,2.976,255565.0,1086194.0,1904101.0,8565.0,17223.0,7527.0,208.86806771745475,2.851337436410089,0.2403042232393652,1.4577479747307907,-0.03473880319566425,-0.011482939632545985,-0.04682062638405571,-0.1122569239835004
2019-01-21,17.670000076293945,53.79999923706055,96.33999633789062,3.4820001125335693,1.4528000354766846,113.63999938964844,90.4800033569336,22.89473533630371,2670.7099609375,2.7839999198913574,2.147,2.5,53.6,62.18,204.34,208.73,4.0,2.5,2.965,259615.0,1094164.0,1910558.0,8868.0,17049.0,8191.0,204.92839422643212,3.190248755664809,0.8327914193254192,1.7024799694112802,-0.05274215840000995,-0.012280119482243612,-0.04645946811919255,-0.11952662721893492
2019-01-28,16.93000030517578,51.9900016784668,95.75,2.9110000133514404,1.3330999612808228,102.91999816894531,87.5999984741211,22.342456817626953,2643.85009765625,2.74399995803833,2.162,2.5,51.79,59.71,204.34,208.73,4.0,2.5,2.965,257380.0,1095083.0,1905639.0,9564.0,16463.0,7083.0,188.37933918862402,2.610215186709329,0.8730637482368908,1.3932836973908418,-0.06596327319587625,-0.003696236559139865,-0.036399090022749436,-0.11624441132637853
2019-02-04,17.739999771118164,54.560001373291016,95.8499984741211,2.6600000858306885,1.4322999715805054,95.16000366210938,92.0,23.325088500976562,2724.8701171875,2.7239999771118164,2.162,2.488,54.57,62.26,208.144,217.237,3.8,2.5,2.966,257893.0,1096346.0,1902367.0,9073.0,16633.0,7146.0,198.9695800727433,2.4881987615926553,0.9443110581159122,1.1880553208320535,-0.041729242651791454,0.0,-0.02723097112860895,-0.11174355901737576
2019-02-11,17.479999542236328,52.40999984741211,97.05999755859375,2.6419999599456787,1.4191999435424805,94.44000244140625,88.08000183105469,22.6795654296875,2709.800048828125,2.6610000133514404,2.187,2.5,52.43,61.3,208.144,217.237,3.8,2.5,2.966,258301.0,1099979.0,1908515.0,8648.0,15768.0,6210.0,209.07805272895467,2.3898369526073506,1.1915835781590869,1.4216971608288165,-0.03259082290951021,0.0003372681281619272,-0.015599070693660733,-0.10581851070244197
2019-02-18,18.770000457763672,55.59000015258789,96.91999816894531,2.625,1.5729000568389893,93.55999755859375,93.68000030517578,23.71241569519043,2775.60009765625,2.6659998893737793,2.23,2.535,55.58,66.41,208.144,217.237,3.8,2.5,3.006,256847.0,1103651.0,1905706.0,8800.0,15711.0,7522.0,204.31011363636364,2.118959090824388,1.4291938902700256,1.2397828070095323,-0.029541850438574713,0.0,-0.0033602150537633824,-0.09628275441803769
2019-02-25,18.350000381469727,55.47999954223633,96.41000366210938,2.8359999656677246,1.545199990272522,99.08000183105469,92.55999755859375,23.62275505065918,2796.110107421875,2.6730000972747803,2.311,2.601,55.32,64.02,208.144,217.237,3.8,2.5,3.048,254941.0,1095004.0,1887669.0,8981.0,15890.0,5917.0,198.70693686671862,1.8381288717690394,0.7522300120805155,0.40448450272139613,-0.030962994790267984,0.013486176668914274,0.01382799325463746,-0.07819687212511506
2019-03-04,18.59000015258789,56.59000015258789,96.68000030517578,2.8570001125335693,1.7489999532699585,100.55999755859375,94.4000015258789,23.87379264831543,2792.81005859375,2.7219998836517334,2.352,2.638,56.6,64.44,214.934,230.013,3.8,2.5,3.076,250714.0,1102060.0,1887233.0,9062.0,15990.0,7001.0,193.6656367247848,1.3547718297150444,1.2472954275910006,0.36686919731547585,-0.046857284470741334,0.0139720558882237,0.02799325463743685,-0.04957904583723105
2019-03-11,18.889999389648438,56.790000915527344,97.22000122070312,2.7720000743865967,1.8259999752044678,97.91999816894531,94.87999725341797,23.27488899230957,2783.300048828125,2.6429998874664307,2.399,2.674,56.79,65.06,214.934,230.013,3.8,2.5,3.079,246090.0,1098198.0,1877265.0,9140.0,16020.0,6746.0,188.47155361050326,0.8565843131479993,0.9428696300473034,-0.08786341920501758,-0.04673130840638762,0.009186351706036655,0.03708698583951442,-0.026890224612464375
2019-03-18,19.100000381469727,59.09000015258789,96.5199966430664,2.8499999046325684,1.8827999830245972,100.23999786376953,98.4800033569336,24.006816864013672,2832.93994140625,2.6019999980926514,2.477,2.75,59.09,66.65,214.934,230.013,3.8,2.5,3.07,241503.0,1088609.0,1864772.0,9409.0,16198.0,6932.0,179.67063449888406,0.35694187197507316,0.25938279710924644,-0.6542123756358579,-0.032512993822117475,0.0009752925877763996,0.03809844908968296,-0.013457225248317828
2019-03-25,19.0,58.81999969482422,96.56999969482422,2.755000114440918,1.9378999471664429,97.55999755859375,98.0,23.674297332763672,2798.360107421875,2.4200000762939453,2.544,2.819,58.71,67.37,214.934,230.013,3.8,2.5,3.08,238620.0,1091409.0,1864965.0,9124.0,15831.0,6540.0,183.07102148180624,0.049146770872379786,0.46614175828346105,-0.6610857346400955,-0.01631154049761785,-0.002923026956804242,0.021290751829674104,-0.0022749431264218467
2019-04-01,19.639999389648438,61.59000015258789,97.25,2.7079999446868896,1.898900032043457,95.12000274658203,102.55999755859375,24.212833404541016,2867.18994140625,2.496999979019165,2.611,2.885,61.59,69.08,222.42,245.651,3.7,3.4,3.078,236839.0,1098647.0,1871965.0,9131.0,15849.0,6763.0,181.56532690833427,-0.14133314090625157,0.9890948166656962,-0.36447083333231683,-0.012295760082730145,0.0032573289902280145,0.01049868766404205,0.01049868766404205
2019-04-08,20.219999313354492,64.4000015258789,97.05000305175781,2.7079999446868896,1.9880000352859497,95.4000015258789,107.19999694824219,24.54536247253418,2895.77001953125,2.5190000534057617,2.65,2.93,64.37,71.12,222.42,245.651,3.7,3.4,3.093,229129.0,1105676.0,1876163.0,9806.0,16100.0,6599.0,163.56343055272282,-0.9711498187292374,1.4680046937897577,-0.1999613608258032,-0.010293156374889367,-0.0006493506493506773,0.0006501950585173777,0.021573182874211838
2019-04-15,20.270000457763672,63.400001525878906,96.94000244140625,2.5899999141693115,2.0118000507354736,91.19999694824219,105.91999816894531,24.274288177490234,2905.580078125,2.552999973297119,2.725,3.006,63.43,70.9,222.42,245.651,3.7,3.4,3.118,227955.0,1104280.0,1878722.0,9420.0,16078.0,5992.0,169.39331210191082,-1.0681224627637167,1.331235943507784,-0.10337373110798641,0.006506722649139096,0.004873294346978696,0.0045469308216952165,0.03931451612903225
2019-04-22,21.059999465942383,65.69999694824219,97.27999877929688,2.5239999294281006,2.1298000812530518,88.5999984741211,109.36000061035156,24.798372268676758,2907.969970703125,2.5899999141693115,2.723,3.019,65.66,70.71,222.42,245.651,3.7,3.4,3.147,225826.0,1109759.0,1887742.0,9409.0,16583.0,7149.0,168.0074396854076,-1.2663021500618432,1.6735392816081218,0.29409773615200496,0.007712130111432014,0.008082767539605573,0.015635179153094425,0.05160202360876909
2019-04-29,20.510000228881836,63.5,97.86000061035156,2.5929999351501465,2.0827999114990234,89.87999725341797,105.83999633789062,23.9128475189209,2943.030029296875,2.5360000133514404,2.761,3.062,63.39,71.22,222.42,245.651,3.7,3.4,3.169,226743.0,1119154.0,1900246.0,9228.0,16446.0,7414.0,171.9983745123537,-1.1294961573727726,2.2457324823496987,0.8822721103198473,0.014690503255141207,0.009300833867863956,0.021753246753246636,0.061382799325463644
2019-05-06,20.549999237060547,62.25,97.5199966430664,2.5239999294281006,1.9966000318527222,87.63999938964844,104.55999755859375,23.24418067932129,2932.469970703125,2.5,2.771,3.083,62.3,71.95,220.523,242.557,3.6,3.4,3.171,226147.0,1114321.0,1897584.0,9871.0,16405.0,6693.0,160.37169486374228,-1.1551236127528022,1.826061993723928,0.7162591657929277,0.017006619998842787,0.00699078487448368,0.02956465237166994,0.06844234659474036
2019-05-13,20.049999237060547,61.040000915527344,97.31999969482422,2.621000051498413,1.9637000560760498,90.83999633789062,101.44000244140625,22.752620697021484,2811.8701171875,2.4049999713897705,2.735,3.054,60.97,72.35,220.523,242.557,3.6,3.4,3.16,225024.0,1117988.0,1910620.0,9148.0,16676.0,7612.0,172.18714473108875,-1.2362709175243702,1.9880847773663548,1.3680947326979949,0.018550499500086914,0.0006311139160617429,0.02521823472356921,0.0691166554281859
2019-05-20,20.690000534057617,63.099998474121094,97.93000030517578,2.6730000972747803,2.0099000930786133,92.19999694824219,105.19999694824219,23.052621841430664,2840.22998046875,2.4159998893737793,2.723,3.045,63.12,73.21,220.523,242.557,3.6,3.4,3.163,228740.0,1121593.0,1926356.0,9429.0,16578.0,6943.0,169.8144023756496,-0.8339091575832969,2.1117190477479846,2.1808444025320997,0.01204669827021232,-0.0034689372437716193,0.01347017318794097,0.05123087159015305
2019-05-27,19.729999542236328,58.630001068115234,97.61000061035156,2.5980000495910645,1.934499979019165,89.27999877929688,97.83999633789062,22.27191162109375,2826.06005859375,2.3239998817443848,2.696,3.022,58.4,67.98,220.523,242.557,3.6,3.4,3.151,230944.0,1121311.0,1925061.0,9394.0,16767.0,6862.0,172.08941877794337,-0.5986290359753088,1.9951548170605515,2.014924649236442,0.01312879958464408,0.0009493670886076,0.005084207181442757,0.03772965879265078
2019-06-03,17.690000534057617,53.25,97.13999938964844,2.4030001163482666,1.7412999868392944,82.36000061035156,87.91999816894531,21.51288604736328,2744.449951171875,2.0810000896453857,2.691,3.015,53.25,63.16,214.926,231.691,3.6,3.4,3.136,234149.0,1128082.0,1947861.0,9441.0,16938.0,7927.0,173.60904565194363,-0.2704016886322372,2.280621137067516,3.143567420928697,0.018213956029854428,-0.003793866582358474,-0.005680025244556686,0.024382314694408214
2019-06-10,18.139999389648438,53.2599983215332,96.76000213623047,2.3570001125335693,1.730299949645996,80.80000305175781,88.87999725341797,22.210466384887695,2886.72998046875,2.1429998874664307,2.62,2.955,53.33,64.31,214.926,231.691,3.6,3.4,3.105,234913.0,1130288.0,1957132.0,9877.0,17064.0,7611.0,166.48688873139616,-0.18475076829358486,2.2653172239288164,3.2965921361792767,0.005676049552222784,-0.004760393525864659,-0.01103752759381893,0.01851250405975957
2019-06-17,17.760000228881836,51.93000030517578,97.55999755859375,2.385999917984009,1.6907999515533447,81.19999694824219,86.4800033569336,22.235763549804688,2889.669921875,2.0859999656677246,2.553,2.897,51.94,62.56,214.926,231.691,3.6,3.4,3.07,233221.0,1127182.0,1956659.0,9928.0,17264.0,7467.0,164.43865834004836,-0.3498919082093515,1.9644920142966245,2.938147368753619,0.025276618094369763,-0.009885204081632737,-0.017405063291139333,0.01140065146579805
2019-06-24,18.969999313354492,57.900001525878906,95.9800033569336,2.302999973297119,1.8549000024795532,78.36000061035156,96.08000183105469,22.974895477294922,2945.35009765625,2.0209999084472656,2.541,2.881,57.73,65.16,214.926,231.691,3.6,3.4,3.043,232225.0,1114394.0,1944746.0,9466.0,17337.0,6656.0,171.72776251848722,-0.43612917118122796,1.2211800394169363,2.176450674361284,0.03739898515316664,-0.011272141706924366,-0.02940246601327856,-0.0032467532467532756
2019-07-01,19.260000228881836,59.09000015258789,96.83999633789062,2.2669999599456787,1.9305000305175781,77.80000305175781,98.23999786376953,23.259389877319336,2964.330078125,2.0339999198913574,2.608,2.931,58.91,65.1,216.696,235.098,3.7,4.8,3.042,230642.0,1113309.0,1947311.0,9492.0,17290.0,7585.0,170.08997050147494,-0.5769964535119965,1.1202792094497795,2.1631967129758816,0.03990114599562755,-0.008794788273615572,-0.0342748333862265,-0.011371020142949884
2019-07-08,18.8799991607666,57.65999984741211,97.37999725341797,2.4030001163482666,1.9012999534606934,82.5199966430664,95.44000244140625,23.04419708251953,2975.949951171875,2.0339999198913574,2.644,2.959,57.35,64.89,216.696,235.098,3.7,4.8,3.055,229187.0,1103810.0,1943744.0,9754.0,17438.0,7302.0,164.47703506253845,-0.7033383037508116,0.6141299023232342,1.8969944071361342,0.04208292922002865,-0.000328623069339562,-0.029974489795918435,-0.016488845780795347
2019-07-15,19.549999237060547,59.58000183105469,96.93000030517578,2.4079999923706055,1.930299997329712,82.72000122070312,98.4000015258789,23.292217254638672,3014.300048828125,2.0920000076293945,2.682,2.982,59.3,66.86,216.696,235.098,3.7,4.8,3.051,232752.0,1100694.0,1955723.0,9214.0,17267.0,6832.0,176.82483177772954,-0.32834003338613765,0.4312074627375801,2.2955589991126417,0.03774832248041515,0.00427350427350448,-0.01610305958132041,-0.020205259781911344
2019-07-22,18.780000686645508,56.220001220703125,97.26000213623047,2.312000036239624,1.8279000520706177,79.55999755859375,93.44000244140625,22.996776580810547,2985.030029296875,2.0429999828338623,2.653,2.958,55.87,61.96,216.696,235.098,3.7,4.8,3.044,232526.0,1089859.0,1949275.0,9673.0,17034.0,7028.0,168.27065026362038,-0.34452220439472653,-0.13445987037920396,1.9101810301542166,0.019613114564247303,-0.001309328968903456,-0.006188925081433094,-0.030505243088655765
2019-07-29,18.950000762939453,56.869998931884766,98.04000091552734,2.1410000324249268,1.8633999824523926,73.5999984741211,94.55999755859375,22.686756134033203,3020.969970703125,2.055000066757202,2.615,2.924,56.85,62.29,216.696,235.098,3.7,4.8,3.034,230735.0,1081363.0,1939201.0,9559.0,16991.0,6663.0,168.9658960142274,-0.5197954180745943,-0.5939943071492937,1.4452575610647422,0.025545066934778315,-0.0022943297279580666,0.00032862306933933993,-0.039444619753865595
2019-08-05,17.809999465942383,54.689998626708984,97.5,2.069999933242798,1.718000054359436,72.4000015258789,90.95999908447266,21.373693466186523,2844.739990234375,1.7350000143051147,2.588,2.899,54.63,59.32,213.847,229.734,3.6,4.8,3.032,235172.0,1083748.0,1949593.0,9651.0,17777.0,7148.0,170.57341208164956,-0.08002234578669513,-0.49063528842915377,1.7988596540292576,0.02802538804542687,-0.00328515111695149,-0.002629848783694988,-0.043204036581520056
2019-08-12,17.40999984741211,54.93000030517578,97.37999725341797,2.1050000190734863,1.6651999950408936,73.36000061035156,90.87999725341797,21.300750732421875,2882.699951171875,1.6390000581741333,2.524,2.851,54.98,57.13,213.847,229.734,3.6,4.8,3.011,233760.0,1085328.0,1952156.0,9932.0,17302.0,7714.0,164.75231574708013,-0.22235790470435318,-0.4320486715569129,1.819202215289206,0.024606561887758227,-0.0006591957811469262,-0.007528641571194816,-0.040506329113924044
2019-08-19,17.790000915527344,56.209999084472656,98.3499984741211,2.2100000381469727,1.6643999814987183,76.4000015258789,93.27999877929688,21.25696563720703,2923.64990234375,1.5980000495910645,2.501,2.826,56.24,59.79,213.847,229.734,3.6,4.8,2.994,234072.0,1082596.0,1956040.0,9626.0,17702.0,7218.0,170.216496987326,-0.19272588966806575,-0.5910914728634076,1.873109256540733,0.04301066378385521,-0.006926121372031635,-0.013110455588331682,-0.04805564337654111
2019-08-26,17.479999542236328,53.63999938964844,98.08000183105469,2.2300000190734863,1.6165000200271606,77.23999786376953,89.44000244140625,20.498321533203125,2878.3798828125,1.5449999570846558,2.471,2.799,53.54,58.64,213.847,229.734,3.6,4.8,2.983,231982.0,1072569.0,1944745.0,9900.0,17408.0,5928.0,164.02767676767678,-0.3992286224913806,-1.151100707663602,1.3598660419330264,0.04137532027440294,-0.005645964795748859,-0.016425755584756785,-0.04982545223738488
2019-09-02,17.6200008392334,55.099998474121094,98.91999816894531,2.2850000858306885,1.6133999824523926,79.08000183105469,91.68000030517578,20.965185165405273,2926.4599609375,1.50600004196167,2.461,2.789,55.07,58.55,213.015,228.23,3.5,4.8,2.976,229586.0,1067798.0,1939751.0,9471.0,17381.0,6904.0,169.68662232076866,-0.634685309731325,-1.4270373671377279,1.122309560980966,0.05053299749359952,-0.0036740146960587694,-0.01680949241924845,-0.04878826530612246
2019-09-09,18.809999465942383,57.849998474121094,98.27999877929688,2.5850000381469727,1.5845999717712402,89.91999816894531,96.63999938964844,21.96091651916504,2978.429931640625,1.621999979019165,2.45,2.783,57.88,63.99,213.015,228.23,3.5,4.8,2.971,228904.0,1060886.0,1936711.0,9807.0,17495.0,6725.0,163.38615274803712,-0.6900543871422554,-1.8267252842683033,0.9685017758246848,0.04626647205487733,-0.0023466309084814174,-0.01846965699208447,-0.04154589371980677
2019-09-16,20.420000076293945,62.900001525878906,98.6500015258789,2.680999994277954,1.7524000406265259,93.08000183105469,102.63999938964844,23.025957107543945,2997.9599609375,1.840999960899353,2.454,2.787,63.1,68.42,213.015,228.23,3.5,4.8,2.987,229685.0,1061944.0,1937486.0,8939.0,16707.0,7050.0,179.86296006264683,-0.5970894359045791,-1.791512946311595,0.9616952472245527,0.04256638338679286,-0.0016801075268816357,-0.013284623048821054,-0.03224755700325721
2019-09-23,19.350000381469727,58.63999938964844,98.5999984741211,2.5269999504089355,1.6837999820709229,87.63999938964844,97.68000030517578,22.562971115112305,2991.780029296875,1.7079999446868896,2.561,2.883,58.69,64.66,213.015,228.23,3.5,4.8,3.081,230204.0,1064356.0,1938057.0,9346.0,16513.0,6378.0,172.41900278193881,-0.5359865789225254,-1.6957185329361641,0.9476149599451215,0.025369313890423628,0.005385392123864019,-0.002338009352037429,-0.018402891883010253
2019-09-30,18.149999618530273,54.06999969482422,99.37999725341797,2.3299999237060547,1.6049000024795532,79.72000122070312,90.72000122070312,21.790016174316406,2976.739990234375,1.6749999523162842,2.518,2.855,54.09,60.99,213.015,228.23,3.5,4.8,3.066,229976.0,1067460.0,1937129.0,9137.0,16017.0,6291.0,176.1882455948342,-0.5464861642759766,-1.5584914103706722,0.8813596269937373,0.009716306190810986,0.0314697020421828,0.0328528327187394,0.012820512820512775
2019-10-07,17.84000015258789,52.75,98.98999786376953,2.302999973297119,1.5693999528884888,78.91999816894531,88.31999969482422,20.932403564453125,2938.7900390625,1.5529999732971191,2.513,2.855,52.76,59.46,215.268,232.348,3.6,2.8,3.047,228763.0,1070187.0,1928598.0,9460.0,15656.0,6224.0,169.27494714587738,-0.6531542711393103,-1.4156630917677187,0.5500310595423121,0.0006657638192513193,-0.004868549172346692,0.030241935483870996,0.0036006546644844484
2019-10-14,18.100000381469727,53.59000015258789,98.44999694824219,2.2799999713897705,1.6131999492645264,78.27999877929688,89.44000244140625,21.296796798706055,2966.14990234375,1.7330000400543213,2.495,2.843,53.57,58.81,215.268,232.348,3.6,2.8,3.051,226201.0,1078199.0,1925506.0,9354.0,15436.0,6295.0,169.27592473807996,-0.8850434841007558,-0.9588269000961861,0.43034436625377315,-0.009443492956116906,-0.00619699934768414,0.0255806125883542,-0.0013110455588332126
2019-10-21,18.059999465942383,53.310001373291016,97.33000183105469,2.23799991607666,1.607200026512146,77.63999938964844,89.68000030517578,21.366729736328125,3006.719970703125,1.7920000553131104,2.512,2.861,53.28,58.95,215.268,232.348,3.6,2.8,3.05,223094.0,1075501.0,1915434.0,9590.0,15865.0,5857.0,162.84233576642336,-1.1627426852707021,-1.1246985970259737,0.06694233492701006,0.0013465259836145105,0.0013127666557268824,0.021426180113826687,0.0022996057818660542
2019-10-28,18.84000015258789,55.810001373291016,97.76000213623047,2.446000099182129,1.6727999448776245,81.04000091552734,93.19999694824219,21.782657623291016,3039.419921875,1.8530000448226929,2.469,2.825,55.6,60.39,215.268,232.348,3.6,2.8,3.064,220057.0,1080505.0,1912184.0,9784.0,15998.0,6697.0,157.44061733442354,-1.4290640604766687,-0.8268388717873645,-0.05313232188841488,0.0073440321998037295,-0.00032776138970835866,-0.01006166828951649,0.005273566249176076
2019-11-04,19.110000610351562,56.540000915527344,97.51000213623047,2.821000099182129,1.663699984550476,89.08000183105469,94.4800033569336,22.529844284057617,3078.27001953125,1.7860000133514404,2.485,2.847,56.33,62.52,217.488,236.924,3.6,2.8,3.062,217229.0,1087734.0,1915746.0,9145.0,15761.0,6077.0,166.27698195735377,-1.6658554082220243,-0.408921811504477,0.06545715571735124,0.023602207848708368,0.00459016393442635,-0.000652315720808816,0.01055408970976246
2019-11-11,19.1200008392334,56.86000061035156,98.19999694824219,2.63700008392334,1.6098999977111816,83.31999969482422,95.12000274658203,22.213300704956055,3087.010009765625,1.9429999589920044,2.493,2.855,57.02,62.58,217.488,236.924,3.6,2.8,3.073,219090.0,1088510.0,1908337.0,9321.0,15916.0,5750.0,164.53492114579979,-1.4387914877866828,-0.36576116094544164,-0.20637327736159783,0.015062582080351605,-0.0006527415143603443,0.004922874958976031,0.016937894387246688
2019-11-18,19.1200008392334,57.04999923706055,97.79000091552734,2.565999984741211,1.621000051498413,80.4000015258789,95.19999694824219,21.84522819519043,3122.030029296875,1.8079999685287476,2.473,2.84,56.82,62.82,217.488,236.924,3.6,2.8,3.074,220846.0,1087917.0,1901096.0,9192.0,16435.0,5972.0,168.1812445604874,-1.2457738888200443,-0.3918654922305017,-0.4700340397331591,0.013908469573676863,0.003592423252775978,0.007210750573582336,0.02638610554442211
2019-11-25,19.149999618530273,58.0099983215332,98.31999969482422,2.5309998989105225,1.6748000383377075,79.31999969482422,96.87999725341797,22.043987274169922,3133.639892578125,1.7640000581741333,2.469,2.83,57.79,64.67,217.488,236.924,3.6,2.8,3.066,225978.0,1088122.0,1899719.0,9204.0,16334.0,6190.0,171.8650586701434,-0.7664985130593697,-0.36697599521602337,-0.5194586823795366,0.003229735829456848,0.00032541490400261885,0.007868852459016473,0.030506201810257982
2019-12-02,19.0,55.959999084472656,97.86000061035156,2.3289999961853027,1.5733000040054321,71.83999633789062,93.36000061035156,21.675912857055664,3113.8701171875,1.8359999656677246,2.485,2.84,55.97,63.2,221.18,244.197,3.6,2.8,3.07,229363.0,1082262.0,1893656.0,9032.0,16798.0,5989.0,177.7614038972542,-0.46561419343738175,-0.6904468909710813,-0.7350595061377365,-0.012343490761446363,-0.002602472348731344,0.0006527415143602333,0.030241935483870996
2019-12-09,20.020000457763672,59.02000045776367,97.63999938964844,2.2320001125335693,1.6548000574111938,69.19999694824219,98.63999938964844,21.955652236938477,3135.9599609375,1.8289999961853027,2.478,2.837,58.99,66.44,221.18,244.197,3.6,2.8,3.049,234768.0,1082886.0,1910619.0,8882.0,16597.0,6887.0,185.0231929745553,0.01600014480296751,-0.639996858889356,-0.13152342117129298,-0.0156855877202019,0.001304631441617854,0.0026126714565644082,0.03332211376640859
2019-12-16,20.389999389648438,60.209999084472656,97.06999969482422,2.3410000801086426,1.6627000570297241,72.12000274658203,100.72000122070312,22.49672508239746,3191.449951171875,1.8919999599456787,2.448,2.811,60.21,68.04,221.18,244.197,3.6,2.8,3.046,237297.0,1081800.0,1909607.0,9411.0,16562.0,6579.0,176.5039846987568,0.23418211530917687,-0.6901890408106915,-0.18731321788746544,-0.027135425683641357,-0.006840390879478853,-0.0078099576960625194,0.020756611985269346
2019-12-23,20.799999237060547,60.52000045776367,97.66000366210938,2.2139999866485596,1.7051000595092773,68.68000030517578,101.5999984741211,23.039566040039062,3224.010009765625,1.934999942779541,2.447,2.802,60.51,67.49,221.18,244.197,3.6,2.8,3.041,239260.0,1076326.0,1899160.0,9303.0,16980.0,6809.0,180.0300978179082,0.40015698347300427,-0.9891892108151246,-0.6024865671291842,-0.021606464426698224,-0.0009839291571007713,-0.009108653220559537,-0.011359948068808912
2019-12-30,21.079999923706055,61.68000030517578,96.73999786376953,2.186000108718872,1.7282999753952026,67.5999984741211,103.12000274658203,22.85200309753418,3221.2900390625,1.8949999809265137,2.488,2.827,61.66,68.3,221.18,244.197,3.6,2.8,3.069,242472.0,1064863.0,1896039.0,8961.0,17283.0,6352.0,189.41011047874122,0.6802035202023161,-1.6113684191435245,-0.7539613722723192,-0.01886388128220806,-0.0016414970453052513,-0.00815394651011081,-0.00815394651011081
2020-01-06,21.68000030517578,63.27000045776367,96.66999816894531,2.134999990463257,1.7544000148773193,66.36000061035156,105.27999877929688,23.29986000061035,3246.280029296875,1.8109999895095825,2.494,2.833,63.27,70.25,220.147,242.397,3.6,-5.2,3.079,251609.0,1066027.0,1910701.0,8133.0,16897.0,6730.0,216.55760481986965,1.5007509759511672,-1.4815461064484456,-0.2086758876268282,-0.02144723539452731,0.009207497533705977,-0.00032573289902271263,0.0072202166064980755
2020-01-13,20.399999618530273,58.08000183105469,97.3499984741211,2.181999921798706,1.6572999954223633,67.76000213623047,97.5999984741211,22.901765823364258,3288.1298828125,1.8480000495910645,2.482,2.817,58.17,64.14,220.147,242.397,3.6,-5.2,3.064,258287.0,1063478.0,1925131.0,8558.0,16973.0,6552.0,211.2653657396588,2.081242733699522,-1.5655594326928333,0.3331624376829473,-0.0403067693354362,0.00325839035516462,0.009839291571007047,0.009177318911832266
2020-01-20,20.600000381469727,58.540000915527344,97.61000061035156,2.003000020980835,1.6405999660491943,62.15999984741211,98.63999938964844,22.629993438720703,3329.6201171875,1.8359999656677246,2.448,2.792,58.55,64.63,220.147,242.397,3.6,-5.2,3.037,260032.0,1063073.0,1923437.0,8662.0,16857.0,6432.0,210.13899792195798,2.212457076149441,-1.5296358413367137,0.2533625110774445,-0.0631545743926375,-0.004871711594673589,0.00590938936309926,0.00459016393442635
2020-01-27,18.700000762939453,53.13999938964844,97.95999908447266,1.9019999504089355,1.4839999675750732,58.560001373291016,88.80000305175781,21.072078704833984,3243.6298828125,1.6050000190734863,2.412,2.761,53.09,58.54,220.147,242.397,3.6,-5.2,3.01,261235.0,1066621.0,1924716.0,8793.0,15924.0,6660.0,207.96599567838052,2.3149802448832606,-1.2825683403952002,0.2927713202484963,-0.0799435692452386,-0.00881201044386426,-0.0013153567905294095,-0.00881201044386426
2020-02-03,17.450000762939453,50.11000061035156,97.80000305175781,1.819000005722046,1.4737000465393066,56.84000015258789,83.91999816894531,20.187849044799805,3248.919921875,1.5199999809265137,2.358,2.709,50.06,54.0,214.294,230.646,3.5,-5.2,2.956,261144.0,1069976.0,1924005.0,8933.0,15972.0,6615.0,204.6353968431658,2.2679914339557725,-1.0648502974900105,0.25186155915157854,-0.08298989197865592,-0.00889035232136981,-0.019224503095470857,-0.01698236446766821
2020-02-10,17.18000030517578,49.56999969482422,98.83000183105469,1.7660000324249268,1.521299958229065,55.36000061035156,83.36000061035156,20.559146881103516,3352.090087890625,1.5470000505447388,2.324,2.684,49.59,53.39,214.294,230.646,3.5,-5.2,2.91,261049.0,1077435.0,1923009.0,8722.0,16020.0,6978.0,209.50963081861957,2.227983556209173,-0.6532452052540912,0.19838118950427733,-0.061233936242976794,-0.017940199335548135,-0.039948035076323496,-0.03807354376830463
2020-02-17,18.399999618530273,52.04999923706055,99.12000274658203,1.8370000123977661,1.583299994468689,57.36000061035156,87.5999984741211,20.892168045043945,3380.159912109375,1.5880000591278076,2.337,2.68,52.03,57.83,214.294,230.646,3.5,-5.2,2.89,259078.0,1077850.0,1921936.0,8918.0,16210.0,6547.0,203.3579277864992,2.0331117924550908,-0.6095086619555481,0.14665548141643509,-0.0569725519364469,-0.01556156968876854,-0.05026109660574407,-0.053350683148991496
2020-02-24,17.950000762939453,51.43000030517578,99.29000091552734,1.8270000219345093,1.6090999841690063,57.439998626708984,85.91999816894531,19.766796112060547,3225.889892578125,1.3769999742507935,2.373,2.709,51.36,56.71,214.294,230.646,3.5,-5.2,2.882,256387.0,1078302.0,1919976.0,9035.0,16008.0,6217.0,198.63962368566683,1.7860819215248347,-0.5625846799082252,0.059525061090673945,-0.05032811909370127,-0.0068728522336769515,-0.04840302930523532,-0.05740378343118058
2020-03-02,17.020000457763672,46.75,97.36000061035156,1.75600004196167,1.5396000146865845,54.31999969482422,79.36000061035156,18.02896499633789,3090.22998046875,1.0880000591278076,2.324,2.671,46.78,52.52,201.681,204.901,4.4,-5.2,2.851,252048.0,1079086.0,1908160.0,9186.0,15696.0,6238.0,192.0679294578707,1.4089611870907857,-0.505841909838078,-0.42509024396814865,-0.04393641168415685,-0.0027681660899654403,-0.04252491694352145,-0.06123778501628652
2020-03-09,11.510000228881836,31.1299991607666,94.9000015258789,1.777999997138977,1.1368999481201172,56.400001525878906,52.15999984741211,12.9915771484375,2746.56005859375,0.49900001287460327,2.272,2.626,31.05,35.33,201.681,204.901,4.4,-5.2,2.814,246999.0,1086750.0,1900480.0,9449.0,15701.0,6412.0,182.9815853529474,0.9763623215977135,-0.09895382575767805,-0.7507594405235248,-0.03738997028707358,-0.010756419153365782,-0.035520974289580454,-0.06493932436864547
2020-03-16,9.699999809265137,28.700000762939453,98.08999633789062,1.815000057220459,0.6898999810218811,55.68000030517578,48.400001525878906,10.64513111114502,2386.1298828125,0.7279999852180481,2.139,2.516,28.96,27.98,201.681,204.901,4.4,-5.2,2.733,240819.0,1088704.0,1892950.0,9696.0,15820.0,6539.0,173.8586014851485,0.45253523064410667,0.010458194641317127,-1.0906002000878334,-0.018501475413218782,-0.012977902490354243,-0.03298969072164948,-0.07616546290216675
2020-03-23,8.949999809265137,23.360000610351562,102.48999786376953,1.6019999980926514,0.41179999709129333,50.599998474121094,39.040000915527344,9.224027633666992,2237.39990234375,0.7639999985694885,2.007,2.409,23.33,23.75,201.681,204.901,4.4,-5.2,2.659,239282.0,1090327.0,1895253.0,8837.0,15838.0,6117.0,189.54102070838522,0.32425038133000567,0.09220464968434179,-1.0597102380306915,0.0017756348255402177,-0.028784648187633266,-0.05432525951557099,-0.1012824728707662
2020-03-30,8.010000228881836,20.09000015258789,99.18000030517578,1.690000057220459,0.5855000019073486,51.279998779296875,33.84000015258789,11.200324058532715,2626.64990234375,0.6700000166893005,1.886,2.295,14.1,19.19,201.681,204.901,4.4,-5.2,2.586,246806.0,1104160.0,1916252.0,6659.0,14898.0,6047.0,259.4446613605646,0.9574922508259004,0.7908742796083252,-0.20991835785386959,-0.0029425723777882773,-0.027076472740578228,-0.07737682165163096,-0.13359400456174653
2020-04-06,10.020000457763672,26.079999923706055,100.69000244140625,1.7309999465942383,0.7016000151634216,52.959999084472656,43.84000015258789,12.292181968688965,2663.679931640625,0.6759999990463257,1.8,2.207,26.21,22.58,182.586,164.836,14.8,-28.0,2.548,257303.0,1119337.0,1949299.0,5065.0,13634.0,5874.0,355.60138203356365,1.8107105345420034,1.545455243908623,1.2659929782980723,-0.06596659047824482,-0.027453930048890518,-0.09294984216064539,-0.16011692107827225
2020-04-13,9.720000267028809,22.40999984741211,99.3499984741211,1.7239999771118164,0.7032999992370605,52.439998626708984,39.439998626708984,13.227498054504395,2761.6298828125,0.7490000128746033,1.735,2.142,22.36,20.23,182.586,164.836,14.8,-28.0,2.507,262217.0,1138585.0,1976540.0,5081.0,12665.0,5680.0,361.2515252902972,2.117325504125734,2.4602454738977038,2.536139914122446,-0.17607148767168634,-0.014694508894044778,-0.09452736318407962,-0.16840731070496084
2020-04-20,7.989999771118164,-37.630001068115234,99.95999908447266,1.9240000247955322,0.6682999730110168,57.040000915527344,30.0,12.87137222290039,2823.159912109375,0.6259999871253967,1.694,2.1,-36.98,17.36,182.586,164.836,14.8,-28.0,2.48,263234.0,1153607.0,2002071.0,5311.0,12456.0,4937.0,346.94746752024105,2.0690749845158534,3.014657295231221,3.609225777728563,-0.29533799238148384,-0.016091051805337542,-0.08269301134284668,-0.17451432334540662
2020-04-27,6.079999923706055,12.779999732971191,100.04000091552734,1.819000005722046,0.6482999920845032,53.040000915527344,17.520000457763672,13.841909408569336,2878.47998046875,0.656000018119812,1.655,2.053,12.17,15.17,182.586,164.836,14.8,-28.0,2.437,259565.0,1163748.0,2013630.0,5860.0,12761.0,5302.0,310.06058020477815,1.6707137529969833,3.206686400354153,3.720493866184264,-0.38692425793244634,-0.010769844435580378,-0.06731854080481381,-0.17607973421926904
2020-05-04,7.369999885559082,20.389999389648438,99.4800033569336,1.9930000305175781,0.8215000033378601,55.119998931884766,19.670000076293945,14.515031814575195,2842.739990234375,0.6370000243186951,1.68,2.052,20.47,20.4,180.04,160.261,13.2,-28.0,2.399,256407.0,1170054.0,2033262.0,6664.0,12976.0,5712.0,269.33508403361344,1.3566870135792366,3.185815093361971,4.024159779605092,-0.4047986219694497,-0.01733870967741946,-0.05761794276875487,-0.17557510148849798
2020-05-11,7.940000057220459,24.139999389648438,100.23999786376953,1.8259999752044678,0.9241999983787537,51.15999984741211,21.170000076293945,14.910285949707031,2930.18994140625,0.7260000109672546,1.75,2.089,24.02,25.53,180.04,160.261,13.2,-28.0,2.394,252894.0,1171242.0,2034651.0,7398.0,12383.0,5391.0,239.28872668288727,1.0421285891819332,2.9371108655913036,3.51926328034757,-0.3557143938492814,-0.015592942141977817,-0.05847723704866559,-0.17560137457044678
2020-05-18,9.279999732971191,31.81999969482422,99.66999816894531,1.7829999923706055,1.0257999897003174,48.400001525878906,24.309999465942383,15.235100746154785,2953.909912109375,0.7440000176429749,1.776,2.113,31.83,33.3,180.04,160.261,13.2,-28.0,2.386,255724.0,1168142.0,2041568.0,6790.0,12903.0,5197.0,263.6329896907217,1.2117608351541571,2.5961182807585494,3.3198671744539774,-0.28787651828454197,-0.002084201750729431,-0.04507379337854012,-0.17162629757785464
2020-05-25,9.319999694824219,33.25,99.86000061035156,1.7309999465942383,1.0382000207901,46.560001373291016,25.56999969482422,15.058998107910156,2955.449951171875,0.6570000052452087,1.87,2.205,33.49,33.8,180.04,160.261,13.2,-28.0,2.39,255000.0,1178181.0,2058544.0,7253.0,12991.0,7200.0,246.10505997518268,1.1114964044544398,2.7623489117181306,3.434229520148014,-0.2417925047380327,-0.003341687552213868,-0.03790322580645156,-0.1721027064538515
2020-06-01,10.079999923706055,35.439998626708984,97.83000183105469,1.7740000486373901,1.0666999816894531,43.959999084472656,26.219999313354492,15.434690475463867,3055.72998046875,0.6620000004768372,1.883,2.227,35.49,36.74,188.734,178.169,11.0,-28.0,2.386,257795.0,1180124.0,2077708.0,7549.0,13307.0,6179.0,239.04689362829515,1.2730432335307995,2.621742932354942,3.5274463954729,-0.1985061039146221,0.0016764459346185756,-0.0192860073861304,-0.16169764994738678
2020-06-08,10.670000076293945,38.189998626708984,96.62000274658203,1.7890000343322754,1.1950000524520874,44.599998474121094,28.3700008392334,18.33847999572754,3232.389892578125,0.8840000033378601,1.947,2.283,38.17,39.66,188.734,178.169,11.0,-28.0,2.396,258661.0,1188064.0,2089637.0,7900.0,13484.0,6864.0,229.1932911392405,1.2858748924580636,2.6875690332755333,3.3851160765878903,-0.16982221018012478,-0.0016736401673640433,-0.005418924551896631,-0.15209665955934615
2020-06-15,10.369999885559082,37.119998931884766,96.68000030517578,1.6690000295639038,1.1656999588012695,41.47999954223633,26.979999542236328,15.630361557006836,3066.590087890625,0.7020000219345093,2.017,2.357,37.07,39.44,188.734,178.169,11.0,-28.0,2.403,256995.0,1191010.0,2098453.0,7870.0,13600.0,6642.0,228.58513341804323,1.1180208952418227,2.589003236869136,3.196258684358741,-0.1517524879089175,0.004191114836546328,0.0008354218880533004,-0.12330772045371396
2020-06-22,11.229999542236328,40.459999084472656,97.04000091552734,1.6640000343322754,1.2913000583648682,40.560001373291016,28.979999542236328,15.557307243347168,3117.860107421875,0.7039999961853027,2.048,2.383,40.6,43.2,188.734,178.169,11.0,-28.0,2.425,255322.0,1194443.0,2104376.0,8608.0,13840.0,6540.0,207.6270910780669,0.9589972996477879,2.507431357879652,2.983547087435149,-0.11666755569780063,0.002921535893155358,0.007124895222129002,-0.09627679578789006
2020-06-29,10.899999618530273,39.70000076293945,97.54000091552734,1.7089999914169312,1.1841000318527222,39.7599983215332,28.270000457763672,14.665488243103027,3053.239990234375,0.6359999775886536,2.094,2.428,39.67,41.58,188.734,178.169,11.0,-28.0,2.43,256521.0,1188940.0,2107192.0,8561.0,14033.0,5969.0,209.74734260016353,1.0077456452439362,2.196831595487884,2.7526113527688416,-0.07575433674037457,0.009155222638368654,0.01464435146443499,-0.062258313998453274
2020-07-06,11.220000267028809,40.630001068115234,96.79000091552734,1.8300000429153442,1.2408000230789185,42.84000015258789,28.959999084472656,14.843852043151855,3179.719970703125,0.6840000152587891,2.1,2.438,40.51,42.73,191.966,185.072,10.2,34.9,2.437,251682.0,1195204.0,2117643.0,8766.0,14347.0,7394.0,200.97809719370295,0.632748432823054,2.2169326842094224,2.692605345851664,-0.04447727156083259,0.0020618556701033075,0.018440905280804776,-0.046310832025117654
2020-07-13,11.039999961853027,40.099998474121094,96.45999908447266,1.7389999628067017,1.2733999490737915,40.47999954223633,28.5,14.011488914489746,3155.219970703125,0.6399999856948853,2.113,2.454,40.06,42.85,191.966,185.072,10.2,34.9,2.438,248535.0,1187837.0,2108493.0,8648.0,14309.0,5567.0,201.1731036077706,0.38523864882198344,1.912401903843121,2.3316111137291684,-0.017188824356872634,0.0028806584362137677,0.017111853088480844,-0.02792181890706036
2020-07-20,11.260000228881836,40.810001373291016,95.83000183105469,1.6410000324249268,1.2285000085830688,38.439998626708984,29.1200008392334,14.300830841064453,3251.840087890625,0.6200000047683716,2.099,2.443,40.83,43.3,191.966,185.072,10.2,34.9,2.433,246733.0,1192727.0,2117306.0,8550.0,14206.0,5941.0,202.00362573099417,0.23866068563336001,1.9189970130694647,2.3043513246026572,0.006704210844520109,0.00041034058268385465,0.014565126924677596,-0.01693548387096766
2020-07-27,11.399999618530273,41.599998474121094,93.66999816894531,1.7339999675750732,1.2747000455856323,40.63999938964844,29.719999313354492,14.883485794067383,3239.409912109375,0.609000027179718,2.085,2.436,41.46,43.39,191.966,185.072,10.2,34.9,2.427,247387.0,1182116.0,2110827.0,8809.0,14595.0,5146.0,196.5840617550233,0.2668584886092904,1.5901571182962868,2.0605822513776086,0.007549465498740471,-0.002050861361772127,0.003298969072164981,-0.0016413623307345304
2020-08-03,11.390000343322754,41.0099983215332,93.5,2.1010000705718994,1.2130999565124512,48.0,29.34000015258789,14.332538604736328,3294.610107421875,0.5630000233650208,2.085,2.445,40.83,43.76,193.307,188.325,8.4,34.9,2.424,247806.0,1174737.0,2108712.0,8617.0,14637.0,6010.0,201.3046303818034,0.2759723373697515,1.3644334671018856,1.9111676222233869,0.016498318012556412,-0.002466091245376001,-0.0012345679012346622,0.011671529804085035
2020-08-10,11.670000076293945,41.939998626708984,93.58000183105469,2.1530001163482666,1.2293000221252441,49.2400016784668,30.15999984741211,15.19265079498291,3360.469970703125,0.5740000009536743,2.078,2.437,41.94,44.19,193.307,188.325,8.4,34.9,2.428,247084.0,1167983.0,2100319.0,8883.0,14658.0,5621.0,194.7076438140268,0.20788778507474856,1.1706905309365327,1.7001024022739133,0.01450150785028792,-0.0012360939431397266,-0.005334427574887113,0.012531328320801949
2020-08-17,11.75,42.88999938964844,92.8499984741211,2.3389999866485596,1.2699999809265137,53.2400016784668,30.770000457763672,15.049959182739258,3381.989990234375,0.6830000281333923,2.077,2.433,42.89,44.91,193.307,188.325,8.4,34.9,2.427,243762.0,1163680.0,2095037.0,8630.0,14487.0,5730.0,197.7212050984936,-0.048148565537872556,1.0396083830571419,1.5531061079371968,0.02380774870150848,0.0016501650165017256,-0.004101722723544032,0.017602682313495377
2020-08-24,11.670000076293945,42.619998931884766,93.30000305175781,2.513000011444092,1.3671000003814697,56.119998931884766,30.350000381469727,14.673415184020996,3431.280029296875,0.6460000276565552,2.09,2.442,42.44,44.43,193.307,188.325,8.4,34.9,2.426,239179.0,1157228.0,2085502.0,9161.0,14712.0,5916.0,182.75875996070297,-0.39302954522736994,0.8717834650616647,1.3683739838588709,0.028471604250588145,-0.0004118616144974663,-0.002466091245376001,0.015481171548117123
2020-08-31,11.670000076293945,42.61000061035156,92.13999938964844,2.630000114440918,1.2761000394821167,56.560001373291016,30.579999923706055,14.130392074584961,3500.31005859375,0.6930000185966492,2.135,2.484,42.61,45.22,193.307,188.325,8.4,34.9,2.441,234859.0,1146566.0,2076448.0,8786.0,13868.0,4900.0,187.1173457773731,-0.7200234885326002,0.6245681578964563,1.2035761048737033,0.04057437842202427,-0.00041203131437983487,-0.00041203131437983487,0.0167644593461862
2020-09-07,10.869999885559082,39.77000045776367,92.72000122070312,2.5880000591278076,1.1771999597549438,55.52000045776367,28.510000228881836,13.8212308883667,3426.9599609375,0.7210000157356262,2.122,2.481,39.69,40.67,196.705,193.069,7.8,34.9,2.435,231905.0,1148294.0,2072722.0,8390.0,12779.0,5423.0,193.484505363528,-0.9488474017827669,0.6324488788808198,1.1135176586298896,0.04718440558916348,0.006183017312448413,0.0070132013201320564,0.018781302170283842
2020-09-14,10.15999984741211,37.2599983215332,93.06999969482422,2.309999942779541,1.1067999601364136,49.599998474121094,26.940000534057617,13.0285005569458,3383.5400390625,0.6710000038146973,2.091,2.451,37.23,38.57,196.705,193.069,7.8,34.9,2.422,231524.0,1141778.0,2074896.0,8478.0,13488.0,5008.0,191.16159471573485,-0.9855006742915567,0.4711078702120677,1.0983645918695124,0.035960090430090075,-0.002458009012699658,0.002883031301482708,0.013316687473990951
2020-09-21,10.6899995803833,39.310001373291016,93.54000091552734,1.8350000381469727,1.1770999431610107,48.720001220703125,28.290000915527344,12.880248069763184,3281.06005859375,0.6710000038146973,2.078,2.432,39.26,40.37,196.705,193.069,7.8,34.9,2.404,227499.0,1139358.0,2066636.0,8515.0,13370.0,5168.0,187.0220786846741,-1.2879083582477364,0.3949387828244121,0.9605129206891766,0.032541618092263525,-0.005338809034907577,-0.0020601565718993964,-0.0012371134020616736
2020-09-28,10.850000381469727,40.599998474121094,94.26000213623047,2.1010000705718994,1.2466000318527222,49.91999816894531,28.690000534057617,12.445131301879883,3351.60009765625,0.6629999876022339,2.088,2.438,40.47,41.59,196.705,193.069,7.8,34.9,2.394,228182.0,1135577.0,2064262.0,8529.0,13670.0,5122.0,187.27564778989333,-1.2279788197554147,0.2905829184048602,0.8983358528239417,0.015307428571428527,-0.007431874483897705,-0.00906842539159125,-0.010699588477366406
2020-10-05,10.489999771118164,39.220001220703125,93.51000213623047,2.615000009536743,1.194100022315979,47.47999954223633,27.93000030517578,12.163111686706543,3408.60009765625,0.7620000243186951,2.091,2.442,39.12,39.78,196.113,191.525,6.9,4.6,2.387,226747.0,1134933.0,2061140.0,8896.0,13853.0,5732.0,178.4205260791367,-1.3268795622504985,0.2528329438327146,0.8296730187540013,0.009073180557208627,-0.004159733777038155,-0.0192544039328143,-0.01764464505539587
2020-10-12,10.569999694824219,39.43000030517578,93.06999969482422,2.88100004196167,1.1756999492645264,51.040000915527344,28.06999969482422,12.437073707580566,3534.219970703125,0.7770000100135803,2.084,2.434,39.22,40.5,196.113,191.525,6.9,4.6,2.395,225121.0,1129956.0,2043185.0,8576.0,13577.0,5286.0,183.7508162313433,-1.4379217008809104,0.1226542779570762,0.5893422205192905,0.02545332868850969,-0.0029239766081872176,-0.019712525667351155,-0.0209187858900739
2020-10-19,10.710000038146973,40.83000183105469,93.43000030517578,2.7950000762939453,1.1622999906539917,49.959999084472656,28.59000015258789,11.905263900756836,3426.919921875,0.7609999775886536,2.064,2.416,40.69,41.29,196.113,191.525,6.9,4.6,2.388,227016.0,1128188.0,2035184.0,8289.0,13026.0,5118.0,191.71335504885994,-1.295328532276889,0.06409137023074446,0.4709478440974489,0.03021007921019403,0.0033514872224549297,-0.011147811725846446,-0.015618577887381746
2020-10-26,10.220000267028809,38.560001373291016,93.05000305175781,3.0239999294281006,1.1116000413894653,49.20000076293945,27.110000610351562,11.804544448852539,3400.969970703125,0.8009999990463257,2.053,2.407,38.39,39.06,196.113,191.525,6.9,4.6,2.385,226124.0,1131850.0,2030647.0,8545.0,13388.0,5664.0,185.2390871854886,-1.3769264309105271,0.12279897571230419,0.3935179232246032,0.026530861326105493,-0.0029227557411274363,-0.006655574043261225,-0.01606922126081589
2020-11-02,9.84000015258789,36.810001373291016,94.05000305175781,3.24399995803833,1.0520000457763672,49.0,26.260000228881836,11.96570110321045,3310.239990234375,0.8489999771118164,2.021,2.378,36.6,37.78,197.017,191.823,6.7,4.6,2.372,227665.0,1123699.0,2015817.0,8336.0,13552.0,5029.0,191.17742322456814,-1.2905716143432502,-0.07792302463500288,0.19357699214283206,0.029948500034641112,-0.0012562814070352646,-0.00375939849624074,-0.016089108910891103
2020-11-09,10.569999694824219,40.290000915527344,92.7300033569336,2.8589999675750732,1.1606999635696411,43.279998779296875,28.06999969482422,13.3193941116333,3550.5,0.9580000042915344,2.004,2.358,40.05,40.93,197.017,191.823,6.7,4.6,2.383,225356.0,1127412.0,2003775.0,8762.0,13447.0,5499.0,180.03789089249028,-1.5169404173812664,-0.011236368238025672,0.027787817434764404,0.015032357629899185,-0.005450733752620507,-0.006284038542103132,-0.023064250411861664
2020-11-16,10.989999771118164,41.34000015258789,92.56999969482422,2.697000026702881,1.1468000411987305,41.2400016784668,28.809999465942383,14.548194885253906,3626.909912109375,0.906000018119812,2.018,2.377,41.14,42.71,197.017,191.823,6.7,4.6,2.441,227967.0,1127776.0,1993215.0,8258.0,13841.0,5254.0,193.23916202470332,-1.34904249999469,-0.019943817033131254,-0.12257155116718386,0.02194874456146545,0.004637436762225944,-0.005010438413361129,-0.018129377832715288
2020-11-23,11.420000076293945,43.060001373291016,92.51000213623047,2.7109999656677246,1.2039999961853027,40.84000015258789,29.520000457763672,15.446633338928223,3577.590087890625,0.8569999933242798,2.009,2.369,42.91,45.0,197.017,191.823,6.7,4.6,2.462,230147.0,1126911.0,1992034.0,8129.0,14263.0,5228.0,198.18292532906878,-1.2118518251384975,-0.05703513396898266,-0.1609405311323788,0.023229194721249513,0.024339068401174835,0.022194304857621416,0.006183017312448413
2020-11-30,11.920000076293945,45.34000015258789,91.87000274658203,2.881999969482422,1.248900055885315,42.400001525878906,30.969999313354492,14.810067176818848,3621.6298828125,0.843999981880188,2.022,2.379,45.2,46.84,197.017,191.823,6.7,4.6,2.502,233638.0,1126232.0,1992150.0,7973.0,14012.0,5399.0,205.12554872695347,-0.9503686008762726,-0.09006826100996784,-0.1845154493784785,0.013201965398375037,0.008603031544449191,0.03228511530398337,0.008603031544449191
2020-12-07,12.170000076293945,45.7599983215332,90.79000091552734,2.4059998989105225,1.2558000087738037,35.119998931884766,31.399999618530273,15.986492156982422,3691.9599609375,0.9279999732971191,2.063,2.412,45.72,48.63,205.67,208.753,6.7,4.6,2.526,237859.0,1141316.0,2011971.0,7600.0,14436.0,6479.0,219.08065789473682,-0.6244865620985827,0.23782804179146252,0.04144392127565531,0.004694638498835779,0.016246953696181787,0.05480607082630695,0.02751540041067746
2020-12-14,12.539999961853027,46.9900016784668,90.70999908447266,2.681999921798706,1.319100022315979,38.47999954223633,32.16999816894531,15.986492156982422,3647.489990234375,0.8920000195503235,2.063,2.407,47.02,50.27,205.67,208.753,6.7,4.6,2.559,238879.0,1138182.0,2005729.0,7975.0,14183.0,5424.0,209.67435736677118,-0.5491904979412882,0.14114605160244983,-0.0645457274761685,-0.02764385946846648,0.00959232613908867,0.060008392782207265,0.04293971924029716
2020-12-21,12.680000305175781,47.7400016784668,90.04000091552734,2.7049999237060547,1.3603999614715576,38.959999084472656,32.63999938964844,15.567484855651855,3694.919921875,0.9409999847412109,2.137,2.466,47.79,50.61,205.67,208.753,6.7,4.6,2.619,237754.0,1137619.0,1995054.0,8022.0,14014.0,5564.0,207.46422338568937,-0.6435211871008704,0.10406163187587163,-0.2316492335390465,-0.033004114066726875,0.013064133016627233,0.0483408439164279,0.06447587354409334
2020-12-28,12.6899995803833,47.619998931884766,90.33999633789062,2.305000066757202,1.3676999807357788,33.91999816894531,32.59000015258789,15.465415000915527,3735.360107421875,0.9330000281333923,2.158,2.482,47.5,50.88,205.67,208.753,6.7,4.6,2.635,236562.0,1131554.0,1980125.0,8128.0,14287.0,5326.0,203.73203740157481,-0.7365981196851817,-0.06897354553348731,-0.4642105048509058,-0.03336277453924508,0.023446658851113744,0.06376929325751424,0.09398496240601517
2021-01-04,12.640000343322754,47.619998931884766,89.87999725341797,2.5810000896453857,1.3729000091552734,37.79999923706055,32.380001068115234,15.498074531555176,3700.64990234375,0.9169999957084656,2.16,2.484,47.47,50.37,212.47,223.567,6.4,5.7,2.64,241081.0,1123544.0,1981780.0,7441.0,14376.0,5369.0,226.79303857008466,-0.36063593331197313,-0.3020538686053275,-0.4749171563876379,-0.026707288869170398,0.0061092019854904756,0.05315747402078341,0.10389610389610371
2021-01-11,13.819999694824219,52.25,90.54000091552734,2.746999979019165,1.520799994468689,40.400001525878906,35.2599983215332,17.176076889038086,3799.610107421875,1.1319999694824219,2.232,2.55,52.15,54.84,212.47,223.567,6.4,5.7,2.67,245476.0,1120296.0,1972355.0,7532.0,14650.0,6239.0,228.1375464684015,0.009128220292757656,-0.42271893879502703,-0.6368722514449798,-0.03000118189339318,0.00189753320683117,0.04513064133016642,0.10229645093945727
2021-01-18,13.680000305175781,52.36000061035156,90.77999877929688,2.736999988555908,1.52839994430542,39.84000015258789,35.34000015258789,17.453704833984375,3768.25,1.097000002861023,2.285,2.601,52.25,54.21,212.47,223.567,6.4,5.7,2.696,245217.0,1124648.0,1971674.0,8112.0,14760.0,6045.0,211.60244082840237,0.008200065755610558,-0.35109478667598426,-0.6679694387582685,-0.041289120997857975,0.011363636363636243,0.04337631887456017,0.11809045226130666
2021-01-25,13.869999885559082,52.77000045776367,90.38999938964844,2.6019999980926514,1.5611000061035156,38.15999984741211,35.59000015258789,17.000520706176758,3855.360107421875,1.0399999618530273,2.298,2.615,52.78,55.44,212.47,223.567,6.4,5.7,2.716,247686.0,1114739.0,1959968.0,7833.0,14721.0,5064.0,221.34584450402144,0.2358837760423348,-0.6711154526289812,-0.8610708390516704,-0.037262084968467724,0.009737827715355918,0.029400534555173774,0.13039832285115316
2021-02-01,14.0600004196167,53.54999923706055,91.0199966430664,2.8499999046325684,1.5901000499725342,41.279998779296875,36.119998931884766,16.167634963989258,3773.860107421875,1.0770000219345093,2.316,2.63,53.55,56.42,219.242,234.713,6.2,5.7,2.738,252153.0,1113745.0,1962887.0,7770.0,14641.0,6507.0,227.16486486486485,0.6379258867920145,-0.7508464043250229,-0.8379947260010969,-0.04418402241066888,0.007418397626112849,0.03074003795066438,0.14502529510961226
2021-02-08,15.119999885559082,57.970001220703125,90.93000030517578,2.881999969482422,1.6748000383377075,42.36000061035156,38.939998626708984,18.102863311767578,3915.590087890625,1.159999966621399,2.372,2.69,57.95,60.17,219.242,234.713,6.2,5.7,2.801,256412.0,1106935.0,1951553.0,7857.0,14793.0,5857.0,228.443935344279,1.026505424818177,-1.0045129479543384,-1.028758583624373,-0.031334132981678864,0.008100147275404979,0.03712121212121211,0.1489718841796055
2021-02-15,15.600000381469727,59.470001220703125,90.4800033569336,2.9119999408721924,1.6924999952316284,42.68000030517578,39.939998626708984,18.237592697143555,3934.830078125,1.2000000476837158,2.409,2.73,59.5,63.58,219.242,234.713,6.2,5.7,2.876,257084.0,1099530.0,1936352.0,8407.0,14819.0,5898.0,214.05828476269775,1.1021093887451727,-1.2727228761102833,-1.2766656897562625,-0.019236007895126694,0.02300949598246893,0.049063670411985116,0.14748054076198303
2021-02-22,16.190000534057617,61.4900016784668,90.01000213623047,2.953000068664551,1.8416999578475952,43.720001220703125,41.279998779296875,19.507326126098633,3876.5,1.3700000047683716,2.549,2.854,61.67,64.73,219.242,234.713,6.2,5.7,2.973,257096.0,1100815.0,1922540.0,7207.0,12230.0,4599.0,249.7116692104898,1.1109198518582606,-1.2730768254171376,-1.4975924843186978,-0.008861774029547242,0.02677615137450906,0.06676557863501476,0.16815597075548316
2021-03-01,15.970000267028809,60.63999938964844,91.04000091552734,2.7769999504089355,1.9428999423980713,41.47999954223633,40.599998474121094,20.168731689453125,3901.820068359375,1.4459999799728394,2.625,2.926,60.54,64.56,229.617,254.403,6.1,5.7,3.072,243472.0,1122378.0,1919752.0,8148.0,9903.0,6292.0,209.1683848797251,-0.07024363337677712,-0.6314092919586279,-1.5423345286559074,-0.024063612137057322,0.0337273991655076,0.09462444771723111,0.18824940047961625
2021-03-08,17.100000381469727,65.05000305175781,92.30999755859375,2.6640000343322754,2.0487000942230225,39.7599983215332,43.5,21.65892791748047,3821.35009765625,1.5959999561309814,2.684,2.997,65.03,68.0,229.617,254.403,6.1,5.7,3.143,231603.0,1136176.0,1921071.0,8726.0,12310.0,5655.0,185.79200091680036,-1.0875843456633443,-0.22797360058002805,-1.5343711264412676,-0.009785381670838311,0.03329969727547932,0.12198685171658141,0.21615201900237535
2021-03-15,17.34000015258789,65.38999938964844,91.83000183105469,2.4839999675750732,2.104599952697754,37.400001525878906,44.2599983215332,21.62217903137207,3968.93994140625,1.6069999933242798,2.766,3.088,65.36,68.78,229.617,254.403,6.1,5.7,3.191,232075.0,1138572.0,1924658.0,8442.0,13433.0,5323.0,192.43366500829188,-1.010145982045134,-0.1867468108986809,-1.5014662780204937,0.019204316748152817,0.02311197916666652,0.12209925026776136,0.22821414615084
2021-03-22,16.229999542236328,61.54999923706055,91.80000305175781,2.5820000171661377,1.9598000049591064,38.47999954223633,41.709999084472656,20.02787971496582,3940.590087890625,1.684000015258789,2.78,3.119,61.48,63.89,229.617,254.403,6.1,5.7,3.194,232279.0,1140484.0,1929445.0,8616.0,14389.0,5622.0,188.71320798514392,-0.9692288227815292,-0.15994376507327213,-1.4618299540403503,0.02339930094981746,0.015272033089404946,0.10952712100139084,0.21840397098129039
2021-03-29,16.399999618530273,61.560001373291016,92.94000244140625,2.5859999656677246,1.9952000379562378,38.91999816894531,41.91999816894531,20.560142517089844,3971.090087890625,1.7209999561309814,2.771,3.113,61.49,64.06,229.617,254.403,6.1,5.7,3.161,230544.0,1139608.0,1928098.0,8891.0,14941.0,6145.0,181.51029130581486,-1.0970730842747116,-0.23396000801759506,-1.52122813787418,0.06830769826911842,0.0009401441554373058,0.07433568785738309,0.21214421252371918
2021-04-05,15.710000038146973,58.650001525878906,92.5999984741211,2.510999917984009,1.9610999822616577,37.0,40.279998779296875,20.263063430786133,4077.909912109375,1.7200000286102295,2.777,3.118,58.73,63.85,227.255,246.052,6.1,7.0,3.144,234588.0,1136086.0,1930406.0,8781.0,15044.0,6264.0,187.0078578749573,-0.7210678656341325,-0.39791062141232086,-1.4970254662521414,0.08583066557788532,-0.010331872260488373,0.02897135416666674,0.19734848484848477
2021-04-12,15.970000267028809,59.70000076293945,92.13999938964844,2.561000108718872,1.9700000286102295,37.68000030517578,40.900001525878906,19.726675033569336,4127.990234375,1.6749999523162842,2.763,3.104,59.7,62.38,227.255,246.052,6.1,7.0,3.129,234897.0,1129090.0,1920248.0,8944.0,15051.0,5852.0,183.84156976744185,-0.6648301688699604,-0.6797074805148098,-1.6412829930403936,0.07790449769492835,-0.005378044922492831,0.00031816735602929747,0.17752808988764057
2021-04-19,16.93000030517578,63.380001068115234,91.06999969482422,2.749000072479248,2.0445001125335693,40.36000061035156,43.31999969482422,19.949485778808594,4163.259765625,1.6009999513626099,2.767,3.106,63.33,66.54,227.255,246.052,6.1,7.0,3.124,234982.0,1128941.0,1923069.0,9104.0,14765.0,5405.0,180.67596660808434,-0.6279704105746785,-0.6760622507058714,-1.5471875955111765,0.08349222420408697,-0.004770992366412208,-0.01942964587903473,0.16060830860534114
2021-04-26,16.559999465942383,61.90999984741211,90.80999755859375,2.7899999618530273,1.978600025177002,41.2400016784668,42.33000183105469,19.747304916381836,4187.6201171875,1.5700000524520874,2.776,3.113,62.02,65.5,227.255,246.052,6.1,7.0,3.124,235074.0,1127582.0,1919995.0,8877.0,15018.0,6616.0,185.3687056437986,-0.5907611058021376,-0.7069918670375065,-1.5376705676159987,0.08873075976225908,-0.0015979546180887594,-0.021916092673763266,0.15022091310751096
2021-05-03,17.18000030517578,64.48999786376953,90.94999694824219,2.9660000801086426,2.1015000343322754,42.52000045776367,43.97999954223633,20.939741134643555,4192.66015625,1.6069999933242798,2.79,3.132,64.46,67.73,229.854,249.382,5.8,7.0,3.142,235811.0,1118544.0,1913365.0,8864.0,15243.0,5451.0,186.22258574007222,-0.49425412987542877,-1.0215749560525484,-1.5760949748644422,0.08065988098674826,0.0,-0.0117051565960139,0.1409788166544923
2021-05-10,17.3700008392334,64.91999816894531,90.20999908447266,2.931999921798706,2.1333999633789062,42.0,44.47999954223633,22.136295318603516,4188.43017578125,1.6019999980926514,2.86,3.2,64.92,68.61,229.854,249.382,5.8,7.0,3.186,236189.0,1116719.0,1915851.0,8800.0,15020.0,5488.0,187.87761363636363,-0.4310772562874583,-1.0518175352995875,-1.4706316798222239,0.07765233987751663,0.005761843790012655,-0.0006361323155217313,0.12174223491610126
2021-05-17,17.690000534057617,66.2699966430664,90.22000122070312,3.1089999675750732,2.1582999229431152,44.63999938964844,45.38999938964844,22.581911087036133,4163.2900390625,1.6399999856948853,2.928,3.273,66.24,69.62,229.854,249.382,5.8,7.0,3.249,234226.0,1116138.0,1913717.0,9224.0,15116.0,6411.0,177.75173460537727,-0.5898786234329012,-1.0340059662050136,-1.4399850999165504,0.06984212737859408,0.01400381922342464,0.0182166826462129,0.1077885952712101
2021-05-24,17.459999084472656,66.05000305175781,89.83000183105469,2.885999917984009,2.1177000999450684,41.68000030517578,45.02000045776367,21.736066818237305,4197.0498046875,1.6080000400543213,2.92,3.277,66.13,68.59,229.854,249.382,5.8,7.0,3.253,232481.0,1112830.0,1904404.0,9479.0,15239.0,6273.0,171.68129549530542,-0.7275120352959265,-1.1194554594298958,-1.5109081365183996,0.06744526686992636,0.019774011299435124,0.04001280409731112,0.09283551967709402
2021-05-31,17.610000610351562,66.31999969482422,90.02999877929688,2.9860000610351562,2.140199899673462,42.08000183105469,45.41999816894531,21.542144775390625,4204.10986328125,1.5809999704360962,2.927,3.278,66.31,69.36,229.854,249.382,5.8,7.0,3.255,233980.0,1107103.0,1905678.0,9146.0,15597.0,5631.0,179.0793789634813,-0.5516644926243414,-1.2960685387553752,-1.4268711082790004,0.07989373997816318,0.001231148045552466,0.04129321382842499,0.05891927083333326
2021-06-07,18.239999771118164,69.2300033569336,89.94999694824219,3.069999933242798,2.1930999755859375,43.279998779296875,47.27000045776367,22.90374183654785,4226.52001953125,1.569000005722046,2.935,3.293,69.21,70.89,233.603,256.305,5.9,7.0,3.274,241026.0,1100513.0,1919796.0,8480.0,15925.0,6638.0,198.96014150943398,0.1814524182693454,-1.5017541479113932,-1.174151106556778,0.08431215022610838,0.0006148170919151319,0.035964353914704095,0.03563474387527843
2021-06-14,18.639999389648438,70.87999725341797,90.5199966430664,3.3519999980926514,2.1712000370025635,47.2400016784668,48.31999969482422,22.751075744628906,4255.14990234375,1.5010000467300415,2.97,3.322,70.94,72.27,233.603,256.305,5.9,7.0,3.286,242980.0,1092267.0,1914257.0,9360.0,16337.0,6746.0,181.71581196581198,0.4266827641405036,-1.7750852758715165,-1.205900102109348,0.07342756681690377,0.005837173579109178,0.02762084118016328,0.026010654967095093
2021-06-21,19.110000610351562,73.66000366210938,91.86000061035156,3.190999984741211,2.196899890899658,45.040000915527344,49.36000061035156,22.537588119506836,4224.7900390625,1.4839999675750732,2.961,3.326,73.64,74.49,233.603,256.305,5.9,7.0,3.287,240050.0,1082948.0,1906745.0,9440.0,16112.0,6943.0,178.00317796610167,0.1557609015044222,-2.088051203955615,-1.2653417244800218,0.07380946448270631,0.0036652412950519686,0.01138811942136031,0.02880400751408896
2021-06-28,19.1200008392334,72.91000366210938,91.87999725341797,3.617000102996826,2.216599941253662,50.279998779296875,49.540000915527344,22.28749656677246,4290.60986328125,1.4780000448226929,2.99,3.357,72.98,74.78,233.603,256.305,5.9,7.0,3.3,241572.0,1074829.0,1900762.0,9173.0,16299.0,6406.0,184.34579744903522,0.36264309454361454,-2.348868229802803,-1.3037546230392447,0.07064321614857128,0.000304321363359783,0.010451890562557686,0.039860803543182444
2021-07-05,19.649999618530273,75.16000366210938,92.2300033569336,3.700000047683716,2.299799919128418,51.63999938964844,50.93000030517578,22.796016693115234,4352.33984375,1.430999994277954,3.032,3.407,75.37,78.34,236.488,260.515,5.4,3.3,3.331,235497.0,1066780.0,1889667.0,10043.0,16115.0,5875.0,164.1420890172259,-0.2918621186749147,-2.5696732454312112,-1.4145943520938815,0.06995631117282497,0.003954974140553569,0.01382488479262678,0.04961832061068683
2021-07-12,19.399999618530273,74.0999984741211,92.2300033569336,3.749000072479248,2.2771999835968018,52.400001525878906,50.310001373291016,21.99571990966797,4384.6298828125,1.3630000352859497,3.039,3.416,74.21,76.77,236.488,260.515,5.4,3.3,3.338,236535.0,1058884.0,1892157.0,9283.0,16093.0,6221.0,178.36313691694497,-0.13916764953724978,-2.786004025714373,-1.33605602358049,0.11262500506549111,0.00939393939393951,0.017409896151496573,0.06455736657078948
2021-07-19,17.639999389648438,66.41999816894531,92.88999938964844,3.7790000438690186,2.1103999614715576,52.599998474121094,45.84000015258789,19.5739803314209,4258.490234375,1.180999994277954,3.061,3.443,66.45,69.33,236.488,260.515,5.4,3.3,3.344,236414.0,1060991.0,1896581.0,9295.0,16007.0,7097.0,178.0417428725121,-0.12826205166943055,-2.5560626262491546,-1.231253747705489,0.10878630987574667,0.002101471029720914,0.01582471089470472,0.0685019206145967
2021-07-26,19.200000762939453,71.91000366210938,92.6500015258789,4.1020002365112305,2.308300018310547,56.959999084472656,49.66999816894531,20.724411010742188,4422.2998046875,1.2760000228881836,3.044,3.434,72.15,74.79,236.488,260.515,5.4,3.3,3.342,234161.0,1056902.0,1890130.0,9325.0,15875.0,6507.0,175.7776943699732,-0.3808226363319335,-2.6272523467764506,-1.2940154200947542,0.10270175643344803,0.0017974835230676334,0.01734104046242768,0.07042253521126751
2021-08-02,18.959999084472656,71.26000213623047,92.05000305175781,3.934999942779541,2.2746999263763428,55.439998626708984,49.18000030517578,20.432636260986328,4387.16015625,1.1740000247955322,3.059,3.448,71.31,73.91,240.692,266.871,5.1,3.3,3.367,228870.0,1060529.0,1888961.0,9775.0,15920.0,6432.0,163.89667519181586,-1.010264964600314,-2.359732864007666,-1.278371122601868,0.10585592654199494,-0.0005980861244018199,0.012727272727272698,0.06365372374283895
2021-08-09,17.969999313354492,66.4800033569336,92.94999694824219,4.059999942779541,2.234800100326538,56.599998474121094,46.599998474121094,20.345104217529297,4432.35009765625,1.3170000314712524,3.081,3.479,66.56,69.65,240.692,266.871,5.1,3.3,3.364,227469.0,1060081.0,1888825.0,9430.0,16197.0,6396.0,168.85291622481444,-1.1485507920979454,-2.2677114386592048,-1.2502520699733288,0.09520253289091207,0.0074805505685218154,0.010807565295706922,0.0568110483364721
2021-08-16,18.079999923706055,67.29000091552734,92.62999725341797,3.946000099182129,2.200900077819824,55.400001525878906,47.040000915527344,20.220056533813477,4479.7099609375,1.2569999694824219,3.079,3.478,67.44,70.07,240.692,266.871,5.1,3.3,3.356,228165.0,1056846.0,1883527.0,9333.0,16006.0,6350.0,171.1298617807779,-1.0193812840619028,-2.278408806592099,-1.3045714897845746,0.09813235428767952,-0.0008910008910009148,0.007789095266626633,0.03539550630963362
2021-08-23,17.809999465942383,65.63999938964844,92.95999908447266,3.944999933242798,2.123199939727783,55.279998779296875,45.849998474121094,19.84491729736328,4479.52978515625,1.2549999952316284,3.048,3.452,65.65,69.07,240.692,266.871,5.1,3.3,3.324,225924.0,1053866.0,1878737.0,9572.0,16072.0,6157.0,165.2181362306728,-1.262083319341905,-2.269968020382532,-1.352965851628355,0.09751251990028664,-0.0023781212841854638,0.0035885167464115852,0.0316630802336304
2021-08-30,18.84000015258789,69.20999908447266,92.6500015258789,4.304999828338623,2.312700033187866,60.36000061035156,48.400001525878906,20.31175422668457,4528.7900390625,1.284999966621399,3.041,3.444,69.28,72.26,240.692,266.871,5.1,3.3,3.339,227214.0,1046697.0,1865118.0,9578.0,15938.0,6340.0,166.05742326164128,-1.0540967546411875,-2.400265570658365,-1.548770040647615,0.10366075068445557,-0.009535160905840279,-0.0053859964093357915,0.021198156682027625
2021-09-06,18.950000762939453,69.29000091552734,92.04000091552734,4.711999893188477,2.1540000438690186,65.68000030517578,48.65999984741211,20.265907287597656,4535.43017578125,1.3220000267028809,3.08,3.474,69.34,72.43,245.302,273.26,4.7,3.3,3.373,219999.0,1045169.0,1854727.0,9608.0,14302.0,5810.0,160.2823688592839,-1.9089822945083723,-2.2948721747027863,-1.6848729176438926,0.09602191736955978,0.004512635379061436,-0.008316008316008316,0.019853390348197886
2021-09-13,19.239999771118164,70.44999694824219,92.62000274658203,5.230999946594238,2.160900115966797,72.4000015258789,49.47999954223633,20.490989685058594,4468.72998046875,1.3240000009536743,3.068,3.464,70.54,72.97,245.302,273.26,4.7,3.3,3.372,218142.0,1038218.0,1845415.0,8892.0,14387.0,5761.0,171.72672064777328,-2.041472586889998,-2.3863080050318892,-1.7999551400309108,0.09819319726684217,0.010182689427972624,0.0026753864447088826,0.02647595861229468
2021-09-20,19.420000076293945,70.29000091552734,93.23999786376953,4.985000133514404,2.1152000427246094,69.0,49.599998474121094,19.929914474487305,4357.72998046875,1.309000015258789,3.094,3.486,70.41,73.59,245.302,273.26,4.7,3.3,3.385,221616.0,1033533.0,1841627.0,8896.0,15347.0,6465.0,174.38309352517985,-1.5408465187748868,-2.3769544447655084,-1.82148940978223,0.08448310625918132,-0.00029647198339766145,0.004767580452920139,0.02585944630362036
2021-09-27,20.760000228881836,75.44999694824219,93.37999725341797,5.705999851226807,2.2237000465393066,81.23999786376953,52.90999984741211,22.23763084411621,4443.10986328125,1.4839999675750732,3.08,3.472,75.54,78.85,245.302,273.26,4.7,3.3,3.406,221809.0,1037231.0,1851676.0,9399.0,15415.0,6552.0,165.19448877540162,-1.482609160333636,-2.1044322177547805,-1.593039852379586,0.06411306569375386,0.0038552787663108656,0.01835138387484947,0.025757575757575646
2021-10-04,21.43000030517578,77.62000274658203,93.80999755859375,5.765999794006348,2.308500051498413,81.55999755859375,54.4900016784668,23.085628509521484,4300.4599609375,1.4809999465942383,3.093,3.48,77.68,81.44,254.756,286.527,4.5,7.0,3.477,225065.0,1038657.0,1851562.0,9427.0,15744.0,7035.0,167.12156571549804,-1.0854304933713335,-1.9387006102716984,-1.5630214204456048,0.05692574883112522,0.0062038404726736385,0.02006588799041631,0.022515761032722903
2021-10-11,22.020000457763672,80.5199966430664,94.31999969482422,5.34499979019165,2.3778998851776123,74.63999938964844,56.18000030517578,23.777524948120117,4361.18994140625,1.6139999628067017,3.173,3.551,80.64,83.75,254.756,286.527,4.5,7.0,3.586,223107.0,1043945.0,1855682.0,9186.0,15061.0,5994.0,170.01404310907904,-1.2941599970953088,-1.6819178601282572,-1.4581142384162642,0.050494037779489576,0.02084556664709325,0.03083308627334702,0.04164170161773506
2021-10-18,22.18000030517578,82.44000244140625,93.94999694824219,4.988999843597412,2.486599922180176,69.80000305175781,56.959999084472656,24.20362091064453,4486.4599609375,1.5839999914169312,3.225,3.592,82.62,84.13,254.756,286.527,4.5,7.0,3.671,217739.0,1041820.0,1844183.0,9634.0,14990.0,5825.0,158.20770188914264,-1.8730171655239112,-1.6622611141097758,-1.649601296377291,0.05750551560127226,0.0313488639631867,0.06346381969157777,0.07236842105263164
2021-10-25,22.56999969482422,83.76000213623047,93.80999755859375,5.8979997634887695,2.516200065612793,81.5999984741211,57.83000183105469,24.80692481994629,4566.47998046875,1.6349999904632568,3.279,3.643,84.64,84.85,254.756,286.527,4.5,7.0,3.713,215746.0,1044998.0,1847479.0,9323.0,15048.0,6254.0,161.9888447924488,-2.018485541628717,-1.495622104365793,-1.5418386941095221,0.07546290802491118,0.023703290574456304,0.0844903988183161,0.09844404548174746
2021-11-01,22.469999313354492,84.05000305175781,93.87999725341797,5.185999870300293,2.4093000888824463,69.55999755859375,57.529998779296875,24.663482666015625,4613.669921875,1.5750000476837158,3.28,3.648,84.08,84.51,263.798,305.127,4.1,7.0,3.727,214258.0,1046643.0,1846463.0,9504.0,15023.0,6172.0,157.80787037037035,-2.0912229039507118,-1.3861683389742756,-1.5262431455022283,0.0714599110206302,0.011441024244075226,0.09013505578391068,0.10276210276210285
2021-11-08,22.219999313354492,81.93000030517578,94.05000305175781,5.427000045776367,2.322200059890747,72.27999877929688,57.09000015258789,24.802703857421875,4701.7001953125,1.496999979019165,3.294,3.66,81.96,83.22,263.798,305.127,4.1,7.0,3.73,212703.0,1044500.0,1842133.0,9259.0,15366.0,6108.0,160.80797062317745,-2.14637124081585,-1.3867112675125346,-1.57209707855331,0.07091185197503758,0.0037705359547535178,0.07190106413574915,0.10790725326991679
2021-11-15,21.790000915527344,80.87999725341797,95.41000366210938,5.017000198364258,2.3287999629974365,67.16000366210938,56.06999969482422,24.48206901550293,4682.7998046875,1.6230000257492065,3.277,3.647,80.85,81.94,263.798,305.127,4.1,7.0,3.734,211996.0,1039150.0,1830012.0,9241.0,15397.0,6191.0,160.58565090358186,-2.115352326858503,-1.4729472917772983,-1.7724935918630573,0.07182279382995871,0.0008049369466058831,0.04015616285554935,0.11144219308700842
2021-11-22,21.100000381469727,76.75,96.5,4.789000034332275,2.260200023651123,63.7599983215332,54.45000076293945,23.47376251220703,4682.93994140625,1.625,3.271,3.645,76.74,80.97,263.798,305.127,4.1,7.0,3.724,211393.0,1038525.0,1822392.0,9334.0,15640.0,6436.0,158.53342618384403,-2.0626076013724806,-1.4267158791156886,-1.8602108069303562,0.058381535669729034,0.0010723860589811895,0.01716153636611284,0.12334536702767762
2021-11-29,19.540000915527344,69.94999694824219,96.33999633789062,4.854000091552734,2.0771000385284424,63.52000045776367,50.16999816894531,23.583452224731445,4655.27001953125,1.5299999713897705,3.253,3.626,69.88,73.34,263.798,305.127,4.1,7.0,3.72,215422.0,1035667.0,1824711.0,8796.0,15631.0,6604.0,171.4363346975898,-1.5922668768174677,-1.4420745437683662,-1.7363505743324736,0.05591824037555826,-0.0026780931976432276,0.002962563964449272,0.11530398322851165
2021-12-06,19.729999542236328,69.48999786376953,96.29000091552734,3.6570000648498535,2.043299913406372,48.20000076293945,50.5099983215332,23.608760833740234,4591.669921875,1.434000015258789,3.204,3.587,69.62,73.38,267.899,313.591,3.9,7.0,3.674,219304.0,1033737.0,1827222.0,8963.0,15785.0,6499.0,171.2739038268437,-1.185565043387648,-1.4316526283738262,-1.620740969730403,0.03404471544715437,-0.0010741138560687036,-0.0018781862087469126,0.10287577823895644
2021-12-13,19.959999084472656,71.29000091552734,96.31999969482422,3.7939999103546143,2.116499900817871,50.20000076293945,51.439998626708984,23.477983474731445,4668.97021484375,1.4240000247955322,3.178,3.558,71.19,74.12,267.899,313.591,3.9,7.0,3.649,218585.0,1027203.0,1809406.0,9472.0,15670.0,6471.0,161.53874577702703,-1.203473261013228,-1.546746624507696,-1.9636540632421293,0.0226619756427604,-0.01236559139784954,-0.01501340482573732,0.08956109134045076
2021-12-20,19.299999237060547,68.2300033569336,96.55000305175781,3.8340001106262207,2.0899999141693115,50.040000915527344,49.900001525878906,22.653779983520508,4568.02001953125,1.4190000295639038,3.154,3.539,68.69,70.51,267.899,313.591,3.9,7.0,3.626,224118.0,1019952.0,1799881.0,8986.0,15818.0,6194.0,174.58557756510126,-0.6851582832413176,-1.6719250995434964,-2.1123466995375133,0.02583885085848947,-0.006804572672836073,-0.022763792179967823,0.07799113737075336
2021-12-27,21.020000457763672,75.56999969482422,96.08999633789062,4.059999942779541,2.2339000701904297,52.15999984741211,54.52000045776367,23.974288940429688,4791.18994140625,1.4809999465942383,3.136,3.521,75.49,75.24,267.899,313.591,3.9,7.0,3.615,222659.0,1015023.0,1779614.0,9724.0,15703.0,6759.0,160.2851707116413,-0.7856777534569426,-1.7280761697275022,-2.470957509713023,0.01396617966300262,-0.006303096738832559,-0.026315789473684292,0.06459189665296527
2022-01-03,21.15999984741211,76.08000183105469,96.23999786376953,3.815000057220459,2.256500005722046,51.08000183105469,54.83000183105469,24.45292091369629,4796.56005859375,1.628000020980835,3.141,3.524,75.99,78.25,270.189,312.894,4.0,-1.0,3.613,232787.0,1011533.0,1788433.0,8172.0,15867.0,5884.0,199.40149290259424,0.09948163035479145,-1.7392352099051602,-2.1491988684370678,0.03638513774542207,-0.0030336458907886943,-0.028225806451612878,0.039689387402933596
2022-01-10,21.709999084472656,78.2300033569336,95.98999786376953,4.078999996185303,2.275399923324585,54.959999084472656,56.15999984741211,26.132404327392578,4670.2900390625,1.7799999713897705,3.164,3.535,78.11,81.56,270.189,312.894,4.0,-1.0,3.657,240748.0,1006680.0,1783651.0,7906.0,15573.0,6069.0,213.1591196559575,0.7933879765329487,-1.7787839540459245,-2.1579732181818656,0.01272652856558154,-0.0005532503457815752,-0.01660315732172013,0.007529280535415461
2022-01-17,23.170000076293945,83.81999969482422,95.16999816894531,4.26200008392334,2.4189999103546143,56.68000030517578,59.970001220703125,27.56829833984375,4662.85009765625,1.7719999551773071,3.182,3.548,83.82,87.82,270.189,312.894,4.0,-1.0,3.725,246621.0,1005847.0,1780811.0,8224.0,15453.0,6745.0,209.91573443579765,1.312969690489585,-1.71344378547096,-2.1170593472462715,-0.031674150013810465,0.012178245225574313,0.0021923814743765035,-0.0038136747480249644
2022-01-24,23.25,83.30999755859375,95.91999816894531,4.0269999504089355,2.3980000019073486,53.279998779296875,60.11000061035156,26.86744499206543,4410.1298828125,1.7350000143051147,3.199,3.56,84.48,87.74,270.189,312.894,4.0,-1.0,3.78,247918.0,1006972.0,1775470.0,8505.0,15497.0,6236.0,204.0477366255144,1.4180632364030537,-1.6088779490694798,-2.133546916839833,-0.05311153400735091,0.01859447634673228,0.027302813017098693,0.003231887961217428
2022-01-31,24.200000762939453,88.1500015258789,96.54000091552734,4.874000072479248,2.55430006980896,68.04000091552734,62.47999954223633,28.170856475830078,4515.5498046875,1.781999945640564,3.249,3.604,89.16,92.35,270.189,312.894,4.0,-1.0,3.846,250037.0,1004055.0,1767813.0,8226.0,15248.0,7085.0,212.7715779236567,1.5986170846515657,-1.6062951090707545,-2.1840562168608693,-0.08834575617597318,0.014765100671140896,0.04564315352697079,0.014220552723370083
2022-02-07,25.06999969482422,91.31999969482422,95.4000015258789,4.23199987411499,2.68530011177063,59.959999084472656,64.68000030517578,29.820425033569336,4483.8701171875,1.9160000085830688,3.33,3.673,91.25,97.28,275.322,323.33,3.9,-1.0,3.951,248393.0,997902.0,1758364.0,9126.0,15577.0,6389.0,190.52717510409818,1.4699968432673731,-1.6790910693291485,-2.2675909349443315,-0.08773439652171688,0.01746031746031762,0.06448934403542772,0.03109919571045583
2022-02-14,25.959999084472656,95.45999908447266,96.37000274658203,4.195000171661377,2.779400110244751,58.20000076293945,66.36000061035156,29.38026237487793,4401.669921875,1.996000051498413,3.372,3.71,95.52,101.66,275.322,323.33,3.9,-1.0,4.019,247061.0,996336.0,1745787.0,8570.0,14902.0,5790.0,201.80011668611436,1.4035232393186547,-1.636172372540848,-2.388607991973799,-0.05642258692439084,0.027301092043681807,0.08039376538146015,0.058114622388859116
2022-02-21,25.31999969482422,91.06999969482422,96.04000091552734,4.431000232696533,2.669600009918213,61.63999938964844,64.73999786376953,29.08111572265625,4348.8701171875,1.9320000410079956,3.41,3.752,91.26,98.95,275.322,323.33,3.9,-1.0,4.055,246479.0,998406.0,1741514.0,8657.0,15246.0,6828.0,199.3014901235994,1.4155182023368398,-1.5130757716330028,-2.3175336655930123,-0.04717388851395232,0.017210832700582213,0.0789261744966443,0.0792158968850698
2022-02-28,27.15999984741211,95.72000122070312,96.70999908447266,4.4019999504089355,2.796999931335449,61.84000015258789,67.4800033569336,30.162307739257812,4373.93994140625,1.8389999866485596,3.486,3.814,96.13,103.08,275.322,323.33,3.9,-1.0,4.104,246011.0,993445.0,1735213.0,8743.0,15398.0,5767.0,196.96637309847878,1.4449545010686746,-1.557358389805873,-2.2829155874768463,-0.04591231410203345,0.008957452102512864,0.07275132275132279,0.09005376344086002
2022-03-07,34.15999984741211,119.4000015258789,99.29000091552734,4.833000183105469,3.5720999240875244,67.80000305175781,82.37000274658203,32.62382888793945,4201.08984375,1.7510000467300415,3.963,4.292,119.26,129.02,303.099,375.953,3.7,-1.0,4.849,244606.0,989058.0,1724594.0,8962.0,15377.0,6319.0,191.055791118054,1.298721285705693,-1.5914970608072774,-2.323626921241076,-0.032868825701530935,0.012083847102342782,0.06708268330733236,0.1170386499727818
2022-03-14,29.309999465942383,103.01000213623047,99.05999755859375,4.6579999923706055,3.1689000129699707,65.87999725341797,72.83999633789062,31.858882904052734,4173.10986328125,2.140000104904175,4.18,4.538,103.22,110.39,303.099,375.953,3.7,-1.0,5.25,240991.0,991420.0,1719027.0,8944.0,15601.0,6395.0,188.61102415026832,0.9189829141272521,-1.4831094380205945,-2.268197619916378,-0.03786944638657597,0.18153021442495132,0.22728423184004054,0.3288572211564813
2022-03-21,32.18000030517578,112.12000274658203,98.5,4.900000095367432,3.3715999126434326,69.76000213623047,79.54000091552734,32.84529495239258,4461.18017578125,2.315000057220459,4.091,4.462,112.14,122.29,303.099,375.953,3.7,-1.0,5.134,238043.0,984722.0,1708138.0,8637.0,15878.0,6486.0,192.9259001968276,0.6240639620525974,-1.5883550882085165,-2.3062717385740577,-0.028601542459978146,0.08269746339451434,0.30629509828315493,0.44787644787644787
2022-03-28,30.389999389648438,105.95999908447266,99.08999633789062,5.507999897003174,3.2188000679016113,76.87999725341797,74.52999877929688,33.13435363769531,4575.52001953125,2.4769999980926514,4.078,4.447,107.55,114.5,303.099,375.953,3.7,-1.0,5.185,238828.0,978272.0,1706972.0,8499.0,15913.0,6259.0,196.70502412048478,0.6837040004854774,-1.6896620807646063,-2.184075581336459,-0.029194963948081742,-0.022095238095238057,0.2660912453760791,0.4201936376210236
2022-04-04,30.709999084472656,103.27999877929688,98.98999786376953,5.711999893188477,3.1981000900268555,80.19999694824219,76.86000061035156,33.2896728515625,4582.64013671875,2.4119999408721924,4.021,4.403,103.29,108.15,295.455,352.96,3.7,0.6,5.144,236787.0,976951.0,1708416.0,8562.0,15948.0,6300.0,193.58899789768745,0.4794821509508805,-1.671969957396001,-2.0379241588193646,-0.03510752540132722,0.009933774834437026,0.26340155945419097,0.4350954885137004
2022-04-11,28.219999313354492,94.29000091552734,99.93000030517578,6.64300012588501,3.0030999183654785,93.19999694824219,72.30000305175781,33.28104782104492,4412.52978515625,2.7799999713897705,3.943,4.331,94.22,97.92,295.455,352.96,3.7,0.6,5.073,233139.0,982434.0,1711881.0,8736.0,15523.0,5995.0,186.81009615384616,0.14178651500982675,-1.4965966444400849,-1.8814415461270872,-0.04567897571953494,-0.00790742526518795,0.06083728603835836,0.4066174459939842
2022-04-18,32.220001220703125,108.20999908447266,100.77999877929688,7.820000171661377,3.3780999183654785,108.5199966430664,80.41000366210938,34.955013275146484,4391.68994140625,2.861999988555908,3.915,4.303,108.24,110.83,295.455,352.96,3.7,0.6,5.101,232378.0,969713.0,1699086.0,8868.0,15717.0,5837.0,183.42873252142533,0.07543492919314075,-1.760959349285244,-1.9781416799361786,-0.05099068463876999,-0.013802488335925345,-0.033714285714285586,0.3618791946308726
2022-04-25,29.43000030517578,98.54000091552734,101.75,6.669000148773193,3.239799976348877,96.87999725341797,74.6500015258789,31.78827667236328,4296.1201171875,2.8259999752044678,3.959,4.344,99.6,99.27,295.455,352.96,3.7,0.6,5.16,230805.0,967494.0,1696899.0,8739.0,15684.0,5934.0,184.87641606591146,-0.06378971627633302,-1.7650477915099871,-1.910459694492828,-0.04414603209617829,0.005519416518825038,-0.00642773665757701,0.3494708994708995
2022-05-02,31.030000686645508,105.16999816894531,103.73999786376953,7.474999904632568,3.5100998878479004,104.0,78.37999725341797,32.94021224975586,4155.3798828125,2.996000051498413,4.031,4.401,105.18,108.36,309.052,371.34,3.6,0.6,5.509,228575.0,965712.0,1696420.0,8856.0,15466.0,6332.0,180.6712962962963,-0.2605172755131596,-1.7628794522365547,-1.8247216098919237,-0.0372464567597387,0.011566359537345638,-0.004821600771455992,0.34165366614664583
2022-05-09,30.139999389648438,103.08999633789062,103.6500015258789,7.026000022888184,3.641900062561035,97.23999786376953,76.56999969482422,32.815101623535156,3991.239990234375,3.0789999961853027,4.161,4.508,103.08,106.67,309.052,371.34,3.6,0.6,5.623,224968.0,967208.0,1699318.0,8702.0,15696.0,6269.0,180.96713399218572,-0.5786121645814238,-1.6733680221165494,-1.6983931532677048,-0.02912083715245961,0.06763565891472867,0.07095645412130636,0.39433054922804356
2022-05-16,32.77000045776367,114.19999694824219,104.19000244140625,7.955999851226807,4.022900104522705,109.5999984741211,83.11000061035156,35.77044677734375,4008.010009765625,2.877000093460083,4.32,4.662,114.07,114.86,309.052,371.34,3.6,0.6,5.613,220189.0,958804.0,1691379.0,9027.0,15935.0,6568.0,170.74587349063918,-0.9957436525887109,-1.843069975224267,-1.7353324759026538,-0.029856922756963833,0.020693410782356203,0.10841711019120837,0.39910425478974876
2022-05-23,32.38999938964844,110.29000091552734,102.08000183105469,8.744000434875488,3.7976999282836914,120.27999877929688,81.97000122070312,36.21050262451172,3973.75,2.8589999675750732,4.41,4.747,110.32,115.13,309.052,371.34,3.6,0.6,5.571,219707.0,951814.0,1686064.0,8798.0,16269.0,6486.0,174.8066606046829,-1.006549879814084,-1.9744940549557033,-1.7325902093567183,-0.025062789665765695,-0.0017784101013693654,0.10037247598510102,0.38421701602959324
2022-05-30,33.77000045776367,115.06999969482422,101.66999816894531,8.72700023651123,4.0157999992370605,118.31999969482422,85.45999908447266,38.19511032104492,4158.240234375,2.743000030517578,4.439,4.79,114.96,123.01,309.052,371.34,3.6,0.6,5.539,218996.0,941325.0,1681261.0,8977.0,16033.0,6218.0,170.76662582154395,-1.0390190168513698,-2.1915624802720233,-1.7202612220882425,-0.02202042794938075,-0.007482629609834479,0.0796511627906975,0.35745614035087714
2022-06-06,34.880001068115234,118.5,102.44000244140625,9.321999549865723,4.192999839782715,126.91999816894531,88.38999938964844,38.57478332519531,4121.43017578125,3.0380001068115234,4.702,5.037,118.41,124.99,330.456,409.671,3.6,0.6,5.703,218184.0,936081.0,1684943.0,9199.0,16387.0,6154.0,166.02761169692357,-1.07615650111472,-2.248584102669215,-1.595765012988355,-0.01832327662298705,-0.005744031592173737,0.0054456344164093284,0.14229738090327881
2022-06-13,35.7400016784668,120.93000030517578,105.08000183105469,8.609000205993652,4.035299777984619,117.63999938964844,90.36000061035156,36.27521514892578,3749.6298828125,3.365999937057495,4.844,5.191,120.92,128.44,330.456,409.671,3.6,0.6,5.718,217474.0,930326.0,1682179.0,9093.0,16320.0,6985.0,167.41647421093148,-1.0985737062516265,-2.305855301829645,-1.573354308199064,-0.006101264424935082,0.02960823253294831,0.014227280810954923,0.0862857142857143
2022-06-20,33.119998931884766,109.55999755859375,104.69999694824219,6.943999767303467,3.7929999828338623,94.72000122070312,83.33999633789062,31.706298828125,3674.840087890625,3.239000082015991,4.798,5.167,109.56,118.25,330.456,409.671,3.6,0.6,5.81,218963.0,923146.0,1679111.0,8505.0,16263.0,6226.0,180.2164609053498,-0.9248494697919011,-2.3814504659876876,-1.556138534765065,-0.0037142571804368307,0.002630194634402949,0.018706574024585754,0.11375146084924026
2022-06-27,33.290000915527344,109.56999969482422,103.94000244140625,6.500999927520752,3.8371999263763428,88.44000244140625,82.93000030517578,32.14912414550781,3900.110107421875,3.194000005722046,4.71,5.098,111.44,119.69,330.456,409.671,3.6,0.6,5.783,221608.0,913434.0,1678509.0,8922.0,16666.0,5998.0,173.86863931853844,-0.6535707033164079,-2.495435917630236,-1.5057469484584278,-0.00984065882593399,0.016089541797831286,0.04290073595404764,0.12054001928640301
2022-07-04,33.34000015258789,108.43000030517578,105.13999938964844,5.730000019073486,3.6877999305725098,77.23999786376953,81.66999816894531,31.664854049682617,3825.330078125,2.8889999389648438,4.619,5.016,110.3,121.8,314.345,375.422,3.5,2.9,5.675,219112.0,915828.0,1677795.0,9413.0,16438.0,6839.0,162.9431637097631,-0.8498017278122426,-2.2810066987890467,-1.4594109143302023,-0.010834346967511732,-0.00464716006884669,0.04405127279292298,0.1242223950233281
2022-07-11,31.920000076293945,104.08999633789062,108.0199966430664,6.426000118255615,3.4621999263763428,88.12000274658203,78.2300033569336,30.657052993774414,3854.429931640625,2.990999937057495,4.501,4.915,106.09,114.85,314.345,375.422,3.5,2.9,5.568,224937.0,912201.0,1692658.0,8062.0,16640.0,6675.0,195.30625155048375,-0.295668355841386,-2.2338932703510945,-1.203981420300138,-0.0035707962619694333,-0.018675427978557924,-0.004909696650885587,0.11866745515474064
2022-07-18,31.709999084472656,102.5999984741211,107.37000274658203,7.479000091552734,3.2643001079559326,101.36000061035156,76.80999755859375,30.609066009521484,3830.85009765625,2.9600000381469727,4.35,4.771,104.48,117.27,314.345,375.422,3.5,2.9,5.432,228435.0,906758.0,1688796.0,8521.0,16319.0,6519.0,187.65931228729025,0.03889126011501709,-2.226543369890756,-1.2149399775202163,-0.029633304960413387,-0.018854625550660864,-0.026232948583420845,0.09155067633797298
2022-07-25,31.309999465942383,96.69999694824219,106.4800033569336,8.72700023651123,3.381999969482422,118.83999633789062,76.22000122070312,32.179656982421875,3966.840087890625,2.819999933242798,4.183,4.609,99.83,108.23,314.345,375.422,3.5,2.9,5.268,225131.0,896631.0,1679939.0,9245.0,16027.0,6164.0,170.46154678204434,-0.24701052355572178,-2.323639894470471,-1.297135320789266,-0.027578790423471777,-0.024425287356321657,-0.06506024096385532,0.05271317829457378
2022-08-01,31.15999984741211,93.88999938964844,105.44999694824219,8.282999992370605,2.9981000423431396,114.0,75.12999725341797,33.50593948364258,4118.6298828125,2.6059999465942383,4.034,4.467,96.59,106.09,298.331,335.333,3.6,2.9,5.138,225294.0,896408.0,1678775.0,8541.0,15853.0,7342.0,184.64559185107132,-0.2170336625078587,-2.184315777821972,-1.2703129444801606,-0.01841543682830249,-0.030191458026509688,-0.08905412415701197,-0.043746596478489885
2022-08-08,30.15999984741211,90.76000213623047,106.44000244140625,7.589000225067139,2.886199951171875,105.12000274658203,73.54000091552734,32.04878234863281,4140.06005859375,2.765000104904175,3.879,4.312,93.52,103.46,298.331,335.333,3.6,2.9,4.993,220316.0,896568.0,1686484.0,9123.0,16581.0,6171.0,169.04658555299793,-0.663893293789644,-2.059057201920394,-1.1211137887058344,-0.040165931247234,-0.024677296886864042,-0.09462555066079292,-0.08625288991641478
2022-08-15,29.579999923706055,89.41000366210938,106.55000305175781,8.727999687194824,2.95169997215271,122.23999786376953,72.87999725341797,33.567012786865234,4297.14013671875,2.7909998893737793,3.78,4.2,92.24,98.25,298.331,335.333,3.6,2.9,4.911,215674.0,886110.0,1673923.0,9348.0,16423.0,6132.0,161.50171159606333,-1.0694477729266638,-2.1680977764661,-1.266691125002763,-0.009882047434687458,-0.028221097703386433,-0.10326867816091945,-0.11045786566898275
2022-08-22,30.280000686645508,90.2300033569336,109.05000305175781,9.680000305175781,2.891200065612793,135.16000366210938,74.68000030517578,34.600982666015625,4137.990234375,3.0369999408721924,3.724,4.143,93.42,95.06,298.331,335.333,3.6,2.9,4.909,215647.0,874737.0,1667196.0,8434.0,16255.0,6171.0,178.9813848707612,-1.0388236531080222,-2.2762136478075914,-1.3262382440453175,0.01319641790018089,-0.016422992189064844,-0.09591310751104576,-0.11847065158858372
2022-08-29,32.38999938964844,97.01000213623047,108.83999633789062,9.352999687194824,2.8775999546051025,127.76000213623047,78.69000244140625,36.686378479003906,4030.610107421875,3.109999895095825,3.691,4.1,97.4,101.13,298.331,335.333,3.6,2.9,5.115,214475.0,868344.0,1663939.0,8591.0,16238.0,5956.0,174.75555814224188,-1.1147973502080695,-2.2655257656168772,-1.334277321285548,-0.0070378223693282616,-0.00040724903278355207,-0.06814730447987849,-0.11373894204730095
2022-09-05,29.299999237060547,86.87000274658203,109.52999877929688,8.78600025177002,2.463599920272827,122.83999633789062,71.43000030517578,34.88457107543945,3924.260009765625,3.193000078201294,3.617,4.026,87.29,94.22,294.103,322.853,3.5,2.9,5.084,214808.0,869662.0,1667619.0,8727.0,15929.0,6779.0,172.29930101982353,-1.051013496399158,-2.1032275132672456,-1.2358262987746977,-0.003517773502031085,0.041963740069260735,-0.004476449980537089,-0.10310362966859543
2022-09-12,29.649999618530273,87.77999877929688,108.33000183105469,8.24899959564209,2.4447999000549316,116.04000091552734,72.37000274658203,35.809471130371094,4110.41015625,3.361999988555908,3.551,3.965,88.18,93.45,294.103,322.853,3.5,2.9,5.033,213040.0,863690.0,1664676.0,8494.0,16022.0,5792.0,175.56863668471863,-1.1887019078469085,-2.096107306556314,-1.2389844763351905,-0.012756492916425,-0.006060606060606211,0.018225515722010588,-0.11087792934592522
2022-09-19,28.959999084472656,85.7300033569336,109.73999786376953,7.751999855041504,2.464099884033203,109.4000015258789,70.05000305175781,34.2417106628418,3899.889892578125,3.490000009536743,3.513,3.929,86.15,89.43,294.103,322.853,3.5,2.9,4.964,214610.0,857932.0,1667020.0,8322.0,16355.0,6947.0,180.51790434991588,-1.034776500896729,-2.080437484472125,-1.1605790001990466,-0.03594645277805453,-0.01003147128245463,0.024842190999796454,-0.13373493975903605
2022-09-26,26.479999542236328,76.70999908447266,114.0999984741211,6.9029998779296875,2.384200096130371,96.83999633789062,63.20000076293945,30.32094955444336,3655.0400390625,3.878000020980835,3.569,3.984,77.17,82.55,294.103,322.853,3.5,2.9,4.889,212188.0,853142.0,1653552.0,8825.0,15751.0,6449.0,168.30776203966005,-1.2218524653436165,-2.045708541221257,-1.3281389209171492,-0.03790349157892925,-0.013709517186568654,0.011203911183540471,-0.14162199550406362
2022-10-03,28.389999389648438,83.62999725341797,111.75,6.46999979019165,2.5129001140594482,89.83999633789062,67.88999938964844,33.5581169128418,3678.429931640625,3.6510000228881836,3.592,3.996,84.05,90.68,299.945,337.263,3.6,2.8,4.836,207460.0,845592.0,1637354.0,9465.0,15961.0,5947.0,153.43053354463814,-1.5904375856263537,-2.0617610319677646,-1.5396921180525123,-0.03010094431781174,-0.015108783239323187,-0.044183773216031286,-0.1385022026431717
2022-10-10,30.65999984741211,91.12999725341797,113.13999938964844,6.434999942779541,2.62280011177063,89.80000305175781,73.77999877929688,35.33547592163086,3612.389892578125,3.888000011444092,3.723,4.114,91.6,97.13,299.945,337.263,3.6,2.8,5.224,209482.0,847781.0,1637697.0,8276.0,15683.0,6063.0,177.18390526824555,-1.3582627122341453,-1.913760267543804,-1.4860695690475032,-0.009355572534991086,-0.010840662712211069,-0.04878048780487787,-0.13146551724137923
2022-10-17,29.34000015258789,85.45999908447266,112.04000091552734,5.999000072479248,2.593100070953369,83.36000061035156,70.12999725341797,35.84707260131836,3677.949951171875,4.014999866485596,3.692,4.096,86.0,91.04,299.945,337.263,3.6,2.8,5.339,209368.0,842492.0,1631600.0,8678.0,15550.0,5908.0,168.8840746715833,-1.323322346756075,-1.906814406778205,-1.5440387876805093,-0.013558717467995418,0.0802315963606286,0.03794953308166105,-0.038291605301914666
2022-10-24,29.809999465942383,84.58000183105469,111.98999786376953,5.198999881744385,2.7302000522613525,74.31999969482422,70.37999725341797,38.519718170166016,3797.340087890625,4.234000205993652,3.609,4.021,86.12,91.57,299.945,337.263,3.6,2.8,5.341,207890.0,841663.0,1626530.0,8930.0,15436.0,6180.0,162.95968645016796,-1.4119706234484644,-1.8282009722378347,-1.5806852339575077,-0.0014166713889046667,0.02201378254211339,0.0755439161966156,0.013477600607441298
2022-10-31,30.190000534057617,86.52999877929688,111.52999877929688,6.355000019073486,2.810699939727783,81.5199966430664,71.52999877929688,39.692867279052734,3871.97998046875,4.077000141143799,3.57,3.968,86.54,93.3,299.945,337.263,3.6,2.8,5.317,206633.0,836622.0,1623891.0,8660.0,15842.0,6205.0,167.0243648960739,-1.4807862419700177,-1.8259287580468424,-1.5828621191875665,0.002416950062059664,0.00037460198539052136,0.09245244426263044,0.03950953678474112
2022-11-07,32.040000915527344,91.79000091552734,110.12000274658203,6.943999767303467,2.65310001373291,86.80000305175781,76.55999755859375,41.01155090332031,3806.800048828125,4.214000225067139,3.628,4.003,91.8,99.87,298.107,336.273,3.6,2.8,5.333,205733.0,836974.0,1619505.0,9011.0,16089.0,6454.0,159.8192209521696,-1.519426397834989,-1.7411448556769074,-1.6197929689327266,-0.01860419375635136,-0.004493540535480234,0.09946236559139776,0.06489084718606053
2022-11-14,30.209999084472656,85.87000274658203,106.66000366210938,5.933000087738037,2.5285000801086426,78.08000183105469,71.91000366210938,41.0600700378418,3957.25,3.865000009536743,3.606,3.996,85.85,93.59,298.107,336.273,3.6,2.8,5.313,207940.0,827474.0,1608865.0,8742.0,16152.0,5559.0,166.504232441089,-1.3194476988505173,-1.8171089304529886,-1.767481674864907,0.0028206770936967107,0.0030092157231520478,0.020865237366002987,0.0859295459173286
2022-11-21,28.65999984741211,79.7300033569336,107.83999633789062,6.776000022888184,2.4370999336242676,87.16000366210938,69.02999877929688,39.864871978759766,3949.93994140625,3.825000047683716,3.498,3.901,79.74,88.44,298.107,336.273,3.6,2.8,5.233,210998.0,822183.0,1610605.0,8327.0,16410.0,7063.0,177.37312357391616,-1.0704164559435825,-1.8196779822817197,-1.6873598574471211,0.005737263537621606,-0.0037502343896493873,-0.004869825810076889,0.08229782033000599
2022-11-28,27.540000915527344,77.23999786376953,106.68000030517578,6.711999893188477,2.3306000232696533,89.44000244140625,66.87999725341797,39.40620422363281,3963.93994140625,3.703000068664551,3.389,3.802,77.1,83.5,298.107,336.273,3.6,2.8,5.141,213768.0,808200.0,1600432.0,8317.0,16638.0,6037.0,179.91775880726223,-0.8575263332142995,-1.9555645936957893,-1.8227871818077237,-0.009238072882274406,-0.015057406361754233,-0.020220932409661163,0.023069403714564896
2022-12-05,27.3799991607666,76.93000030517578,105.29000091552734,5.577000141143799,2.201900005340576,68.4000015258789,67.72000122070312,38.647621154785156,3998.840087890625,3.5989999771118164,3.26,3.677,76.83,83.36,286.33,309.091,3.5,2.8,4.967,219087.0,800917.0,1604208.0,8358.0,16585.0,6012.0,183.48994974874373,-0.4478190077848141,-1.9754278608977434,-1.7078582294875022,-0.017988281593141142,-0.017580737626600396,-0.03310137295467375,0.011211644374508278
2022-12-12,25.809999465942383,73.16999816894531,105.12999725341797,6.586999893188477,2.0810000896453857,79.63999938964844,64.41000366210938,37.42155456542969,3990.56005859375,3.6110000610351562,3.109,3.531,72.96,78.0,286.33,309.091,3.5,2.8,4.754,223583.0,806400.0,1613439.0,8255.0,16126.0,6867.0,189.59188370684436,-0.10464243092788619,-1.802320388658924,-1.505559259821232,-0.03534932610880337,-0.033845555339428235,-0.06862928933058321,-0.013113451221935413
2022-12-19,26.520000457763672,75.19000244140625,104.72000122070312,5.85099983215332,2.1775999069213867,72.0,66.06999969482422,37.200992584228516,3817.659912109375,3.5810000896453857,2.994,3.418,75.05,81.66,286.33,309.091,3.5,2.8,4.596,226113.0,796858.0,1598236.0,8714.0,15976.0,5819.0,181.63770943309615,0.08110881975533159,-1.8663058956808245,-1.7661981912779166,-0.04672017286618313,-0.04288302798469901,-0.10521362695275738,-0.04230459307010492
2022-12-26,27.81999969482422,79.55999755859375,104.30999755859375,5.078999996185303,2.3835999965667725,63.63999938964844,69.31999969482422,38.79169464111328,3844.820068359375,3.750999927520752,2.971,3.381,79.57,82.45,286.33,309.091,3.5,2.8,4.537,223008.0,794080.0,1583499.0,9327.0,16149.0,6252.0,167.36957220971374,-0.15909033952753934,-1.8222801809145952,-2.006968724191381,-0.03504847129008204,-0.03323517038283541,-0.12172749856678766,-0.05993045612599712
2023-01-02,28.280000686645508,80.26000213623047,103.5199966430664,4.474999904632568,2.4595000743865967,56.400001525878906,70.11000061035156,38.9743766784668,3839.5,3.878999948501587,3.123,3.506,80.16,82.82,292.615,317.38,3.5,2.9,4.583,222662.0,793026.0,1577627.0,7514.0,13820.0,5712.0,207.4306627628427,-0.18605937599562963,-1.7560593550166201,-2.0395762062832956,-0.005209103897222289,-0.012837249782419513,-0.11748687025870452,-0.06182795698924737
2023-01-09,26.239999771118164,74.62999725341797,103.0,3.9100000858306885,2.2929000854492188,49.720001220703125,65.87999725341797,38.87635803222656,3892.090087890625,3.5169999599456787,3.167,3.549,74.69,77.5,292.615,317.38,3.5,2.9,4.549,226776.0,811187.0,1599229.0,7558.0,14651.0,6350.0,210.03334215400898,0.14367258584091033,-1.4199753962662705,-1.546791483648677,-0.028025024159503698,0.010138858276394158,-0.07731024763438687,-0.12270290964777952
2023-01-16,28.110000610351562,79.86000061035156,102.19999694824219,3.4189999103546143,2.5327999591827393,44.119998931884766,70.05000305175781,40.07940673828125,3999.090087890625,3.510999917984009,3.225,3.62,79.9,82.65,292.615,317.38,3.5,2.9,4.524,230259.0,819594.0,1601607.0,8054.0,14853.0,6861.0,200.12577601191953,0.4376772027869343,-1.2461749793550798,-1.4611798598614607,-0.04732934237753261,-0.007418721361553526,-0.0431215818258307,-0.14796778422925638
2023-01-23,28.950000762939453,81.62000274658203,102.13999938964844,3.447000026702881,2.696500062942505,44.040000915527344,71.5,40.36902618408203,4019.81005859375,3.5250000953674316,3.34,3.741,81.62,87.54,292.615,317.38,3.5,2.9,4.604,232022.0,820127.0,1605596.0,8142.0,14981.0,5905.0,199.47850650945713,0.6162598164878569,-1.194361017331587,-1.3473269753551003,-0.0659663260900849,-0.005495713343592112,-0.015665796344647487,-0.1529676090619735
2023-01-30,27.770000457763672,77.9000015258789,102.27999877929688,2.677000045776367,2.4988999366760254,36.47999954223633,68.0999984741211,39.71848678588867,4017.77001953125,3.5510001182556152,3.417,3.819,77.97,84.9,292.615,317.38,3.5,2.9,4.622,234598.0,824267.0,1607193.0,8491.0,14961.0,7283.0,193.40313272877165,0.8748180696091907,-1.0932208378895376,-1.285509387387394,-0.09934813725012293,0.017683465959328126,0.014767467489530617,-0.1340981756629679
2023-02-06,26.790000915527344,74.11000061035156,103.62000274658203,2.4570000171661377,2.3733999729156494,34.0,65.5,38.127784729003906,4111.080078125,3.634000062942505,3.362,3.793,74.11,80.48,288.702,316.327,3.6,2.9,4.539,239606.0,826690.0,1610547.0,8428.0,15410.0,7058.0,199.00830564784053,1.3664199357534503,-1.0202916051794637,-1.184823200830799,-0.07175140116965284,0.003909643788010397,0.008509709797076104,-0.13332083255203453
2023-02-13,28.34000015258789,80.13999938964844,103.3499984741211,2.4049999713897705,2.531100034713745,33.31999969482422,69.5,40.09276580810547,4137.2900390625,3.7170000076293945,3.311,3.754,80.14,85.98,288.702,316.327,3.6,2.9,4.444,241922.0,842973.0,1629756.0,8274.0,15027.0,6232.0,204.67174280879865,1.6227819301388204,-0.7415781486813576,-0.7267488099219361,-0.045230644349274485,-0.017957594115101783,-0.0021982853374369338,-0.14568040654997183
2023-02-20,27.350000381469727,76.33999633789062,103.86000061035156,2.2750000953674316,2.4082000255584717,31.040000915527344,67.0199966430664,37.64657211303711,4079.090087890625,3.828000068664551,3.293,3.752,76.31,82.79,288.702,316.327,3.6,2.9,4.376,240066.0,850620.0,1633058.0,8910.0,15010.0,6326.0,188.6040404040404,1.4924283471117628,-0.5947890264670767,-0.6221371369539053,-0.038256253426040776,-0.020929720202687796,-0.017683465959328015,-0.1507739346455188
2023-02-27,27.15999984741211,75.68000030517578,104.66999816894531,2.7309999465942383,2.368299961090088,35.84000015258789,66.25,37.833709716796875,3982.239990234375,3.921999931335449,3.25,3.707,75.57,81.24,288.702,316.327,3.6,2.9,4.294,239192.0,851786.0,1630076.0,9112.0,14979.0,6208.0,183.7515364354697,1.454651540124716,-0.5472493591899585,-0.6644910531644855,-0.01665091849545075,-0.015301530153015164,-0.04952215464813203,-0.1488037346819684
2023-03-06,28.6299991607666,80.45999908447266,104.3499984741211,2.572000026702881,2.7964999675750732,34.599998474121094,70.48999786376953,38.89863204956055,4048.419921875,3.9830000400543213,3.288,3.724,80.39,85.86,282.868,309.776,3.5,2.9,4.282,238058.0,850092.0,1631927.0,8562.0,14967.0,6271.0,194.62812427003038,1.3933336715871625,-0.545054257427503,-0.5901869806039938,0.0004365989605841225,-0.018738574040219502,-0.07096495023799232,-0.13549426213005844
2023-03-13,26.6299991607666,74.80000305175781,103.5999984741211,2.6059999465942383,2.591399908065796,34.599998474121094,65.25,36.06923294067383,3855.760009765625,3.515000104904175,3.35,3.778,74.68,79.67,282.868,309.776,3.5,2.9,4.247,235997.0,851642.0,1630001.0,8594.0,15398.0,6216.0,192.22469164533393,1.2376242770855963,-0.4901810869722734,-0.609530048278293,0.005188381043221835,-0.0027945971122494973,-0.05662040096937648,-0.09928481278923007
2023-03-20,24.489999771118164,67.63999938964844,103.27999877929688,2.2230000495910645,2.5360000133514404,29.84000015258789,59.790000915527344,34.98244094848633,3951.570068359375,3.4809999465942383,3.321,3.749,67.56,72.42,282.868,309.776,3.5,2.9,4.185,229598.0,852759.0,1619566.0,8960.0,15376.0,6172.0,179.3734375,0.6432786352683677,-0.4413595656509263,-0.8503156247986533,0.015204288901468521,-0.008173750583839401,-0.04432943294329439,-0.07593559617058321
2023-03-27,25.889999389648438,72.80999755859375,102.86000061035156,2.0880000591278076,2.6842000484466553,28.280000686645508,64.1500015258789,35.81535720825195,3977.530029296875,3.5280001163482666,3.304,3.735,72.87,76.8,282.868,309.776,3.5,2.9,4.128,226694.0,845270.0,1608878.0,9145.0,15813.0,5325.0,173.52192454893387,0.38372489692012457,-0.5424321630699089,-1.0987437405390523,0.015918791094705176,-0.014598540145985495,-0.04364716636197452,-0.07758430681066786
2023-04-03,28.309999465942383,80.41999816894531,102.08999633789062,2.0969998836517334,2.757499933242798,26.84000015258789,70.2699966430664,38.98043441772461,4124.509765625,3.430000066757202,3.384,3.788,80.4,85.81,280.86,309.412,3.4,2.5,4.105,222575.0,841127.0,1597425.0,9295.0,15615.0,7144.0,167.61968800430338,-0.00010311892779718283,-0.5878575878094355,-1.3648829605936728,0.0154153209550012,-0.013620071684587676,-0.0386585933861201,-0.0992799476325551
2023-04-10,28.09000015258789,79.73999786376953,102.58000183105469,2.171999931335449,2.8078999519348145,27.399999618530273,69.76000213623047,38.566226959228516,4109.10986328125,3.4149999618530273,3.493,3.878,79.79,86.56,280.86,309.412,3.4,2.5,4.098,222245.0,840124.0,1604231.0,8936.0,15585.0,6193.0,174.0952327663384,-0.005963346195013485,-0.5775192809382146,-1.136510350337421,0.034843321162314034,-0.0055717054263565435,-0.04133582438113026,-0.09760386898219386
2023-04-17,28.31999969482422,80.83000183105469,102.0999984741211,2.2750000953674316,2.7739999294281006,28.520000457763672,70.83999633789062,38.80934524536133,4151.31982421875,3.5910000801086426,3.553,3.936,80.93,85.63,280.86,309.412,3.4,2.5,4.116,223544.0,833931.0,1602195.0,8519.0,15844.0,6294.0,183.68447000821692,0.15182478700364246,-0.6698090346283705,-1.1575175358139003,0.04421410049804697,-0.001705237515225444,-0.035083588415351974,-0.09416445623342173
2023-04-24,27.68000030517578,78.76000213623047,101.3499984741211,2.2730000019073486,2.6317999362945557,28.760000228881836,69.25,38.845367431640625,4137.0400390625,3.515000104904175,3.542,3.935,78.64,84.23,280.86,309.412,3.4,2.5,4.077,221136.0,827856.0,1600781.0,9511.0,15833.0,6376.0,162.7538639470087,-0.08334011225370293,-0.7647396196561471,-1.15669275766686,0.03233720781030858,0.004392386530014614,-0.016487455197132572,-0.10599478714161603
2023-05-01,26.649999618530273,75.66000366210938,102.1500015258789,2.318000078201294,2.5504000186920166,27.040000915527344,66.55000305175781,37.8953971862793,4167.8701171875,3.5739998817443848,3.48,3.884,75.65,81.32,274.273,298.832,3.6,2.5,4.018,222878.0,824571.0,1599194.0,8618.0,15735.0,6396.0,181.03341842654908,0.121812461018298,-0.8075551764545651,-1.1611978319456977,0.04108527131782935,-0.009475218658892004,-0.012354651162790775,-0.11791432280398095
2023-05-08,25.760000228881836,73.16000366210938,101.37000274658203,2.23799991607666,2.4616000652313232,26.1200008392334,64.26000213623047,36.12151336669922,4138.1201171875,3.5209999084472656,3.407,3.825,73.13,75.85,274.273,298.832,3.6,2.5,3.922,219711.0,824598.0,1596753.0,9303.0,15745.0,5553.0,165.32054176072234,-0.2057711626586703,-0.782671878672269,-1.1909695936306393,0.022185295833407004,-0.014471425067451582,-0.021193666260657884,-0.11478299184842478
2023-05-15,25.31999969482422,71.11000061035156,102.43000030517578,2.375,2.4719998836517334,27.760000228881836,62.9900016784668,35.531715393066406,4136.27978515625,3.507999897003174,3.415,3.826,71.07,75.46,274.273,298.832,3.6,2.5,3.897,218330.0,827210.0,1601938.0,8908.0,15990.0,6860.0,171.56600808262235,-0.34347983778908836,-0.7010302260463073,-1.0055200985802872,0.03135806228801297,-0.023892483822797295,-0.042947779404587494,-0.11746174617461747
2023-05-22,25.559999465942383,71.98999786376953,103.19999694824219,2.4000000953674316,2.648900032043457,28.0,63.90999984741211,35.70730209350586,4192.6298828125,3.7190001010894775,3.416,3.83,71.81,75.77,274.273,298.832,3.6,2.5,3.883,216277.0,813122.0,1589539.0,9437.0,16069.0,5850.0,160.4258768676486,-0.5596981954585359,-1.0211552001044086,-1.3313751711384347,0.04279149026342388,-0.006374298827129143,-0.053206997084548124,-0.10946069469835473
2023-05-29,25.989999771118164,72.66999816894531,104.20999908447266,2.180999994277954,2.703399896621704,26.559999465942383,64.80000305175781,35.46417999267578,4205.4501953125,3.809999942779541,3.443,3.855,72.35,76.33,274.273,298.832,3.6,2.5,3.855,216070.0,815093.0,1598350.0,9098.0,16165.0,7217.0,166.2442295009892,-0.5733001854569193,-0.9535315486053176,-1.0268925881438946,0.03920224478864731,-0.0035925070567102146,-0.04758400784890848,-0.09571495109455042
2023-06-05,25.780000686645508,72.1500015258789,104.0,2.244999885559082,2.524399995803833,24.719999313354492,64.02999877929688,35.734317779541016,4273.7900390625,3.693000078201294,3.414,3.84,72.14,76.61,275.712,301.426,3.6,2.5,3.797,218815.0,812774.0,1609281.0,9218.0,16647.0,6400.0,166.1645693208939,-0.2727085574705976,-0.9954551301146902,-0.6674645374374025,0.05267588377105037,-0.0072109193922225145,-0.04056744649079136,-0.09971975712283976
2023-06-12,24.239999771118164,67.12000274658203,103.62999725341797,2.2660000324249268,2.482599973678589,24.959999084472656,60.2400016784668,36.26557922363281,4338.93017578125,3.765000104904175,3.475,3.897,67.08,71.8,275.712,301.426,3.6,2.5,3.794,220923.0,818811.0,1619541.0,9193.0,16586.0,6381.0,168.221581638203,-0.04891619810987047,-0.8069707365962938,-0.3285027162328504,0.050196887264137624,-0.015045395590142618,-0.03187149413564505,-0.10595714622086172
2023-06-19,25.850000381469727,71.77999877929688,102.30000305175781,2.631999969482422,2.680500030517578,28.760000228881836,64.3499984741211,36.40515899658203,4409.58984375,3.7690000534057617,3.449,3.887,71.81,76.09,275.712,301.426,3.6,2.5,3.815,221402.0,813261.0,1619145.0,9375.0,16470.0,6161.0,165.31349333333335,-0.004838267183032275,-0.949762014803772,-0.3115256110727966,0.05812787913102291,-0.0007900974453516341,-0.026430587631511404,-0.09342891278375143
2023-06-26,25.18000030517578,69.37000274658203,102.69000244140625,2.7909998893737793,2.5374999046325684,30.799999237060547,62.72999954223633,35.7674674987793,4328.81982421875,3.7190001010894775,3.445,3.891,69.09,73.86,275.712,301.426,3.6,2.5,3.801,222005.0,802307.0,1612544.0,9306.0,16254.0,6580.0,166.9928003438642,0.054710413308692044,-1.26927200361936,-0.4911551347073629,0.05433140640701151,0.005535055350553542,-0.01751223280968328,-0.07582364341085279
2023-07-03,25.420000076293945,69.79000091552734,102.98999786376953,2.7090001106262207,2.462399959564209,28.959999084472656,63.38999938964844,36.95290756225586,4455.58984375,3.8580000400543213,3.397,3.853,69.71,74.52,275.548,300.625,3.5,4.7,3.767,219456.0,799341.0,1608320.0,9599.0,16030.0,7038.0,160.03667048650902,-0.2190724513650357,-1.3394837536230222,-0.598748019884517,0.05938260023244202,-0.003669724770642202,-0.014007782101167265,-0.0740560292326432
2023-07-10,26.34000015258789,72.98999786376953,101.97000122070312,2.6689999103546143,2.5696001052856445,28.440000534057617,65.54000091552734,36.980159759521484,4409.52978515625,4.00600004196167,3.42,3.876,73.05,77.83,275.548,300.625,3.5,4.7,3.806,219452.0,804886.0,1624895.0,8756.0,16659.0,5880.0,175.44129739607126,-0.22024705830711158,-1.1379036446304047,-0.019273696219874827,0.06982714509402599,-0.008945014469876389,-0.007900974453516008,-0.08077110785749142
2023-07-17,26.559999465942383,74.1500015258789,99.83999633789062,2.51200008392334,2.631700038909912,27.079999923706055,66.58000183105469,36.92111587524414,4522.7900390625,3.796999931335449,3.438,3.889,74.17,77.8,275.548,300.625,3.5,4.7,3.806,218386.0,804179.0,1623748.0,8855.0,16585.0,7174.0,172.63715415019763,-0.3234184488261372,-1.1498608505010426,-0.014848693730037364,0.055742061673467846,0.010353066100345032,0.003162888771744754,-0.07531584062196295
2023-07-24,28.059999465942383,78.73999786376953,101.3499984741211,2.684999942779541,2.8951001167297363,28.959999084472656,70.69000244140625,38.905921936035156,4554.64013671875,3.8570001125335693,3.479,3.928,78.81,82.53,275.548,300.625,3.5,4.7,3.905,217600.0,803579.0,1623257.0,8939.0,16478.0,6367.0,170.39937353171496,-0.388820054032242,-1.159640705337315,0.012378231392825059,0.04015723704536356,0.0,-0.002359108781127106,-0.06647044395388768
2023-07-31,29.040000915527344,81.80000305175781,101.86000061035156,2.634000062942505,2.928999900817871,28.440000534057617,73.16999816894531,39.7325553894043,4588.9599609375,3.9590001106262207,3.65,4.078,81.8,85.22,275.548,300.625,3.5,4.7,4.127,219081.0,786530.0,1612818.0,8838.0,16517.0,6668.0,173.51968771215206,-0.2137740153262202,-1.799175596161234,-0.34846355796939665,0.030394123773502146,0.026011560693641522,0.02736122073138647,-0.028123444499751127
2023-08-07,29.170000076293945,81.94000244140625,102.05000305175781,2.7249999046325684,2.8043999671936035,29.600000381469727,73.81999969482422,39.523624420166016,4518.43994140625,4.078000068664551,3.731,4.155,81.94,86.47,287.31,323.701,3.7,4.7,4.239,216420.0,793376.0,1620924.0,9302.0,16579.0,6682.0,162.86175016125563,-0.4884644557773768,-1.4991996507984415,0.014663363866103602,0.008046067681628077,0.05685019206145969,0.09556676400318542,0.05226925038245778
2023-08-14,29.350000381469727,82.51000213623047,103.19000244140625,2.7950000762939453,2.9061999320983887,30.079999923706055,73.80999755859375,40.65909957885742,4489.72021484375,4.184000015258789,3.746,4.166,82.5,87.4,287.31,323.701,3.7,4.7,4.378,216158.0,788016.0,1614127.0,8851.0,16746.0,7158.0,170.95311264263927,-0.5075115749923765,-1.7187573744280773,-0.22725613802540942,0.023197846461840976,0.027138357160164883,0.11376773515501837,0.08775981524249432
2023-08-21,28.760000228881836,80.72000122070312,103.33000183105469,2.631999969482422,2.772599935531616,27.8799991607666,72.58000183105469,40.082275390625,4399.77001953125,4.3420000076293945,3.746,4.183,80.71,85.44,287.31,323.701,3.7,4.7,4.389,217626.0,782476.0,1611727.0,8910.0,16776.0,6933.0,170.97441077441076,-0.35060628007165046,-1.931873068625934,-0.29981472702441725,0.024198888728089285,0.03279075253597563,0.1502890173410405,0.1274787535410764
2023-08-28,28.719999313354492,80.0999984741211,104.05999755859375,2.5789999961853027,2.7957000732421875,27.399999618530273,72.41000366210938,40.050479888916016,4433.31005859375,4.211999893188477,3.684,4.125,80.65,85.42,287.31,323.701,3.7,4.7,4.475,217412.0,772486.0,1604291.0,9068.0,16603.0,6617.0,167.8301720335245,-0.37849452303446657,-2.3062586655251263,-0.630507453917405,0.0223052154294352,0.002512562814070307,0.12394366197183104,0.1385214007782103
2023-09-04,30.440000534057617,85.55000305175781,104.23999786376953,2.765000104904175,2.591200113296509,28.200000762939453,76.91999816894531,41.21320724487305,4515.77001953125,4.172999858856201,3.68,4.125,85.52,90.42,292.623,332.732,3.7,4.7,4.492,214746.0,766977.0,1605491.0,9321.0,16623.0,6770.0,161.27261023495333,-0.6746920136814618,-2.4317066844700808,-0.5426930770798957,0.027780756093451542,0.019594440647072053,0.0843227526047976,0.17856202264945997
2023-09-11,31.06999969482422,87.29000091552734,104.56999969482422,2.6080000400543213,2.7186999320983887,26.84000015258789,78.37000274658203,41.25862503051758,4487.4599609375,4.288000106811523,3.692,4.13,87.3,91.97,292.623,332.732,3.7,4.7,4.54,220307.0,771222.0,1616190.0,8307.0,16800.0,7582.0,185.64451667268568,-0.07214612208596906,-2.1311047249770425,0.08097138089810077,0.026986392075192267,0.003798882681564253,0.0596838877093655,0.18397469688982593
2023-09-18,32.439998626708984,91.4800033569336,105.19999694824219,2.7279999256134033,2.6979000568389893,27.799999237060547,81.44999694824219,42.14417266845703,4453.52978515625,4.318999767303467,3.724,4.161,91.47,95.95,292.623,332.732,3.7,4.7,4.633,219476.0,769686.0,1619772.0,8410.0,16304.0,6517.0,182.67919143876338,-0.17860543382572172,-2.099300109161427,0.36327687894218313,0.011945414875801807,0.010685663401602818,0.037003197807217836,0.19003931847968558
2023-09-25,31.989999771118164,89.68000030517578,106.0,2.6389999389648438,2.5439000129699707,26.959999084472656,80.38999938964844,41.37549591064453,4337.43994140625,4.541999816894531,3.663,4.101,89.68,94.01,292.623,332.732,3.7,4.7,4.586,220503.0,767267.0,1618029.0,8619.0,16065.0,7229.0,179.08353637312914,-0.07711351037270128,-2.097411909505822,0.35078197767750363,-0.0024568198608968528,0.020484581497797416,0.05559352927773964,0.21888976585109177
2023-10-02,31.5,88.81999969482422,106.9000015258789,2.8399999141693115,2.4121999740600586,26.520000457763672,79.38999938964844,40.53361129760742,4288.39013671875,4.683000087738037,3.598,4.048,88.81,91.21,286.765,320.296,3.9,3.4,4.593,226984.0,765343.0,1622967.0,8014.0,15602.0,6215.0,198.26403793361618,0.6219323594475265,-2.0674507909021704,0.7984161983523566,-0.014771614009306822,-0.010144614720483447,0.024804469273743246,0.21741438810724723
2023-10-09,30.690000534057617,86.37999725341797,106.08000183105469,3.375999927520752,2.238100051879883,31.520000457763672,77.12999725341797,40.53361129760742,4335.66015625,4.796999931335449,3.506,3.965,82.83,91.37,286.765,320.296,3.9,3.4,4.498,225671.0,775513.0,1629265.0,8581.0,15203.0,6329.0,184.09241347162336,0.44412517250878963,-1.552860320472603,1.3246779702743026,-0.04890916868672468,0.0015263846489315114,0.022484416740872648,0.2067787703625854
2023-10-16,31.3700008392334,86.66000366210938,106.23999786376953,3.1089999675750732,2.2730000019073486,29.1200008392334,78.38999938964844,41.265689849853516,4373.6298828125,4.711999893188477,3.404,3.862,86.65,90.99,286.765,320.296,3.9,3.4,4.444,223301.0,771022.0,1617380.0,8943.0,15396.0,5942.0,174.78553058257853,0.14359204827675728,-1.666127010260069,0.4374246641832878,-0.041736270963498856,-0.020683649031134288,-0.009251101321585908,0.18181818181818188
2023-10-23,31.540000915527344,85.48999786376953,105.54000091552734,2.9260001182556152,2.3285000324249268,27.239999771118164,78.88999938964844,40.629703521728516,4217.0400390625,4.8379998207092285,3.369,3.826,85.49,91.88,286.765,320.296,3.9,3.4,4.545,223457.0,772394.0,1616887.0,8864.0,15189.0,6013.0,176.46649368231047,0.13356956779318915,-1.538437716296668,0.42977350059175656,-0.02711129125905154,-0.012005335704757703,-0.04079430174832721,0.13802816901408455
2023-10-30,30.68000030517578,82.30999755859375,106.12000274658203,3.3519999980926514,2.2200000286102295,27.799999237060547,76.05000305175781,38.84987258911133,4166.81982421875,4.875,3.32,3.773,83.03,90.73,286.765,320.296,3.9,3.4,4.454,223522.0,773167.0,1613836.0,8697.0,15251.0,6425.0,179.90732436472348,0.10919096733410528,-1.443965932379695,0.20338454765480346,-0.01999127860475214,0.022727272727272707,-0.0089402529437419,0.10128422582990071
2023-11-06,30.190000534057617,80.81999969482422,105.22000122070312,3.2639999389648438,2.2358999252319336,27.280000686645508,74.91000366210938,39.21132278442383,4365.97998046875,4.6620001792907715,3.245,3.684,81.54,87.31,282.146,306.714,3.7,3.4,4.366,217210.0,787036.0,1615000.0,9492.0,15235.0,6394.0,160.1843657817109,-0.7221135465863824,-0.8559678550695028,0.31633154869369845,-0.0006157068797026932,-0.0200220022002201,-0.03026344437187034,0.05071950931823532
2023-11-13,29.350000381469727,78.26000213623047,105.66000366210938,3.197000026702881,2.2358999252319336,26.8799991607666,72.91999816894531,38.43807601928711,4411.5498046875,4.631999969482422,3.212,3.645,78.86,84.09,282.146,306.714,3.7,3.4,4.294,215670.0,790628.0,1614940.0,8949.0,15399.0,6373.0,168.69929601072747,-0.98540634753313,-0.6855910444497957,0.31967275486492264,0.024254323468317907,-0.019757521329142325,-0.029346376167185495,-0.002740977615349527
2023-11-20,29.139999389648438,77.5999984741211,103.47000122070312,2.881999969482422,2.2260000705718994,23.959999084472656,72.30000305175781,38.80411148071289,4547.3798828125,4.421999931335449,3.144,3.583,78.1,83.25,282.146,306.714,3.7,3.4,4.209,216420.0,799328.0,1619403.0,8480.0,15504.0,6529.0,178.64858490566039,-0.9347854866745041,-0.32628173967516677,0.6756694271114168,0.02396110914206462,-0.01649106733852501,-0.033753375337533864,-0.0216450216450218
2023-11-27,28.389999389648438,74.86000061035156,103.19999694824219,2.7939999103546143,2.1798999309539795,23.200000762939453,69.95999908447266,38.72175598144531,4550.43017578125,4.388999938964844,3.088,3.535,74.46,79.49,282.146,306.714,3.7,3.4,4.146,218184.0,801251.0,1622622.0,8206.0,16022.0,5833.0,186.11844991469658,-0.723541268327066,-0.23638933524530745,0.9216170451033577,0.012700474818853502,-0.01979506287843502,-0.07392739273927396,-0.05944134078212293
2023-12-04,27.799999237060547,73.04000091552734,103.63999938964844,2.694000005722046,2.134200096130371,21.360000610351562,68.47000122070312,38.72175598144531,4569.77978515625,4.288000106811523,3.104,3.548,72.73,78.16,280.763,303.319,3.8,3.4,4.092,223604.0,796948.0,1621239.0,8466.0,16201.0,7508.0,184.88400661469407,0.01403380392051686,-0.396004048499391,0.7739703339873045,-0.0010172472632767882,-0.014967925873128896,-0.06915132465199814,-0.07702582368655386
2023-12-11,27.06999969482422,71.31999969482422,104.0999984741211,2.430999994277954,2.043100118637085,19.239999771118164,66.80000305175781,37.669410705566406,4622.43994140625,4.238999843597412,3.014,3.454,70.95,75.75,280.763,303.319,3.8,3.4,3.987,224013.0,792684.0,1611228.0,8859.0,16097.0,6517.0,177.00541821876058,0.059347290241175465,-0.5559166452933363,-0.0695923242880828,-0.03042491207810616,-0.01302460202604927,-0.0627576729271645,-0.09867841409691636
2023-12-18,27.790000915527344,72.47000122070312,102.51000213623047,2.503000020980835,2.1589999198913574,19.559999465942383,68.08999633789062,38.885807037353516,4740.56005859375,3.9539999961853027,2.931,3.378,72.16,78.89,280.763,303.319,3.8,3.4,3.894,226723.0,796222.0,1614562.0,8754.0,16500.0,6750.0,181.2955220470642,0.43892273517939895,-0.40918656149552546,0.20547669673403834,-0.03425959093808151,-0.025659824046920687,-0.07149510945505344,-0.13943449169004962
2023-12-25,28.010000228881836,73.55999755859375,101.69999694824219,2.609999895095825,2.1301000118255615,20.15999984741211,68.69000244140625,39.2553596496582,4754.6298828125,3.9010000228881836,3.005,3.447,73.29,80.23,280.763,303.319,3.8,3.4,3.914,226054.0,789901.0,1597571.0,9168.0,16558.0,6276.0,172.59794938917975,0.3430562466001226,-0.6498258090065904,-1.2194186797364541,-0.02656442468134912,-0.02332580887885627,-0.07483962936564492,-0.15089402529437423
2024-01-01,27.309999465942383,71.6500015258789,101.33000183105469,2.5139999389648438,2.10260009765625,20.280000686645508,66.6500015258789,38.7287483215332,4769.830078125,3.865999937057495,2.966,3.408,71.89,77.69,279.953,297.154,3.7,0.8,3.876,236954.0,785453.0,1605513.0,7954.0,16679.0,6895.0,208.53381946190598,1.863248672460077,-0.8150291096329159,-0.6123966623342405,0.0010967667229615508,0.005136106831022058,-0.055957549445248334,-0.14783365991726538
2024-01-08,27.190000534057617,70.7699966430664,102.20999908447266,2.9800000190734863,2.0278000831604004,24.040000915527344,66.4000015258789,38.6640739440918,4763.5400390625,4.001999855041504,2.945,3.394,71.06,75.47,279.953,297.154,3.7,0.8,3.828,244982.0,787397.0,1615663.0,8325.0,16518.0,6241.0,205.99087087087088,2.8576335715804255,-0.7326756657646639,0.23694995887569484,-0.014392697572187085,-0.009708737864077777,-0.05278592375366564,-0.1382836816362829
2024-01-15,27.899999618530273,72.68000030517578,102.4000015258789,3.312999963760376,2.120300054550171,27.280000686645508,68.0199966430664,38.19290542602539,4783.830078125,3.950000047683716,2.944,3.377,72.94,79.76,279.953,297.154,3.7,0.8,3.863,248065.0,785501.0,1619033.0,8269.0,16653.0,7420.0,209.99576732373927,3.0045062733010774,-0.7834878541295027,0.535291758109716,-0.031166923794332613,-0.012383900928792602,-0.039879608728367266,-0.13861386138613863
2024-01-22,28.459999084472656,75.19000244140625,103.33000183105469,2.4189999103546143,2.237799882888794,19.68000030517578,69.69000244140625,37.17202377319336,4850.43017578125,4.093999862670898,2.95,3.375,75.26,81.7,279.953,297.154,3.7,0.8,3.838,252977.0,777188.0,1597628.0,7880.0,15276.0,5580.0,224.7257614213198,3.3202311917713283,-1.0692227495461957,-1.5758332453643888,-0.04535306916762327,0.009143155694879779,-0.007960965588084234,-0.15005500550055006
2024-01-29,29.40999984741211,76.77999877929688,103.61000061035156,2.490000009536743,2.2284998893737793,19.1299991607666,72.05000305175781,38.862709045410156,4927.93017578125,4.091000080108643,2.979,3.403,77.25,83.99,279.953,297.154,3.7,0.8,3.867,254134.0,779314.0,1588923.0,8144.0,14848.0,5605.0,218.4354125736739,3.1126160636735434,-0.95074234913559,-2.366407552583964,-0.08129771241901274,-0.006471654154801998,-0.01941747572815533,-0.13830264930399638
2024-02-05,28.010000228881836,72.77999877929688,104.44999694824219,2.0820000171661377,2.209199905395508,19.25,68.18000030517578,38.483924865722656,4942.81005859375,4.164000034332275,3.021,3.438,73.21,79.3,283.331,303.183,3.9,0.8,3.899,250988.0,785449.0,1585080.0,8807.0,14840.0,6907.0,199.4908595435449,2.5316610409503473,-0.687144486439571,-2.5734339636732244,-0.07521558398506512,0.007556018759770744,-0.0023219814241486336,-0.11429225836005485
2024-02-12,29.489999771118164,76.91999816894531,104.16999816894531,1.7680000066757202,2.367300033569336,16.170000076293945,72.11000061035156,38.90890121459961,5021.83984375,4.171999931335449,3.083,3.488,77.34,83.88,283.331,303.183,3.9,0.8,4.109,247330.0,798213.0,1591013.0,8168.0,14542.0,6470.0,211.96253672869736,2.060588464943269,-0.18285042742783117,-1.8728777751156283,-0.062324989485749605,0.008275148694078194,0.01854754440961348,-0.09198882161155086
2024-02-19,29.93000030517578,79.19000244140625,104.27999877929688,1.6089999675750732,2.3359999656677246,14.989999771118164,73.41000366210938,39.52789306640625,5005.56982421875,4.295000076293945,3.159,3.566,79.65,85.52,283.331,303.183,3.9,0.8,4.109,247037.0,802475.0,1591000.0,8200.0,14574.0,6654.0,210.88524390243904,1.9872023851161587,0.008646559841270876,-1.789451470446855,-0.06497019365947754,0.05385996409335725,0.06368107688325142,-0.02375861249703004
2024-02-26,29.670000076293945,77.58000183105469,103.83000183105469,1.659000039100647,2.3055999279022217,15.619999885559082,72.79000091552734,39.84663772583008,5069.52978515625,4.298999786376953,3.145,3.553,78.53,84.01,283.331,303.183,3.9,0.8,4.058,244205.0,807417.0,1588585.0,8467.0,14674.0,6385.0,201.89382307783157,1.6754544263640248,0.24111110946108366,-1.9299958475535672,-0.05443967822565687,0.0,0.07060969254820226,-0.008924264351181876
2024-03-04,30.100000381469727,78.73999786376953,103.83000183105469,1.9160000085830688,2.585700035095215,17.299999237060547,74.01000213623047,39.82353591918945,5130.9501953125,4.218999862670898,3.243,3.641,79.67,86.58,288.688,313.054,3.9,0.8,4.022,239745.0,809490.0,1583783.0,9013.0,15268.0,7222.0,186.19937867524686,1.243041501432212,0.3717097852458294,-2.250501157622355,-0.04392707240293803,-0.012411779021659797,0.04939229376777865,-0.008308895405669592
2024-03-11,29.969999313354492,77.93000030517578,102.87000274658203,1.7589999437332153,2.5804998874664307,15.6899995803833,73.62000274658203,41.149295806884766,5117.93994140625,4.104000091552734,3.27,3.67,78.87,83.44,288.688,313.054,3.9,0.8,4.004,234083.0,808550.0,1579652.0,9044.0,15658.0,5491.0,181.17879256965944,0.726710603890756,0.3807636067244813,-2.4852436916078924,-0.03902020349821256,-0.008871365204534132,0.03154655039753784,0.0087785302232255
2024-03-18,31.649999618530273,82.72000122070312,103.58000183105469,1.7029999494552612,2.7572999000549316,15.34000015258789,77.9800033569336,42.44111251831055,5149.419921875,4.340000152587891,3.348,3.751,83.68,86.47,288.688,313.054,3.9,0.8,4.028,230773.0,807348.0,1574253.0,8809.0,15785.0,6278.0,183.38188216596663,0.4335869628266281,0.38363562374335425,-2.774692593626264,-0.015117565306180358,-0.004475385380407926,-0.0255536626916526,0.02824858757062132
2024-03-25,31.600000381469727,81.94999694824219,104.2300033569336,1.6150000095367432,2.7483999729156494,15.039999961853027,77.76000213623047,43.428340911865234,5218.18994140625,4.252999782562256,3.409,3.815,82.41,86.18,288.688,313.054,3.9,0.8,4.034,232072.0,811257.0,1580322.0,8715.0,15932.0,6702.0,186.4032128514056,0.5482424458787012,0.6375850934078051,-2.0819635892013477,0.002485868307907202,0.005994005994006013,-0.019712825504989095,0.029126213592232775
2024-04-01,32.189998626708984,83.70999908447266,105.0199966430664,1.8370000123977661,2.7100000381469727,15.390000343322754,79.66999816894531,44.28982162475586,5243.77001953125,4.328999996185303,3.401,3.818,84.54,86.17,287.611,312.728,3.9,3.6,3.996,227816.0,815058.0,1578731.0,9236.0,15897.0,6618.0,172.66262451277612,0.15503914350121947,0.8948384743037255,-2.0766701604581272,0.010470552254456367,0.001489572989076482,-0.005914243469689495,0.040763673890608754
2024-04-08,33.279998779296875,86.43000030517578,104.13999938964844,1.843999981880188,2.7486000061035156,15.40999984741211,82.19999694824219,45.384151458740234,5202.39013671875,4.423999786376953,3.448,3.863,87.24,91.73,287.611,312.728,3.9,3.6,4.061,228531.0,821494.0,1591735.0,8612.0,15782.0,6434.0,185.75441244774734,0.21038347767844318,1.2986250196577567,-1.0616353650237578,0.016934636367410105,-0.009419930589985026,-0.006464445549477893,0.043887147335423204
2024-04-15,33.22999954223633,85.41000366210938,106.20999908447266,1.690999984741211,2.783900022506714,14.140000343322754,81.6500015258789,44.345703125,5061.81982421875,4.627999782562256,3.479,3.903,86.21,90.84,287.611,312.728,3.9,3.6,4.015,227377.0,824877.0,1602406.0,8662.0,15913.0,6461.0,183.74959593627338,0.09584337530881189,1.5502127736442242,-0.289234738232896,0.005376308821825271,0.01626626626626626,0.014235764235764226,0.05125550090603159
2024-04-22,32.0,82.8499984741211,106.08000183105469,1.7910000085830688,2.6854000091552734,15.039999961853027,78.77999877929688,44.51334762573242,5010.60009765625,4.623000144958496,3.506,3.931,83.82,87.3,287.611,312.728,3.9,3.6,3.992,226743.0,819302.0,1599431.0,8423.0,15871.0,6497.0,188.43654279947762,0.0321768874835303,1.2779587302458513,-0.49714198302272755,0.0008852072040566039,-0.011327259295740078,-0.003227408142998933,0.04611776967170389
2024-04-29,32.43000030517578,82.62999725341797,105.58000183105469,2.0299999713897705,2.748699903488159,14.90999984741211,79.5,44.88587951660156,5116.169921875,4.613999843597412,3.498,3.926,84.26,88.44,287.611,312.728,3.9,3.6,3.947,227087.0,827161.0,1607883.0,8618.0,15641.0,6772.0,184.45219308424228,0.05356004108067151,1.7486589893366478,0.09438277366095878,-0.005045658498965877,-0.005728518057285137,-0.010411502231036152,0.03232479958624257
2024-05-06,31.020000457763672,78.4800033569336,105.05000305175781,2.194999933242798,2.588200092315674,16.059999465942383,75.66000366210938,43.44696044921875,5180.740234375,4.488999843597412,3.487,3.927,80.1,83.6,284.165,305.909,3.9,3.6,3.894,228002.0,826746.0,1606700.0,8797.0,15948.0,6969.0,181.42707741275433,0.12895625868627095,1.7142670987499642,0.00025003293961826733,-0.022647404213552047,-0.011272545090180386,-0.012262262262262236,0.012310848935624508
2024-05-13,31.079999923706055,79.12000274658203,105.22000122070312,2.38100004196167,2.510499954223633,17.309999465942383,76.12999725341797,43.577354431152344,5221.419921875,4.480999946594238,3.463,3.893,80.71,83.18,284.165,305.909,3.9,3.6,3.848,227767.0,824831.0,1610810.0,8875.0,16255.0,6744.0,179.64721126760563,0.09367462076205785,1.5983053009268124,0.27550781002234004,-0.01628773090369917,-0.013427919939194344,-0.04112287613888199,-0.052324166463859734
2024-05-20,31.200000762939453,79.80000305175781,104.56999969482422,2.750999927520752,2.539900064468384,19.81999969482422,76.7300033569336,43.93125915527344,5308.1298828125,4.436999797821045,3.451,3.885,81.39,81.91,284.165,305.909,3.9,3.6,3.789,226822.0,827649.0,1619299.0,9315.0,16482.0,6663.0,170.45131508319912,-0.00850893609537396,1.7659998784605502,0.8602468401556324,-0.010142730860092097,-0.011813045711350889,-0.041594022415940235,-0.06351910440496478
2024-05-27,30.610000610351562,77.72000122070312,104.72000122070312,2.5199999809265137,2.4842000007629395,19.020000457763672,75.3499984741211,42.548221588134766,5304.72021484375,4.4670000076293945,3.434,3.864,78.48,78.92,284.165,305.909,3.9,3.6,3.758,228844.0,823978.0,1632473.0,9148.0,17083.0,6769.0,175.11018801923916,0.15888976433350593,1.512015227962504,1.7607740630259348,0.015564834094314861,-0.015332640332640257,-0.05085170340681355,-0.06628881222276972
2024-06-03,29.260000228881836,74.22000122070312,104.13999938964844,2.75600004196167,2.335599899291992,18.920000076293945,71.83000183105469,42.264156341552734,5283.39990234375,4.4019999504089355,3.376,3.82,75.26,76.45,278.284,294.143,4.1,3.6,3.726,230946.0,826109.0,1646827.0,8946.0,17144.0,7058.0,180.70892018779344,0.33318932737195894,1.6004769108112897,2.665683697866558,0.0305690172238664,-0.008181578252837163,-0.04788446921712697,-0.0656389855793138
2024-06-10,30.6299991607666,77.73999786376953,105.1500015258789,2.9059998989105225,2.410900115966797,20.190000534057617,75.45999908447266,42.22225570678711,5360.7900390625,4.468999862670898,3.297,3.738,78.75,79.59,278.284,294.143,4.1,3.6,3.658,233512.0,830178.0,1658627.0,9040.0,17047.0,8304.0,180.81681415929205,0.5531247654488095,1.7766748195494426,3.2189441897532736,0.03543636359645186,-0.00851516764236293,-0.04314329738058553,-0.06943056943056936
2024-06-17,31.600000381469727,80.33000183105469,105.31999969482422,2.7880001068115234,2.446899890899658,19.15999984741211,77.79000091552734,41.10464096069336,5473.22998046875,4.2789998054504395,3.31,3.752,81.33,82.45,278.284,294.143,4.1,3.6,3.735,231232.0,828017.0,1658780.0,9386.0,16765.0,7054.0,172.45088429575964,0.3176198161431903,1.6216190835404805,2.913253278688849,0.04049442682851856,-0.018250134192163148,-0.04937629937629939,-0.09185700099304861
2024-06-24,32.2400016784668,81.62999725341797,105.47000122070312,2.811000108718872,2.5114998817443848,19.700000762939453,79.69999694824219,42.84765625,5447.8701171875,4.248000144958496,3.322,3.753,82.63,86.75,278.284,294.143,4.1,3.6,3.769,233886.0,832893.0,1668222.0,8969.0,16532.0,6611.0,182.54008250641098,0.5498784475626626,1.828773361629832,3.1862811950531484,0.04249605298117931,0.02104975396391473,-0.014251781472684133,-0.07411998016856713
2024-07-01,32.86000061035156,83.37999725341797,105.9000015258789,2.4779999256134033,2.5782999992370605,16.56999969482422,81.54000091552734,42.81010818481445,5475.08984375,4.479000091552734,3.371,3.79,84.7,86.57,278.287,294.025,4.2,3.3,3.813,231672.0,821134.0,1655662.0,9424.0,16792.0,6547.0,172.0823429541596,0.32073068441850755,1.1566925227178368,2.2259308047193644,0.03815456962665076,0.009103078982597212,0.0029270888770622783,-0.05680680680680672
2024-07-08,32.459999084472656,82.33000183105469,105.01000213623047,2.365999937057495,2.537899971008301,15.859999656677246,80.41999816894531,42.03557586669922,5572.85009765625,4.269000053405762,3.384,3.818,83.63,87.15,278.287,294.025,4.2,3.3,3.865,229666.0,818168.0,1658697.0,9398.0,17109.0,6760.0,171.06426899340283,0.11094909432906211,0.9751575872500832,2.2302847492661835,0.05221424724386936,0.011674184133722454,0.023349436392914757,-0.06106870229007633
2024-07-15,32.16999816894531,81.91000366210938,104.19000244140625,2.1579999923706055,2.4916000366210938,14.479999542236328,80.12000274658203,43.13399887084961,5631.22021484375,4.229000091552734,3.388,3.822,83.22,86.42,278.287,294.025,4.2,3.3,3.826,232994.0,813948.0,1669754.0,8783.0,16928.0,7037.0,185.6948650802687,0.40975562174002167,0.7482894287169387,2.6180891516497904,0.06094784836357969,0.013637555730396045,0.05658829961727729,-0.03735990037359882
2024-07-22,31.270000457763672,79.77999877929688,104.30999755859375,2.250999927520752,2.470599889755249,15.010000228881836,77.62000274658203,43.087059020996094,5564.41015625,4.260000228881836,3.364,3.781,81.25,83.44,278.287,294.025,4.2,3.3,3.779,227422.0,810897.0,1665878.0,9456.0,16407.0,6871.0,168.3538494077834,-0.1484171149730987,0.5870772224740568,2.2577482462288327,0.04390458103257111,-0.010090556274256146,0.02436412315930392,-0.041583166332665344
2024-07-29,30.40999984741211,75.80999755859375,104.55999755859375,1.906999945640564,2.415299892425537,13.59000015258789,75.19000244140625,42.903987884521484,5463.5400390625,4.177999973297119,3.381,3.797,77.27,80.94,278.287,294.025,4.2,3.3,3.768,223757.0,808146.0,1664122.0,9250.0,16150.0,6953.0,169.32962162162164,-0.5242981076265941,0.44502205448855797,2.0499297215498906,0.05660530459535695,-0.012284370099320485,0.0026532236667551334,-0.04256397263744616
2024-08-05,29.690000534057617,72.94000244140625,102.69000244140625,1.9420000314712524,2.3336000442504883,12.9399995803833,73.22000122070312,40.58041000366211,5186.330078125,3.7850000858306885,3.357,3.784,74.46,77.51,275.706,290.263,4.2,3.3,3.755,225097.0,805154.0,1666068.0,8967.0,16402.0,6224.0,175.71975019516003,-0.405681189666331,0.2800902897266222,2.010460828873781,0.05069523262794884,-0.0029108229690394394,-0.011801730920535158,-0.03235747303543923
2024-08-12,31.549999237060547,80.05999755859375,103.13999938964844,2.188999891281128,2.4428999423980713,14.399999618530273,78.62999725341797,42.17639923095703,5344.39013671875,3.9089999198913574,3.326,3.757,81.45,83.06,275.706,290.263,4.2,3.3,3.704,222203.0,807205.0,1663659.0,9045.0,16467.0,6285.0,171.9647318960752,-0.7148723707428761,0.3688866101264099,1.8106712019218232,0.039181333994066536,-0.003450106157112498,-0.028460543337645583,-0.02416839916839919
2024-08-19,30.010000228881836,74.37000274658203,101.88999938964844,2.234999895095825,2.2637999057769775,14.6899995803833,74.37999725341797,42.75377655029297,5608.25,3.867000102996826,3.286,3.727,75.82,81.09,275.706,290.263,4.2,3.3,3.688,220597.0,803192.0,1658445.0,9193.0,16689.0,6652.0,167.97334928750138,-0.8964067593301251,0.15601390718591915,1.5257179413744975,0.04620462769559874,-0.013581890812250252,-0.03188708834291687,-0.022433359725521185
2024-08-26,31.149999618530273,77.41999816894531,100.8499984741211,1.9559999704360962,2.279900074005127,13.329999923706055,77.83000183105469,42.81010818481445,5616.83984375,3.818000078201294,3.212,3.652,78.4,80.34,275.706,290.263,4.2,3.3,3.651,218394.0,803091.0,1656136.0,9307.0,16864.0,6560.0,164.2589448801977,-1.1301311988494804,0.13261692231104494,1.3760884595216478,0.038067096570697734,-0.004319654427645814,-0.024080444562053382,-0.018626929217668953
2024-09-02,29.950000762939453,73.55000305175781,101.69999694824219,2.127000093460083,2.211699962615967,13.369999885559082,74.33999633789062,42.84765625,5648.39990234375,3.9110000133514404,3.191,3.642,74.52,77.82,272.681,282.057,4.1,3.3,3.625,219242.0,797982.0,1649891.0,8938.0,16900.0,5792.0,171.70440814499887,-1.0488346685801413,-0.14991947026207328,1.0943308291118974,0.03914618794811453,-0.01003253796095449,-0.031050955414012704,-0.020128824476650653
2024-09-09,27.93000030517578,68.70999908447266,101.55000305175781,2.1700000762939453,1.9204000234603882,13.479999542236328,69.2699966430664,40.6649055480957,5471.0498046875,3.697000026702881,3.12,3.576,69.65,72.37,272.681,282.057,4.1,3.3,3.555,221552.0,799094.0,1659136.0,8478.0,16759.0,6867.0,182.92804906817645,-0.8334082320533823,-0.12782438719380332,1.3850514426005776,0.03919218566495464,-0.007121336620104057,-0.03462050599201061,-0.009021323127392011
2024-09-16,28.450000762939453,70.08999633789062,100.76000213623047,2.372999906539917,1.9681999683380127,14.859999656677246,70.87999725341797,40.63674545288086,5633.08984375,3.621000051498413,3.057,3.527,71.1,73.96,272.681,282.057,4.1,3.3,3.526,221621.0,798119.0,1663174.0,8776.0,16477.0,6322.0,176.7715360072926,-0.8306626961431879,-0.21085778073361042,1.4734600739868886,0.02265842830014697,-0.0193103448275862,-0.04022678185745143,-0.04819277108433728
2024-09-23,28.920000076293945,70.37000274658203,100.91999816894531,2.61299991607666,1.9902000427246094,16.09000015258789,72.25,42.1792106628418,5718.56982421875,3.739000082015991,3.074,3.532,71.33,74.95,272.681,282.057,4.1,3.3,3.539,220083.0,794935.0,1649879.0,9205.0,16353.0,6456.0,167.3634980988593,-0.9967543898709323,-0.4202043643330498,0.9572416273030662,0.009975291566085787,-0.008157524613220946,-0.04392624728850336,-0.06447333510214914
2024-09-30,28.309999465942383,68.16999816894531,100.77999877929688,2.9230000972747803,1.9621000289916992,16.329999923706055,69.91999816894531,41.554473876953125,5762.47998046875,3.802000045776367,3.087,3.549,68.75,72.35,272.681,282.057,4.1,3.3,3.544,221202.0,799484.0,1649630.0,8521.0,15691.0,6628.0,181.71740406055628,-0.8799176505193087,-0.20908810573268105,0.9197358387814745,0.005783416937149566,0.003686897334089778,-0.03067652697890977,-0.07185942827170211
2024-10-07,32.0099983215332,77.13999938964844,102.54000091552734,2.746000051498413,2.1538000106811523,15.380000114440918,79.19999694824219,44.25693130493164,5695.93994140625,4.026000022888184,3.026,3.474,77.76,81.74,273.003,281.588,4.1,1.9,3.584,214898.0,805671.0,1641911.0,9654.0,15590.0,6239.0,155.81997099647813,-1.5072541464175824,0.10795723142565702,0.6335898598719191,-0.00716559466575839,0.0014128284826222526,-0.022344827586206928,-0.0830530401034929
2024-10-14,30.6299991607666,73.83000183105469,103.30000305175781,2.49399995803833,2.108599901199341,13.989999771118164,75.93000030517578,43.90669631958008,5859.85009765625,4.0980000495910645,3.069,3.513,76.11,78.47,273.003,281.588,4.1,1.9,3.631,212697.0,804432.0,1635840.0,8620.0,15755.0,5529.0,172.72378190255222,-1.6771957461974585,0.00037232226369565875,0.41831505842996797,0.02381424323941661,0.011286681715575675,0.008157524613220835,-0.06325143753267115
2024-10-21,29.290000915527344,70.55999755859375,104.01000213623047,2.312000036239624,2.014699935913086,13.25,72.26000213623047,42.62882995605469,5853.97998046875,4.182000160217285,3.044,3.501,71.16,73.29,273.003,281.588,4.1,1.9,3.553,213575.0,810666.0,1642502.0,8838.0,16084.0,6431.0,169.15874632269743,-1.5329098798018068,0.3558220556247956,0.6303728533303223,0.020114566712877036,0.01311383928571419,0.02977878615995455,-0.03916379994707597
2024-10-28,28.459999084472656,67.37999725341797,104.31999969482422,2.309000015258789,1.9664000272750854,13.34000015258789,70.43000030517578,42.217063903808594,5823.52001953125,4.2779998779296875,3.005,3.465,67.65,71.87,273.003,281.588,4.1,1.9,3.573,210868.0,811340.0,1634198.0,9159.0,16053.0,5975.0,161.16126214652255,-1.7452950586174687,0.3677288740488899,0.33281991906046976,0.00977229229246701,-0.021481685486091973,0.00395591975134213,-0.05705944798301488
2024-11-04,29.979999542236328,71.47000122070312,103.88999938964844,2.7809998989105225,2.019200086593628,13.0600004196167,74.29000091552734,42.392189025878906,5712.68994140625,4.309000015258789,2.975,3.423,71.83,74.89,273.281,281.939,4.2,1.9,3.536,211280.0,814881.0,1634461.0,8828.0,16334.0,6240.0,167.53058450385137,-1.638944768948429,0.581570372791092,0.3285698803973486,0.02681791257992039,0.005629045876723859,0.008182844243792342,-0.048468708388814896
2024-11-11,28.670000076293945,68.04000091552734,105.54000091552734,2.9200000762939453,1.9570000171661377,13.800000190734863,70.94000244140625,44.621360778808594,6001.35009765625,4.308000087738037,2.962,3.421,70.69,72.19,273.281,281.939,4.2,1.9,3.521,206873.0,817537.0,1628553.0,9383.0,16509.0,6509.0,154.33347543429608,-2.0111981606001885,0.7409826967023151,0.11747342153903413,0.004887208206846072,-0.010355443604813885,-0.013392857142857206,-0.04535637149028082
2024-11-18,29.219999313354492,69.16000366210938,106.27999877929688,2.9730000495910645,2.0183000564575195,13.75,72.06999969482422,45.43067932128906,5893.6201171875,4.414000034332275,2.95,3.402,69.46,74.35,273.281,281.939,4.2,1.9,3.491,208927.0,819482.0,1633001.0,8419.0,16228.0,7684.0,173.71291127212257,-1.761940586887561,0.8494156204666109,0.2584201152159622,0.025548065484620075,-0.004242081447963786,-0.030294684659873283,-0.04528199566160529
2024-11-25,29.06999969482422,68.94000244140625,106.81999969482422,3.36899995803833,2.000499963760376,14.789999961853027,72.0999984741211,45.127777099609375,5987.3701171875,4.264999866485596,2.946,3.39,69.41,74.27,273.281,281.939,4.2,1.9,3.539,212241.0,818810.0,1632376.0,8506.0,16295.0,6083.0,174.66341406066306,-1.4243713457797524,0.7712084906069808,0.22854629258734072,0.013815134327122225,-0.008520306731042315,-0.017450042217844075,-0.043823609969871224
2024-12-02,28.770000457763672,68.0999984741211,106.44999694824219,3.2130000591278076,1.917199969291687,13.880000114440918,71.04000091552734,44.734954833984375,6047.14990234375,4.196000099182129,2.936,3.375,68.35,72.81,279.829,293.155,4.1,1.9,3.54,214603.0,815182.0,1629112.0,8738.0,16910.0,7290.0,171.91817349507897,-1.1915486102069093,0.4872383637902187,0.11241683066159178,-0.005332990721162334,0.01374964193640782,-0.009515813042261345,-0.02372413793103445
2024-12-09,28.829999923706055,68.37000274658203,106.1500015258789,3.181999921798706,1.9524999856948853,13.770000457763672,71.16999816894531,43.00746154785156,6052.85009765625,4.198999881744385,2.912,3.364,68.65,73.73,279.829,293.155,4.1,1.9,3.458,219689.0,814481.0,1628917.0,8810.0,16659.0,5984.0,174.5542565266742,-0.7237047995679596,0.414416598473962,0.10078275962304296,-0.00846810260963815,0.0002825656965244061,0.0011312217194570096,-0.0042194092827004814
2024-12-16,29.610000610351562,70.70999908447266,106.86000061035156,3.2139999866485596,1.9757000207901,13.949999809265137,73.69999694824219,41.29890060424805,6074.080078125,4.396999835968018,2.933,3.379,71.03,74.3,279.829,293.155,4.1,1.9,3.494,222037.0,814066.0,1626224.0,8927.0,16611.0,6649.0,174.1076509465666,-0.5120309891810587,0.3591069878802818,-0.0012048732002787736,-0.024575570259446233,-0.023163841807909535,-0.017892644135188762,-0.019285309132160977
2024-12-23,29.270000457763672,69.23999786376953,108.04000091552734,3.6559998989105225,1.9383000135421753,15.630000114440918,73.05999755859375,40.05610656738281,5974.06982421875,4.598999977111816,2.935,3.374,69.5,72.12,279.829,293.155,4.1,1.9,3.476,223667.0,810089.0,1613783.0,9008.0,16816.0,6471.0,173.80872557726465,-0.36337268128932954,0.047908935190796524,-0.42872553720613127,-0.010574113438915012,0.010410641989589298,0.0008593526210254332,-0.012715456343599829
2024-12-30,29.920000076293945,70.98999786376953,108.12999725341797,3.936000108718872,1.9763000011444092,18.030000686645508,74.81999969482422,40.35200500488281,5906.93994140625,4.545000076293945,2.914,3.365,71.73,74.24,279.829,293.155,4.1,1.9,3.503,231384.0,809171.0,1623360.0,8168.0,16857.0,6926.0,198.2967678746327,0.3016335692384691,-0.04798176038642144,-0.1168664849519192,0.003974291167975874,-0.005151688609044136,-0.017801638881039916,-0.019187358916478603
2025-01-06,30.780000686645508,73.55999755859375,108.26000213623047,3.671999931335449,2.0355000495910645,17.15999984741211,77.30000305175781,41.554683685302734,5975.3798828125,4.618000030517578,2.958,3.395,74.31,77.27,282.272,296.78,4.0,-0.6,3.561,237714.0,808459.0,1628624.0,8481.0,16902.0,6428.0,196.20304209409267,0.8571304036481945,-0.13923512081685904,0.05076970608255032,-0.012613478887977592,0.007767548906789434,-0.010451977401129908,-0.022600446428571397
2025-01-13,32.68000030517578,78.81999969482422,109.95999908447266,3.934000015258789,2.1003000736236572,18.219999313354492,82.2300033569336,43.072364807128906,5836.22021484375,4.802999973297119,2.95,3.394,79.57,82.69,282.272,296.78,4.0,-0.6,3.602,243566.0,806997.0,1625682.0,8325.0,16647.0,6124.0,204.80024024024024,1.3929894133773968,-0.2914902210266994,-0.05842280332666108,-0.022249865709196848,0.016557236654296315,0.029786003470213984,-0.019278435692646645
2025-01-20,32.650001525878906,77.87999725341797,109.3499984741211,3.947999954223633,2.1122000217437744,18.34000015258789,82.5199966430664,44.842979431152344,5996.66015625,4.609000205993652,3.011,3.444,78.56,81.68,282.272,296.78,4.0,-0.6,3.715,245898.0,806229.0,1621794.0,8086.0,15522.0,6745.0,212.87237200098937,1.6242421177588449,-0.4008234939413421,-0.19608067676623134,-0.039386447304617156,0.011513619769727645,0.030910131654264372,0.013791162397973622
2025-01-27,31.149999618530273,73.16999816894531,107.33999633789062,3.697000026702881,2.0281999111175537,17.149999618530273,77.93000030517578,43.1248664855957,6012.27978515625,4.5279998779296875,3.006,3.45,73.51,77.3,282.272,296.78,4.0,-0.6,3.659,248855.0,809940.0,1608159.0,8302.0,15189.0,6448.0,209.82715008431703,1.9446669106875745,-0.15313303635536593,-0.686159794762385,-0.06586826347305386,0.0313714602998334,0.06875719217491372,0.03974251329415046
2025-02-03,31.059999465942383,73.16000366210938,108.98999786376953,3.3519999980926514,2.1177000999450684,17.639999389648438,77.81999969482422,42.08921813964844,5994.56982421875,4.543000221252441,2.972,3.42,73.52,76.49,282.096,293.232,4.2,-0.6,3.66,251088.0,818854.0,1605706.0,8328.0,15349.0,6915.0,211.04899135446684,2.2018442176297057,0.6484692764380724,-0.7945903812703784,-0.06240399093522342,-0.015074024226110372,0.04453325720810719,0.034785067873303044
2025-02-10,31.170000076293945,72.31999969482422,108.31999969482422,3.444000005722046,2.1041998863220215,18.209999084472656,77.4000015258789,43.19645309448242,6066.43994140625,4.493000030517578,3.022,3.471,72.73,76.23,282.096,293.232,4.2,-0.6,3.665,248053.0,823173.0,1607173.0,8576.0,15431.0,6309.0,202.4686333955224,1.9200979311761273,1.0823641978351466,-0.769849892993958,-0.06575329951888365,0.0002732987154960842,0.02780117944397653,0.03947742118716291
2025-02-17,30.639999389648438,70.73999786376953,106.56999969482422,3.7249999046325684,2.089900016784668,19.649999618530273,75.81999969482422,42.986454010009766,6114.6298828125,4.4720001220703125,3.021,3.477,71.05,75.81,282.096,293.232,4.2,-0.6,3.677,247902.0,827806.0,1607364.0,8239.0,15416.0,5820.0,210.62192013593884,1.9001539711145996,1.539555560229069,-0.7836056118095157,-0.05949079909251331,0.001366120218579292,0.01749028317601331,0.04984245201947868
2025-02-24,30.639999389648438,70.69999694824219,106.5999984741211,3.99399995803833,2.010999917984009,21.239999771118164,75.97000122070312,43.40644073486328,5983.25,4.39300012588501,2.997,3.457,71.06,74.89,282.096,293.232,4.2,-0.6,3.697,248271.0,825474.0,1605146.0,8454.0,15733.0,5919.0,205.57097232079488,1.9270632139468593,1.2284709220754326,-0.8863020812724873,-0.055248570764279914,0.0032742155525238292,-0.010228802153432026,0.03899406612037293
2025-03-03,29.450000762939453,68.37000274658203,106.75,4.122000217437744,2.1877999305725098,21.950000762939453,73.31999969482422,41.91263198852539,5849.72021484375,4.179999828338623,2.951,3.406,68.63,72.85,278.906,282.129,4.2,-0.6,3.635,246838.0,829088.0,1600552.0,8877.0,15387.0,5813.0,194.6452630393151,1.765704279157626,1.5588362537694378,-1.0814814714504242,-0.05092807878348027,0.00543921675278769,0.010385351188849423,0.04435028248587569
2025-03-10,28.579999923706055,66.02999877929688,103.91000366210938,4.491000175476074,2.0924999713897705,23.829999923706055,70.88999938964844,42.03671646118164,5614.56005859375,4.2129998207092285,2.947,3.4,66.31,71.08,278.906,282.129,4.2,-0.6,3.582,241101.0,830811.0,1594870.0,9182.0,15708.0,5470.0,183.8060335438902,1.2103801488520591,1.6657003088936155,-1.3271815337172175,-0.03513439492937909,-0.016770354341357985,-0.006830601092896238,0.05118565644881423
2025-03-17,29.34000015258789,67.58000183105469,103.37000274658203,4.01800012588501,2.1812000274658203,21.219999313354492,72.70999908447266,43.52098846435547,5675.1201171875,4.306000232696533,2.943,3.401,67.84,71.93,278.906,282.129,4.2,-0.6,3.549,240574.0,832831.0,1596776.0,8817.0,15663.0,5385.0,190.99671089939886,1.1389140497987311,1.7892331090942428,-1.2900239670292089,-0.018305084745762756,-0.01458046767537824,-0.02264665757162354,0.025186033199770863
2025-03-24,30.18000030517578,69.11000061035156,104.26000213623047,3.9140000343322754,2.2065999507904053,20.65999984741211,74.87999725341797,44.65883255004883,5767.56982421875,4.330999851226807,2.999,3.45,69.46,73.96,278.906,282.129,4.2,-0.6,3.567,239128.0,829776.0,1600254.0,8643.0,15750.0,6195.0,193.6707161865093,0.9830606186887745,1.3997695155770409,-1.2089880599405531,-0.0019947501999095785,-0.009212730318257978,-0.034810987217840705,0.02100115074798614
2025-03-31,31.110000610351562,71.4800033569336,104.20999908447266,4.11899995803833,2.283099889755249,21.610000610351562,77.33000183105469,44.94742202758789,5611.85009765625,4.245999813079834,3.04,3.492,71.87,77.23,278.906,282.129,4.2,-0.6,3.592,237577.0,836226.0,1605891.0,8495.0,15558.0,6466.0,195.76680400235432,0.8292301855232875,1.9640132710304719,-1.0266143135377284,0.0035011387937480265,0.005071851225697532,-0.03516364619962131,0.018270054239223565
2025-04-07,26.829999923706055,60.70000076293945,103.26000213623047,3.6549999713897705,2.0201001167297363,19.06999969482422,65.9800033569336,37.63655471801758,5062.25,4.15500020980835,3.118,3.573,61.05,66.13,277.343,275.454,4.2,3.8,3.639,235977.0,839055.0,1607410.0,8425.0,15627.0,6189.0,196.06397626112758,0.6700930487850969,2.1204284267350606,-1.021890935292262,-0.005690092404140201,0.007008690776562965,-0.011829436038514385,0.00870541982589157
2025-04-14,27.110000610351562,61.529998779296875,99.63999938964844,3.325000047683716,2.022200107574463,17.510000228881836,66.66000366210938,38.07905578613281,5405.97021484375,4.363999843597412,3.043,3.503,61.99,67.18,277.343,275.454,4.2,3.8,3.579,234019.0,839869.0,1605634.0,8462.0,15564.0,6001.0,193.58697707397778,0.48732573730996115,2.0805992547788925,-1.129555396164744,-0.02671556244664719,0.013084632516703776,0.01591289782244565,0.010272071071626865
2025-04-21,27.809999465942383,63.08000183105469,98.27999877929688,3.0160000324249268,2.0652999877929688,16.020000457763672,68.62000274658203,38.17525100708008,5158.2001953125,4.40500020980835,3.02,3.482,63.48,69.33,277.343,275.454,4.2,3.8,3.534,229543.0,840581.0,1605365.0,9414.0,15889.0,5589.0,170.68206925855108,0.09297260560419701,2.044709296102821,-1.1475160807961706,-0.036345771751254974,-0.016488046166529213,0.008453085376162406,-0.036608344549125094
2025-04-28,27.399999618530273,62.04999923706055,99.01000213623047,3.1700000762939453,2.105799913406372,16.6200008392334,67.76000213623047,39.90677261352539,5528.75,4.216000080108643,3.013,3.485,63.3,66.13,277.343,275.454,4.2,3.8,3.514,225540.0,838950.0,1610654.0,9098.0,16078.0,5498.0,173.53044625192348,-0.25362637933246623,1.7982730931382913,-0.9306178598210123,-0.01663264485357574,-0.01257334450963965,-0.00925147182506314,-0.03416233943700464
2025-05-05,25.489999771118164,57.130001068115234,99.83000183105469,3.549999952316284,2.0227999687194824,17.979999542236328,62.369998931884766,38.71875,5650.3798828125,4.3429999351501465,3.031,3.488,58.5,61.57,275.377,269.584,4.3,3.8,3.497,225728.0,837498.0,1612398.0,8717.0,16071.0,6056.0,181.26603189170586,-0.23490873289048733,1.6190156874527197,-0.8593398398817436,-0.0006341222943934133,-0.005659309564233217,-0.02171492204899783,-0.039890710382513794
2025-05-12,27.479999542236328,61.95000076293945,101.79000091552734,3.6459999084472656,2.1331000328063965,18.350000381469727,67.5999984741211,40.681148529052734,5844.18994140625,4.456999778747559,2.986,3.449,63.32,65.28,275.377,269.584,4.3,3.8,3.476,224706.0,841480.0,1617795.0,8794.0,16401.0,5841.0,178.86536274732774,-0.31828573564627155,1.887400073004204,-0.6326409533179447,0.007784552095030595,-0.004837791690381343,-0.03902170926078585,-0.045839017735334275
2025-05-19,27.780000686645508,62.689998626708984,100.43000030517578,3.11299991607666,2.1387999057769775,15.649999618530273,68.51000213623047,40.580142974853516,5963.60009765625,4.474999904632568,3.041,3.507,63.98,66.25,275.377,269.584,4.3,3.8,3.536,225522.0,843651.0,1623569.0,8644.0,16490.0,6089.0,182.63003239241093,-0.24338236201478874,1.9732957771486284,-0.3882564727967926,0.01733801415543179,-0.0060051472690877405,-0.028778988544286177,-0.054664128365515374
2025-05-26,27.540000915527344,61.529998779296875,98.93000030517578,3.3340001106262207,2.1092000007629395,16.829999923706055,67.98999786376953,39.43540954589844,5802.81982421875,4.508999824523926,3.03,3.498,62.89,65.41,275.377,269.584,4.3,3.8,3.487,223081.0,841676.0,1623724.0,9452.0,16328.0,6351.0,165.21022005924672,-0.4492181809123635,1.7416460042924575,-0.3857452430866776,-0.0029544411254723846,0.017261219792865434,0.0005659309564234327,-0.043548823370300305
2025-06-02,27.90999984741211,62.52000045776367,98.69999694824219,3.694000005722046,2.052500009536743,16.8700008392334,69.55000305175781,39.72881317138672,5935.93994140625,4.461999893188477,3.008,3.49,63.27,66.55,276.558,269.865,4.1,3.8,3.451,228300.0,837881.0,1637159.0,8263.0,16998.0,6346.0,193.40433256686435,0.005075052610781293,1.394772567803187,0.21172758298241964,0.006391985233209496,-0.013857466063348367,-0.007683551508252617,-0.04071526822558447
2025-06-09,28.739999771118164,65.29000091552734,98.94000244140625,3.634999990463257,2.0952000617980957,16.559999465942383,72.05000305175781,40.19535827636719,6005.8798828125,4.48199987411499,2.99,3.465,65.99,68.73,276.558,269.865,4.1,3.8,3.471,229804.0,834474.0,1643559.0,9170.0,17226.0,6176.0,175.42290076335877,0.13742959033931573,1.1129182737272751,0.5025154064236168,-0.004962244266964011,-0.010324060797246903,-0.013154132113239903,-0.036571747627023976
2025-06-16,31.299999237060547,71.7699966430664,98.0,3.747999906539917,2.219899892807007,16.979999542236328,78.58999633789062,42.2491340637207,6033.10986328125,4.452000141143799,3.023,3.496,72.53,75.05,276.558,269.865,4.1,3.8,3.571,230013.0,823231.0,1637180.0,9299.0,16862.0,5504.0,173.14668243897194,0.16158795435849707,0.3009099216975857,0.23696486344140624,0.005396192408325673,0.005795421616922702,-0.0014384349827387677,-0.0219780219780219
2025-06-23,30.649999618530273,68.51000213623047,98.41999816894531,3.697999954223633,2.2181999683380127,16.84000015258789,76.41000366210938,41.71517562866211,6025.169921875,4.320000171661377,3.102,3.568,69.36,74.34,276.558,269.865,4.1,3.8,3.775,227938.0,817632.0,1633245.0,9688.0,16987.0,5944.0,164.6950867052023,-0.013369834242821965,-0.09111767462037638,0.08136827797126842,0.024125265887383618,0.028810141169691716,0.009898190045248834,0.0011213905242499767
2025-06-30,29.190000534057617,65.11000061035156,96.87999725341797,3.4560000896453857,2.0797998905181885,15.279999732971191,73.11000061035156,41.12360763549805,6204.9501953125,4.230000019073486,3.047,3.512,66.3,68.15,276.558,269.865,4.1,3.8,3.727,232126.0,821716.0,1642845.0,8640.0,17105.0,6919.0,188.06504629629632,0.354554027237228,0.22349086516900013,0.5607945060619015,0.029193748233810712,0.05712685522262673,0.08259248637797523,0.050946547884187066
2025-07-07,30.520000457763672,67.93000030517578,97.4800033569336,3.4119999408721924,2.1521999835968018,15.109999656677246,76.4800033569336,41.79275894165039,6229.97998046875,4.394999980926514,3.013,3.486,69.16,71.95,274.85,266.542,4.3,4.4,3.739,229468.0,829024.0,1649494.0,9159.0,17006.0,6013.0,175.37678785893658,0.126452652854996,0.7493134298337719,0.8900679551945868,0.041622572651694334,-0.012715231788079429,0.07997681831353232,0.024182467710909705
2025-07-14,30.34000015258789,66.9800033569336,98.08000183105469,3.4660000801086426,2.1654000282287598,15.289999961853027,75.62000274658203,42.74314880371094,6268.56005859375,4.427000045776367,3.018,3.483,68.19,70.96,274.85,266.542,4.3,4.4,3.758,232867.0,824865.0,1658540.0,8489.0,16849.0,6379.0,192.0213217104488,0.4174185272582744,0.4322225105058256,1.3354133578100562,0.04185339221406226,0.0032197477864233104,0.07721117833477376,0.044705224923162756
2025-07-21,30.31999969482422,67.19999694824219,97.8499984741211,3.325000047683716,2.1319000720977783,14.680000305175781,75.58999633789062,41.24967956542969,6305.60009765625,4.372000217437744,3.018,3.494,68.39,71.92,274.85,266.542,4.3,4.4,3.812,231129.0,821496.0,1653187.0,8967.0,16936.0,5976.0,180.42857142857142,0.2690422996997219,0.1755846855270629,1.1108148824450506,0.019565610741356876,0.005081572612998242,0.05236628395407439,0.06338426711941159
2025-07-28,30.979999542236328,66.70999908447266,98.66000366210938,2.98799991607666,2.135200023651123,13.670000076293945,77.16999816894531,42.714046478271484,6389.77001953125,4.420000076293945,3.023,3.496,67.81,70.87,274.85,266.542,4.3,4.4,3.805,228405.0,829432.0,1660512.0,9152.0,16911.0,6136.0,174.69788024475525,0.029987029666255265,0.7318701632888908,1.5013109191789409,0.0001985928279619742,0.014369345396487487,0.009801324503311282,0.0848036425725669
2025-08-04,30.510000228881836,66.29000091552734,98.77999877929688,2.931999921798706,2.1022000312805176,12.960000038146973,76.11000061035156,41.409698486328125,6329.93994140625,4.199999809265137,3.036,3.512,67.33,69.56,276.734,270.922,4.3,4.4,3.8,227082.0,826638.0,1662801.0,9040.0,17124.0,5962.0,175.8378318584071,-0.09083254339774134,0.5023583714487262,1.6259308835443436,0.014941304357316554,-0.001836306400839316,0.020928360611752073,0.08807549327995434
2025-08-11,29.700000762939453,63.959999084472656,98.5199966430664,2.9539999961853027,2.0766000747680664,13.069999694824219,73.80000305175781,40.85206985473633,6373.4501953125,4.2729997634887695,3.016,3.493,65.03,67.36,276.734,270.922,4.3,4.4,3.754,226290.0,829900.0,1670549.0,9000.0,17180.0,6920.0,176.00333333333333,-0.16196745499790585,0.7136140592192258,2.021904172477898,0.011403342215936751,-0.0013140604467806183,0.016314522599625514,0.09321058688147299
2025-08-18,29.65999984741211,63.41999816894531,98.16999816894531,2.890000104904175,2.0987000465393066,12.720000267028809,73.16999816894531,41.2399787902832,6449.14990234375,4.341000080108643,3.018,3.499,64.51,68.18,276.734,270.922,4.3,4.4,3.713,223570.0,824109.0,1666537.0,8842.0,17208.0,6497.0,176.99502375028274,-0.4025302549807275,0.26252833588588453,1.7944209950127765,0.026002173941513274,-0.01210526315789473,-0.001064395955295394,0.06165158371040724
2025-08-25,30.649999618530273,64.80000305175781,98.43000030517578,2.696000099182129,2.1482999324798584,11.949999809265137,75.75,42.84981918334961,6439.31982421875,4.275000095367432,3.038,3.507,65.18,68.29,276.734,270.922,4.3,4.4,3.708,222334.0,822493.0,1662919.0,9240.0,16880.0,6234.0,168.4348484848485,-0.5148876382897281,0.11720527340469232,1.5901075918426955,0.023239253565398243,-0.010921683537559956,-0.025970619097586467,0.06481215944938334
2025-09-01,30.31999969482422,64.01000213623047,97.7699966430664,2.996999979019165,2.1875998973846436,12.829999923706055,74.83999633789062,43.82929992675781,6460.259765625,4.2270002365112305,3.058,3.529,64.36,67.09,280.7,280.658,4.4,4.4,3.734,218539.0,825417.0,1670530.0,9117.0,16869.0,6742.0,167.79346276187343,-0.851879848221202,0.31155267490643,1.9342926666017943,0.025888284950277063,-0.001346619983840558,-0.025492772667542685,0.07447116777745588
2025-09-08,29.729999542236328,62.2599983215332,97.44999694824219,3.0899999141693115,1.9586000442504883,13.15999984741211,73.04000091552734,42.26310729980469,6495.14990234375,4.046000003814697,3.069,3.549,62.6,65.44,280.7,280.658,4.4,4.4,3.766,219997.0,829870.0,1686474.0,8508.0,16818.0,6271.0,181.00364362952516,-0.7239614132342796,0.6265619180567364,2.6080917686124936,0.02767325813742727,0.007011866235167252,-0.01736842105263159,0.07577067127628911
2025-09-15,30.360000610351562,63.29999923706055,97.30000305175781,3.0429999828338623,2.013400077819824,12.90999984741211,74.2300033569336,42.815879821777344,6615.27978515625,4.033999919891357,3.036,3.525,63.66,67.88,280.7,280.658,4.4,4.4,3.739,217650.0,821089.0,1688149.0,8810.0,16424.0,5692.0,172.93416572077183,-0.9224841895214363,-0.10511270304933895,2.5402224765945447,0.013639192479446338,0.008569898232458462,0.003196590303676139,0.05460655278633442
2025-09-22,29.950000762939453,62.63999938964844,97.33000183105469,2.805999994277954,1.9781999588012695,12.149999618530273,73.44999694824219,42.8731575012207,6693.75,4.14300012588501,3.05,3.541,62.99,66.87,280.7,280.658,4.4,4.4,3.749,216569.0,820712.0,1687905.0,8959.0,16476.0,6495.0,169.2134166759683,-1.0040698836898372,-0.17740262230771378,2.406556531714777,0.012655602112760622,-0.0071694105151354215,0.007002423915970946,-0.009536423841059571
2025-09-29,30.34000015258789,63.45000076293945,97.91000366210938,3.2669999599456787,1.9951000213623047,12.819999694824219,74.58999633789062,44.159305572509766,6661.2099609375,4.140999794006348,2.994,3.494,64.27,69.0,280.7,280.658,4.4,4.4,3.754,220694.0,823246.0,1695087.0,8518.0,16168.0,5833.0,181.3639351960554,-0.6411918576343698,-0.00829930892094021,2.556665796499019,0.005219199839207711,0.0026745119015780805,0.011057173678532983,0.005902870941776328
2025-10-06,29.790000915527344,61.689998626708984,98.11000061035156,3.3570001125335693,1.9016000032424927,13.300000190734863,72.87000274658203,43.69472885131836,6740.27978515625,4.1620001792907715,3.0,3.493,62.49,67.09,280.7,276.991,4.4,0.5,3.711,219093.0,827246.0,1694142.0,8919.0,16297.0,6403.0,171.9532458795829,-0.7766068927006937,0.31788703981080524,2.3488431302160238,-0.01178642431127519,0.0013336889837289867,0.005356186395286455,0.00401176785236701
2025-10-13,28.8700008392334,59.4900016784668,99.2699966430664,3.118000030517578,1.8437999486923218,12.180000305175781,70.27999877929688,42.242313385009766,6654.72021484375,4.051000118255615,2.932,3.442,59.75,64.15,280.7,276.991,4.4,0.5,3.665,218826.0,831530.0,1696565.0,8455.0,15130.0,5525.0,181.16877587226492,-0.8117491082246537,0.6935936445797055,2.287045396353702,0.0014945458921868937,-0.011454448588172683,-0.014604354753053661,-0.012506652474720603
2025-10-20,27.75,57.52000045776367,98.58999633789062,3.3970000743865967,1.830199956893921,12.930000305175781,67.83000183105469,42.49171829223633,6735.1298828125,3.9860000610351562,2.898,3.406,58.34,60.71,280.7,276.991,4.4,0.5,3.62,216679.0,831388.0,1693212.0,8454.0,15730.0,5918.0,179.41246747101962,-1.0176941790020206,0.6512452443499317,2.022007498313363,-0.008245955826018503,-0.012395580706009102,-0.019791388071676908,-0.03856243441762852
2025-10-27,29.700000762939453,61.310001373291016,98.77999877929688,3.441999912261963,1.9204000234603882,12.890000343322754,73.12000274658203,43.171470642089844,6875.16015625,3.996999979019165,2.92,3.413,62.13,65.52,280.7,276.991,4.4,0.5,3.718,210738.0,825063.0,1677842.0,8924.0,15219.0,5051.0,165.3032272523532,-1.548439323943748,-0.006834563138162115,1.3974643030838632,-0.021794472949702604,-0.012278308321964526,-0.03440917578020808,-0.048620236530880434
2025-11-03,29.670000076293945,61.04999923706055,99.87000274658203,4.265999794006348,1.916100025177002,13.760000228881836,72.73999786376953,43.103004455566406,6851.97021484375,4.105999946594238,2.898,3.391,61.79,65.79,284.648,284.56,4.5,0.5,3.753,206009.0,830763.0,1678973.0,8874.0,15256.0,5924.0,162.50428217263917,-1.9608711435804835,0.5437297368578273,1.381698384147558,-0.009721378923349011,0.02707182320441981,-0.009589770911028195,-0.02157894736842103
2025-11-10,29.31999969482422,60.130001068115234,99.62000274658203,4.3379998207092285,1.9710999727249146,14.100000381469727,71.68000030517578,44.18375778198242,6832.43017578125,4.110000133514404,2.927,3.403,60.94,63.01,284.648,284.56,4.5,0.5,3.837,205064.0,837974.0,1682295.0,9028.0,15973.0,5222.0,158.99955693398314,-2.003589685438565,1.2542663589424983,1.4372368630544627,-0.011103391290434916,0.009413663259817184,0.011317704122878025,-0.0002663825253063079
2025-11-17,29.329999923706055,59.90999984741211,99.58999633789062,4.361000061035156,1.9901000261306763,14.119999885559082,71.30000305175781,44.178871154785156,6672.41015625,4.132999897003174,2.939,3.42,60.66,63.16,284.648,284.56,4.5,0.5,3.868,207391.0,835081.0,1680113.0,8528.0,16232.0,5950.0,170.23182457786118,-1.7898978811459392,0.9113822191571832,1.3085360969034487,0.006005676658580095,0.022382094324540303,0.046930422919508885,0.033396175599246014
2025-11-24,28.979999542236328,58.84000015258789,100.13999938964844,4.548999786376953,1.8966000080108643,14.40999984741211,70.41999816894531,43.60670471191406,6705.1201171875,4.038000106811523,2.936,3.421,59.11,64.83,284.648,284.56,4.5,0.5,3.831,209904.0,838353.0,1682173.0,8726.0,16443.0,6436.0,168.38505615402244,-1.565475166223802,1.2088436783163543,1.3242999202116408,0.007874810037477031,0.008079228563982133,0.06850828729281755,0.04314994606256728
2025-12-01,29.190000534057617,59.31999969482422,99.41000366210938,4.921000003814697,1.868899941444397,15.210000038146973,71.05999755859375,44.658119201660156,6812.6298828125,4.0960001945495605,2.854,3.34,59.47,64.22,285.624,283.599,4.4,0.5,3.758,214422.0,839177.0,1687647.0,8326.0,16876.0,5981.0,180.2731203459044,-1.170214215544485,1.2444417194469442,1.442843536400827,0.0017469220636037175,-0.0095656670113754,0.030392684238838008,0.02597750401713972
2025-12-08,28.84000015258789,58.880001068115234,99.08999633789062,4.9120001792907715,1.7980999946594238,15.069999694824219,70.48999786376953,44.423377990722656,6846.509765625,4.171999931335449,2.819,3.299,59.04,63.3,285.624,283.599,4.4,0.5,3.665,220819.0,837613.0,1684734.0,8456.0,16860.0,6589.0,182.79718543046357,-0.6279983276264159,1.0404075056960398,1.2944159773442065,-0.012976642044320252,-0.019055077003393373,0.00133226751931792,-0.0021242697822623224
2025-12-15,27.899999618530273,56.81999969482422,98.1500015258789,4.01200008392334,1.732300043106079,12.460000038146973,67.88999938964844,44.198429107666016,6816.509765625,4.182000160217285,2.773,3.238,56.97,61.55,285.624,283.599,4.4,0.5,3.607,225627.0,836588.0,1687122.0,9078.0,16988.0,6525.0,173.97984137475214,-0.22311908691108084,0.8988841301025838,1.3155575774690704,-0.028535672334866646,-0.024747205960617302,-0.04482668751628882,-0.019791388071676908
2025-12-22,28.600000381469727,58.0099983215332,98.29000091552734,3.9649999141693115,1.7422000169754028,11.850000381469727,69.7300033569336,43.608524322509766,6878.490234375,4.169000148773193,2.72,3.198,58.18,62.22,285.624,283.599,4.4,0.5,3.544,228489.0,837793.0,1688594.0,8942.0,16776.0,6086.0,178.86636099306645,0.013639469581702493,0.9881977698910178,1.3065929662649154,-0.013164594746453151,-0.015825375170532063,-0.06747673216132355,-0.037876767137903444
2025-12-29,28.469999313354492,58.08000183105469,98.04000091552734,4.686999797821045,1.7151999473571777,13.050000190734863,69.61000061035156,44.01294708251953,6905.740234375,4.116000175476074,2.69,3.16,57.89,63.1,285.624,283.599,4.4,0.5,3.5,234334.0,836107.0,1698998.0,8563.0,16847.0,4953.0,191.5611351161976,0.5030871335544009,0.7816383293499328,1.5587669402961226,-0.006857644605422042,-0.017466038258940997,-0.07491516575306711,-0.05594033031433132
2026-01-05,28.75,58.31999969482422,98.2699966430664,3.5230000019073486,1.7200000286102295,11.630000114440918,70.22000122070312,46.2520637512207,6902.0498046875,4.164999961853027,2.681,3.149,58.1,63.0,281.436,274.547,4.3,2.1,3.477,242036.0,832520.0,1707349.0,8170.0,16909.0,6339.0,207.37478580171359,1.151453315678982,0.3653060883336673,1.7285561133548835,-0.0009606421827192957,-0.01241534988713322,-0.06865353911655137,-0.05685798976017242
2026-01-12,29.739999771118164,59.5,98.86000061035156,3.4089999198913574,1.7937999963760376,11.180000305175781,71.6500015258789,45.70954895019531,6977.27001953125,4.186999797821045,2.665,3.13,59.39,65.4,281.436,274.547,4.3,2.1,3.459,251013.0,836125.0,1713773.0,8304.0,16958.0,7092.0,211.59573699421966,1.8936888011998723,0.7449002413998804,1.8236292177861606,-0.00843879078383103,-0.006571428571428561,-0.051296043656207435,-0.051296043656207435
2026-01-19,29.84000015258789,59.439998626708984,99.38999938964844,3.1029999256134033,1.7851999998092651,10.329999923706055,71.6500015258789,47.04117965698242,6940.009765625,4.230999946594238,2.7,3.164,59.4,66.91,281.436,274.547,4.3,2.1,3.53,256990.0,840533.0,1722117.0,7834.0,16604.0,6447.0,229.63109522593822,2.340799714769646,1.2676244923422764,1.9571221746863185,-0.030477620261054827,-0.0051768766177738845,-0.04103132797338516,-0.04447513812154702
2026-01-26,30.56999969482422,60.630001068115234,97.04000091552734,6.800000190734863,1.820099949836731,14.829999923706055,73.4800033569336,48.55036544799805,6950.22998046875,4.2129998207092285,2.747,3.215,60.46,67.7,281.436,274.547,4.3,2.1,3.624,257213.0,838753.0,1715851.0,8757.0,16209.0,5642.0,205.60591526778578,2.2664430688265353,1.0470931569085922,1.6834543654303518,-0.06157312549823113,0.020526163631107153,-0.003950338600451575,-0.05056481979558902
2026-02-02,31.280000686645508,62.13999938964844,97.61000061035156,3.236999988555908,1.8514000177383423,12.699999809265137,75.33000183105469,49.36907196044922,6976.43994140625,4.275000095367432,2.747,3.222,61.6,67.72,283.223,276.754,4.4,2.1,3.681,257898.0,835512.0,1690785.0,8153.0,16029.0,6201.0,221.42597816754568,2.252218521492428,0.5853985748832888,0.9522156822205524,-0.05697693806272719,0.026628895184136026,0.035428571428571365,-0.03437250199840125
2026-02-09,32.52000045776367,64.36000061035156,96.81999969482422,3.138000011444092,1.9854999780654907,12.170000076293945,78.0199966430664,52.91023254394531,6964.81982421875,4.197999954223633,2.77,3.248,64.53,71.19,283.223,276.754,4.4,2.1,3.688,259058.0,844041.0,1689065.0,8300.0,16000.0,6805.0,218.48265060240962,2.285861483487994,1.8060775194106544,0.8713602347519205,-0.057099778114787836,0.01572847682119205,0.05867126833477143,-0.040656763096168946
2026-02-16,31.889999389648438,62.88999938964844,96.87999725341797,3.243000030517578,1.9110000133514404,12.4399995803833,76.22000122070312,53.61056900024414,6836.169921875,4.056000232696533,2.79,3.285,63.05,70.81,283.223,276.754,4.4,2.1,3.711,255845.0,835256.0,1670214.0,8749.0,16077.0,6524.0,204.6993942164819,1.9642387685467715,0.4531394510841114,0.33587855527644733,-0.05664247362006303,0.001901657158380976,0.06620410523272624,-0.04653567735263697
2026-02-23,33.88999938964844,66.30999755859375,97.69999694824219,2.984999895095825,1.9891999959945679,11.739999771118164,80.9000015258789,54.399688720703125,6837.75,4.0289998054504395,2.796,3.294,66.36,71.9,283.223,276.754,4.4,2.1,3.809,254834.0,851245.0,1681393.0,8733.0,15661.0,6659.0,204.2640558799954,1.8425839405504272,2.7471411991583943,0.611934311777011,-0.03160515492185367,0.00623644251626887,0.051274787535410704,-0.03132341425215346
2026-03-02,37.34000015258789,71.2300033569336,98.37999725341797,2.9600000381469727,2.3705999851226807,12.0,87.19000244140625,56.26397705078125,6881.6201171875,4.047999858856201,2.884,3.377,71.13,77.24,314.019,335.5,4.3,2.1,3.897,253130.0,854720.0,1684328.0,8292.0,15841.0,6324.0,213.6890979257115,1.683998476222457,2.9981127281787057,0.663707195433226,-0.03288143916308972,0.026407976286715318,0.05104856512141276,0.013571048430015997
2026-03-09,42.720001220703125,94.7699966430664,99.18000030517578,3.119999885559082,2.8083999156951904,12.3100004196167,104.33000183105469,55.553768157958984,6795.990234375,4.136000156402588,3.364,3.838,94.65,94.35,314.019,335.5,4.3,2.1,4.859,249476.0,858545.0,1682368.0,9241.0,16169.0,6422.0,188.97651769289038,1.3948145960239757,3.1967674072686503,0.5788149529228684,-0.0276730857455183,0.023103176686794402,0.05867970660146682,0.06330150068212825
2026-03-16,47.65999984741211,93.5,99.70999908447266,3.0230000019073486,3.0002999305725098,12.210000038146973,115.02999877929688,57.11227798461914,6699.3798828125,4.21999979019165,3.566,4.07,93.39,101.04,314.019,335.5,4.3,2.1,5.071,244040.0,864701.0,1682813.0,8728.0,16232.0,7194.0,195.72410632447296,0.9851662903765306,3.5760417521102656,0.5627495424255884,-0.0009503366781673517,0.24685655632537862,0.31751626898047713,0.34710285555863596
2026-03-23,47.880001068115234,88.12999725341797,98.94999694824219,2.8910000324249268,2.974900007247925,11.729999542236328,110.55999755859375,59.203041076660156,6581.0,4.334000110626221,3.788,4.29,89.33,103.79,314.019,335.5,4.3,2.1,5.375,241447.0,871627.0,1691147.0,8924.0,16598.0,6464.0,189.39141640519946,0.7955258493689544,3.8587508410290927,0.7865624774773663,-0.0013544394662147186,0.04363037662070379,0.36647803826461867,0.4308690744920993
2026-03-30,53.9900016784668,102.87999725341797,100.51000213623047,2.88700008392334,3.3515000343322754,11.680000305175781,129.8300018310547,61.516357421875,6343.72021484375,4.3420000076293945,3.814,4.321,104.69,121.88,314.019,335.5,4.3,2.1,5.401,240861.0,876700.0,1688663.0,8686.0,16379.0,6454.0,194.10856550771356,0.7498202226429411,3.801145277588435,0.6813471849239466,0.0034772497915844802,0.05994872806152629,0.4111315305854555,0.5357142857142858
2026-04-06,54.66999816894531,112.41000366210938,99.9800033569336,2.811000108718872,3.308199882507324,11.369999885559082,138.94000244140625,59.252685546875,6611.830078125,4.335000038146973,3.947,4.448,114.01,127.61,325.978,353.74,4.3,1.5,5.643,239272.0,878042.0,1688247.0,8564.0,16250.0,6324.0,195.57496496964038,0.632977645452387,3.408129975432549,0.639625081843572,0.014289128990309319,0.004837209302325451,0.38593790094944835,0.5533505895887258
2026-04-13,49.06999969482422,99.08000183105469,98.37000274658203,2.627000093460083,3.115999937057495,10.680000305175781,128.47000122070312,56.70108413696289,6886.240234375,4.296999931335449,3.962,4.447,100.72,123.28,325.978,353.74,4.3,1.5,5.608,232944.0,872985.0,1675125.0,9088.0,16042.0,5291.0,179.4242957746479,0.18873668534721152,2.6565936061373554,0.16880729205065956,-0.005314041433738925,0.044806517311609007,0.16135007203128215,0.6313963573287076
2026-04-20,47.45000076293945,89.61000061035156,98.05000305175781,2.688999891281128,3.11680006980896,10.850000381469727,121.31999969482422,54.675689697265625,7109.14013671875,4.25,3.885,4.387,91.06,103.4,325.978,353.74,4.3,1.5,5.403,228374.0,870774.0,1669195.0,9055.0,15987.0,6078.0,176.5453340695748,-0.1264725103695132,2.2976066295829405,-0.08023786921714628,0.0035684887121916198,-0.00620237462342732,0.10589627292447257,0.5886685552407931
2026-04-27,53.560001373291016,96.37000274658203,98.4800033569336,2.549999952316284,3.490999937057495,10.489999771118164,134.72000122070312,56.363521575927734,7173.91015625,4.335999965667725,3.948,4.442,99.89,113.89,325.978,353.74,4.3,1.5,5.351,222299.0,857419.0,1645112.0,9104.0,16071.0,5750.0,170.92409929701228,-0.5458426897430428,1.276330623410263,-1.035932418825463,0.00808909396451063,-0.036554921540656204,0.005209302325581255,0.49089403973509915
2026-05-04,60.130001068115234,106.41999816894531,98.47000122070312,2.867000102996826,3.7381999492645264,10.949999809265137,147.61000061035156,58.964759826660156,7200.75,4.446000099182129,4.305,4.759,109.76,118.26,338.639,378.66,4.3,1.5,5.64,219795.0,849882.0,1634013.0,8813.0,16029.0,5477.0,174.57903097696584,-0.7136751182396227,0.7474186612989524,-1.5458475267833534,0.01998146456247829,-0.009624282805848483,-0.009257544899092696,0.45368106492800875
2026-05-11,55.02000045776367,98.06999969482422,97.94000244140625,2.9100000858306885,3.5998001098632812,11.220000267028809,138.66000366210938,56.76065444946289,7412.83984375,4.409999847412109,4.353,4.807,101.56,106.11,338.639,378.66,4.3,1.5,5.639,215711.0,836971.0,1620349.0,8754.0,16399.0,5901.0,172.4899474525931,-0.9842465729241131,-0.10074381310565494,-2.171971181905063,0.026857589716966723,0.05400859652401424,-0.0005316321105794941,0.5292841648590021
2026-05-18,57.650001525878906,108.66000366210938,98.97000122070312,3.0239999294281006,3.760699987411499,11.539999961853027,149.2899932861328,60.146240234375,7403.0498046875,4.623000144958496,4.334,4.807,112.25,116.73,338.639,378.66,4.3,1.5,5.596,214163.0,819188.0,1601408.0,8767.0,16319.0,6016.0,170.9981749743356,-1.0703020193266282,-1.2372207808295013,-2.957580936088835,0.01743563230729106,-0.00017730496453893796,0.005527817403709001,0.5195365130692537
2026-05-25,55.0,96.5999984741211,99.31999969482422,2.9070000648498535,3.453900098800659,10.9399995803833,140.9199981689453,59.06404495239258,7473.47021484375,4.558000087738037,4.327,4.799,100.35,106.9,338.639,378.66,4.3,1.5,5.523,211591.0,806798.0,1584032.0,9256.0,16971.0,5212.0,160.01912273120138,-1.2186659576279333,-1.976287587474851,-3.4982336720596905,0.008961852992321662,-0.007625465508068863,0.03572089579863058,0.4691520084011551
2026-06-01,52.4900016784668,92.16000366210938,99.19999694824219,3.178999900817871,3.084700107574463,11.539999961853027,135.5,56.88972473144531,7599.9599609375,4.474999904632568,4.138,4.629,95.96,98.29,319.29,341.98,4.2,1.5,5.35,214955.0,790831.0,1573470.0,8594.0,16881.0,6397.0,175.08552478473354,-0.9641773271484114,-2.842809052646323,-3.596589417632507,0.013724622375691942,-0.01304503216583286,0.032143524574845816,0.41724403387220943
2026-06-08,51.88999938964844,91.30000305175781,100.05000305175781,3.1470000743865967,3.0706000328063965,11.369999885559082,135.14999389648438,57.912349700927734,7405.72998046875,4.552000045776367,3.986,4.481,95.0,97.46,319.29,341.98,4.2,1.5,5.21,215141.0,775677.0,1559930.0,8731.0,16962.0,5888.0,172.48734394685604,-0.9263871387598271,-3.455619474065116,-3.6618664305285553,0.006756623614903257,-0.03132355603838499,-0.0514184397163121,0.10104959868285657
2026-06-15,46.04999923706055,80.75,99.62999725341797,3.1470000743865967,2.947200059890747,11.430000305175781,121.20999908447266,55.15225601196289,7554.2900390625,4.468999862670898,3.908,4.408,84.65,84.36,319.29,341.98,4.2,1.5,5.059,214235.0,758473.0,1543113.0,9212.0,17192.0,5134.0,162.79255319148936,-0.9598537008082498,-3.9409848236028697,-3.7315946841550485,0.007069941134959956,-0.0261682242990654,-0.07607731867352374,0.02741076710707957
2026-06-22,43.119998931884766,74.81999969482422,101.0199966430664,3.253000020980835,2.986999988555908,11.770000457763672,112.69000244140625,54.060001373291016,7472.7900390625,4.508999824523926,3.771,4.267,78.94,76.49,319.29,341.98,4.2,1.5,4.832,216299.0,743325.0,1533511.0,8775.0,17111.0,5570.0,172.54621082621082,-0.7973962130197636,-4.093368547583201,-3.540070554246446,0.019942526594054044,-0.0289827255278311,-0.09596140100071482,-0.05879069767441858
2026-06-29,40.849998474121094,70.75,101.11000061035156,3.180999994277954,3.0613999366760254,11.430000305175781,107.08000183105469,53.58000183105469,7440.43017578125,4.374000072479248,3.7,4.195,71.87,71.59,319.29,341.98,4.2,1.5,4.668,213966.0,734014.0,1527225.0,9131.0,17196.0,5279.0,164.03044573431168,-0.9290678609633432,-3.8818909361069585,-3.3000484401227874,0.008253934785569017,-0.04487052777228706,-0.12511316313597676,-0.10535086095167556
2026-07-06,39.939998626708984,68.55000305175781,100.8499984741211,3.244999885559082,3.0032999515533447,11.710000038146973,104.3499984741211,53.130001068115234,7537.43017578125,4.479000091552734,3.645,4.142,69.6,69.56,319.29,341.98,4.1,1.5,4.578,212062.0,730846.0,1517075.0,8845.0,17024.0,5629.0,167.82747314867154,-1.0219427021710576,-3.4727096935732895,-3.178269234503207,0.022484088031962335,-0.0339403973509933,-0.12747663551401855,-0.1727804359383306
2026-07-13,46.0,78.13999938964844,101.27999877929688,2.8970000743865967,3.166300058364868,10.369999885559082,117.79000091552734,56.7400016784668,7515.33984375,4.609000205993652,3.728,4.222,79.2,81.62,319.29,341.98,4.1,1.5,4.796,210529.0,726169.0,1527349.0,8844.0,17123.0,5689.0,166.63308457711443,-1.0881740200822572,-3.215887063422597,-2.655580621892851,0.026442724628135572,-0.019280205655527016,-0.12130518234165066,-0.1836661911554921
2026-07-20,49.31999969482422,83.2300033569336,100.98999786376953,2.859999895095825,3.3889999389648438,10.289999961853027,125.51000213623047,57.939998626708984,7443.27978515625,4.5980000495910645,3.863,4.338,84.38,86.99,319.29,341.98,4.1,1.5,5.134,211294.0,723122.0,1533850.0,8947.0,17065.0,5806.0,165.3132893707388,-1.002081340650756,-2.9698939440751198,-2.324037572930868,0.015148191211635798,0.04761904761904767,-0.05198655860842061,-0.11234499352211724
2026-07-27,48.720001220703125,82.61000061035156,101.51000213623047,2.7669999599456787,3.3273000717163086,10.109999656677246,124.76000213623047,58.36000061035156,7413.18017578125,4.640999794006348,3.952,4.422,84.25,91.82,319.29,341.98,4.1,1.5,5.313,211301.0,712158.0,1526350.0,9041.0,17336.0,5683.0,163.59993363565977,-0.9689851673882312,-2.9858461579456947,-2.3041989732028663,0.02009828656677115,0.07047539616346965,0.0625,-0.04055316763221817
2026-08-03,47.83000183105469,80.33999633789062,99.95999908447266,2.7809998989105225,2.9667000770568848,10.109999656677246,122.12000274658203,58.790000915527344,7600.5,4.685999870300293,3.935,4.41,81.96,88.9,319.29,341.98,4.1,1.5,5.348,209658.0,711796.0,1525539.0,9031.0,17153.0,6198.0,162.5075849850515,-1.0417721656682382,-2.7130938810434477,-2.1652542615948764,0.01777927974386584,0.034865601869886964,0.1381748071979434,-0.05797872340425536
