week_date,actual,is_live,pred_part2,pred_fusion,regime_label,confidence,sleeve_spread_pct
2000-01-03,1.252,0,1.701155572218483,1.701155572218483,NORMAL,HIGH_CONF,0.0
2000-01-10,1.268,0,1.4961228174854881,1.4961228174854881,NORMAL,HIGH_CONF,0.0
2000-01-17,1.307,0,1.407315720478619,1.407315720478619,NORMAL,HIGH_CONF,0.0
2000-01-24,1.307,0,1.3820420844644767,1.3820420844644767,NORMAL,HIGH_CONF,0.0
2000-01-31,1.319,0,1.38816222569996,1.38816222569996,NORMAL,HIGH_CONF,0.0
2000-02-07,1.35,0,1.4090328986827108,1.4090328986827108,NORMAL,HIGH_CONF,0.0
2000-02-14,1.4,0,1.4569846750759576,1.4569846750759576,NORMAL,HIGH_CONF,0.0
2000-02-21,1.413,0,1.4693511529486858,1.4693511529486858,NORMAL,HIGH_CONF,0.0
2000-02-28,1.49,0,1.522244289537333,1.522244289537333,NORMAL,HIGH_CONF,0.0
2000-03-06,1.511,0,1.5349588131109613,1.5349588131109613,NORMAL,HIGH_CONF,0.0
2000-03-13,1.508,0,1.5787614937460643,1.5787614937460643,SUPPLY_SHOCK_3,LOW_CONF,0.0
2000-03-20,1.484,0,1.5764729698327913,1.5764729698327913,SUPPLY_SHOCK_3,LOW_CONF,0.0
2000-03-27,1.478,0,1.5440163696234015,1.5440163696234015,NORMAL,HIGH_CONF,0.0
2000-04-03,1.447,0,1.5103582040785608,1.5103582040785608,NORMAL,HIGH_CONF,0.0
2000-04-10,1.415,0,1.497303467917735,1.497303467917735,NORMAL,HIGH_CONF,0.0
2000-04-17,1.406,0,1.4810228722048802,1.4810228722048802,NORMAL,HIGH_CONF,0.0
2000-04-24,1.386,0,1.4744602921931982,1.4744602921931982,NORMAL,HIGH_CONF,0.0
2000-05-01,1.427,0,1.483553547791097,1.483553547791097,NORMAL,HIGH_CONF,0.0
2000-05-08,1.466,0,1.4951372797779556,1.4951372797779556,NORMAL,HIGH_CONF,0.0
2000-05-15,1.494,0,1.535842342325763,1.535842342325763,NORMAL,HIGH_CONF,0.0
2000-05-22,1.509,0,1.55100738150101,1.55100738150101,NORMAL,HIGH_CONF,0.0
2000-05-29,1.535,0,1.5720468434226351,1.5720468434226351,NORMAL,HIGH_CONF,0.0
2000-06-05,1.607,0,1.5888027996142384,1.5888027996142384,NORMAL,HIGH_CONF,0.0
2000-06-12,1.664,0,1.6397688348675041,1.6397688348675041,NORMAL,HIGH_CONF,0.0
2000-06-19,1.641,0,1.6718277718529002,1.6718277718529002,SUPPLY_SHOCK_3,LOW_CONF,0.0
2000-06-26,1.606,0,1.676814463677707,1.676814463677707,SUPPLY_SHOCK_3,LOW_CONF,0.0
2000-07-03,1.571,0,1.643065076041466,1.643065076041466,SUPPLY_SHOCK_3,LOW_CONF,0.0
2000-07-10,1.521,0,1.5807060210911854,1.5807060210911854,SUPPLY_SHOCK_3,LOW_CONF,0.0
2000-07-17,1.499,0,1.5471235385892195,1.5471235385892195,SUPPLY_SHOCK_3,LOW_CONF,0.0
2000-07-24,1.447,0,1.5158267015239528,1.5158267015239528,SUPPLY_SHOCK_3,LOW_CONF,0.0
2000-07-31,1.437,0,1.5209131760126586,1.5209131760126586,SUPPLY_SHOCK_3,LOW_CONF,0.0
2000-08-07,1.42,0,1.5043394818232718,1.5043394818232718,SUPPLY_SHOCK_3,LOW_CONF,0.0
2000-08-14,1.444,0,1.5077261715842667,1.5077261715842667,NORMAL,HIGH_CONF,0.0
2000-08-21,1.456,0,1.4997751792205218,1.4997751792205218,NORMAL,HIGH_CONF,0.0
2000-08-28,1.502,0,1.536342440340838,1.536342440340838,NORMAL,HIGH_CONF,0.0
2000-09-04,1.535,0,1.530354724344284,1.530354724344284,NORMAL,HIGH_CONF,0.0
2000-09-11,1.539,0,1.5885152209269258,1.5885152209269258,NORMAL,HIGH_CONF,0.0
2000-09-18,1.525,0,1.6068517529075645,1.6068517529075645,SUPPLY_SHOCK_3,LOW_CONF,0.0
2000-09-25,1.498,0,1.583055043599589,1.583055043599589,SUPPLY_SHOCK_3,LOW_CONF,0.0
2000-10-02,1.473,0,1.5407049762308318,1.5407049762308318,SUPPLY_SHOCK_3,LOW_CONF,0.0
2000-10-09,1.516,0,1.5310111399385478,1.5310111399385478,NORMAL,HIGH_CONF,0.0
2000-10-16,1.532,0,1.5322033784536477,1.5322033784536477,NORMAL,HIGH_CONF,0.0
2000-10-23,1.523,0,1.558342901678379,1.558342901678379,NORMAL,HIGH_CONF,0.0
2000-10-30,1.502,0,1.5650652234725722,1.5650652234725722,NORMAL,HIGH_CONF,0.0
2000-11-06,1.501,0,1.537842675608927,1.537842675608927,NORMAL,HIGH_CONF,0.0
2000-11-13,1.487,0,1.4398592219085111,1.4398592219085111,NORMAL,HIGH_CONF,0.0
2000-11-20,1.489,0,1.4760561351311146,1.4760561351311146,NORMAL,HIGH_CONF,0.0
2000-11-27,1.464,0,1.4696384702542948,1.4696384702542948,NORMAL,HIGH_CONF,0.0
2000-12-04,1.425,0,1.4716445789212331,1.4716445789212331,NORMAL,HIGH_CONF,0.0
2000-12-11,1.396,0,1.431386587854639,1.431386587854639,NORMAL,HIGH_CONF,0.0
2000-12-18,1.388,0,1.4175427692570701,1.4175427692570701,NORMAL,HIGH_CONF,0.0
2000-12-25,1.377,0,1.409316575003903,1.409316575003903,NORMAL,HIGH_CONF,0.0
2001-01-01,1.4,0,1.4172539501124286,1.4172539501124286,SUPPLY_SHOCK_3,LOW_CONF,0.0
2001-01-08,1.458,0,1.4541120296427676,1.4541120296427676,SUPPLY_SHOCK_3,LOW_CONF,0.0
2001-01-15,1.456,0,1.4807936630585574,1.4807936630585574,SUPPLY_SHOCK_3,LOW_CONF,0.0
2001-01-22,1.446,0,1.5013944203912866,1.5013944203912866,SUPPLY_SHOCK_3,LOW_CONF,0.0
2001-01-29,1.426,0,1.481266238317168,1.481266238317168,SUPPLY_SHOCK_3,LOW_CONF,0.0
2001-02-05,1.46,0,1.4684379299044124,1.4684379299044124,SUPPLY_SHOCK_3,LOW_CONF,0.0
2001-02-12,1.429,0,1.457497610861034,1.457497610861034,SUPPLY_SHOCK_3,LOW_CONF,0.0
2001-02-19,1.41,0,1.4818421471488337,1.4818421471488337,NORMAL,HIGH_CONF,0.0
2001-02-26,1.393,0,1.4466528185259193,1.4466528185259193,NORMAL,HIGH_CONF,0.0
2001-03-05,1.387,0,1.4285759709643848,1.4285759709643848,NORMAL,HIGH_CONF,0.0
2001-03-12,1.377,0,1.4253982268105914,1.4253982268105914,NORMAL,HIGH_CONF,0.0
2001-03-19,1.379,0,1.4331140205343111,1.4331140205343111,NORMAL,HIGH_CONF,0.0
2001-03-26,1.411,0,1.4278934963594851,1.4278934963594851,NORMAL,HIGH_CONF,0.0
2001-04-02,1.469,0,1.4777458685217182,1.4777458685217182,NORMAL,HIGH_CONF,0.0
2001-04-09,1.535,0,1.5060355711856772,1.5060355711856772,SUPPLY_SHOCK_3,LOW_CONF,0.0
2001-04-16,1.586,0,1.5679586459991528,1.5679586459991528,SUPPLY_SHOCK_3,LOW_CONF,0.0
2001-04-23,1.585,0,1.597310184907568,1.597310184907568,SUPPLY_SHOCK_3,LOW_CONF,0.0
2001-04-30,1.659,0,1.6390098882860247,1.6390098882860247,SUPPLY_SHOCK_3,LOW_CONF,0.0
2001-05-07,1.663,0,1.6361976786276657,1.6361976786276657,SUPPLY_SHOCK_3,LOW_CONF,0.0
2001-05-14,1.637,0,1.6566059173791978,1.6566059173791978,SUPPLY_SHOCK_3,LOW_CONF,0.0
2001-05-21,1.656,0,1.6511536072373127,1.6511536072373127,SUPPLY_SHOCK_3,LOW_CONF,0.0
2001-05-28,1.63,0,1.6419529681112484,1.6419529681112484,SUPPLY_SHOCK_3,LOW_CONF,0.0
2001-06-04,1.58,0,1.6264513460418748,1.6264513460418748,SUPPLY_SHOCK_3,LOW_CONF,0.0
2001-06-11,1.526,0,1.5495158729877416,1.5495158729877416,SUPPLY_SHOCK_3,LOW_CONF,0.0
2001-06-18,1.454,0,1.4917281067620836,1.4917281067620836,SUPPLY_SHOCK_3,LOW_CONF,0.0
2001-06-25,1.384,0,1.434892177050655,1.434892177050655,SUPPLY_SHOCK_3,LOW_CONF,0.0
2001-07-02,1.35,0,1.4063603754138354,1.4063603754138354,SUPPLY_SHOCK_3,LOW_CONF,0.0
2001-07-09,1.33,0,1.3494362794357149,1.3494362794357149,SUPPLY_SHOCK_3,LOW_CONF,0.0
2001-07-16,1.318,0,1.3528448738337078,1.3528448738337078,SUPPLY_SHOCK_3,LOW_CONF,0.0
2001-07-23,1.319,0,1.3519893673455838,1.3519893673455838,NORMAL,HIGH_CONF,0.0
2001-07-30,1.319,0,1.3439446275495361,1.3439446275495361,NORMAL,HIGH_CONF,0.0
2001-08-06,1.347,0,1.3915231067552951,1.3915231067552951,NORMAL,HIGH_CONF,0.0
2001-08-13,1.399,0,1.3951620809787832,1.3951620809787832,NORMAL,HIGH_CONF,0.0
2001-08-20,1.48,0,1.4303218529127704,1.4303218529127704,SUPPLY_SHOCK_3,LOW_CONF,0.0
2001-08-27,1.538,0,1.4710933786154432,1.4710933786154432,SUPPLY_SHOCK_3,LOW_CONF,0.0
2001-09-03,1.511,0,1.5022230262422587,1.5022230262422587,SUPPLY_SHOCK_3,LOW_CONF,0.0
2001-09-10,1.516,0,1.52334084638963,1.52334084638963,SUPPLY_SHOCK_3,LOW_CONF,0.0
2001-09-17,1.46,0,1.4716504657552263,1.4716504657552263,SUPPLY_SHOCK_3,LOW_CONF,0.0
2001-09-24,1.381,0,1.4388116975355285,1.4388116975355285,SUPPLY_SHOCK_3,LOW_CONF,0.0
2001-10-01,1.31,0,1.3450514058903305,1.3450514058903305,SUPPLY_SHOCK_3,LOW_CONF,0.0
2001-10-08,1.264,0,1.287518965683151,1.287518965683151,SUPPLY_SHOCK_3,LOW_CONF,0.0
2001-10-15,1.221,0,1.2316874178716413,1.2316874178716413,SUPPLY_SHOCK_3,LOW_CONF,0.0
2001-10-22,1.193,0,1.2141939094800287,1.2141939094800287,SUPPLY_SHOCK_3,LOW_CONF,0.0
2001-10-29,1.17,0,1.19587295834447,1.19587295834447,SUPPLY_SHOCK_3,LOW_CONF,0.0
2001-11-05,1.147,0,1.1888990557880694,1.1888990557880694,NORMAL,HIGH_CONF,0.0
2001-11-12,1.14,0,1.156484892455119,1.156484892455119,NORMAL,HIGH_CONF,0.0
2001-11-19,1.097,0,1.139712593980698,1.139712593980698,NORMAL,HIGH_CONF,0.0
2001-11-26,1.084,0,1.1218761651625426,1.1218761651625426,NORMAL,HIGH_CONF,0.0
2001-12-03,1.075,0,1.0976656390735224,1.0976656390735224,NORMAL,HIGH_CONF,0.0
2001-12-10,1.042,0,1.1000923906704516,1.1000923906704516,NORMAL,HIGH_CONF,0.0
2001-12-17,1.063,0,1.0959432642322697,1.0959432642322697,NORMAL,HIGH_CONF,0.0
2001-12-24,1.096,0,1.1078055104327524,1.1078055104327524,NORMAL,HIGH_CONF,0.0
2001-12-31,1.109,0,1.117250120423398,1.117250120423398,NORMAL,HIGH_CONF,0.0
2002-01-07,1.099,0,1.1333282343862425,1.1333282343862425,SUPPLY_SHOCK_3,LOW_CONF,0.0
2002-01-14,1.087,0,1.1362718338704352,1.1362718338704352,SUPPLY_SHOCK_3,LOW_CONF,0.0
2002-01-21,1.081,0,1.1078527814775998,1.1078527814775998,SUPPLY_SHOCK_3,LOW_CONF,0.0
2002-01-28,1.098,0,1.1108675834783934,1.1108675834783934,SUPPLY_SHOCK_3,LOW_CONF,0.0
2002-02-04,1.085,0,1.1212957843035576,1.1212957843035576,SUPPLY_SHOCK_3,LOW_CONF,0.0
2002-02-11,1.089,0,1.1321718240824967,1.1321718240824967,NORMAL,HIGH_CONF,0.0
2002-02-18,1.087,0,1.1360629997662248,1.1360629997662248,NORMAL,HIGH_CONF,0.0
2002-02-25,1.118,0,1.1564366529905845,1.1564366529905845,NORMAL,HIGH_CONF,0.0
2002-03-04,1.194,0,1.1721425644356906,1.1721425644356906,NORMAL,HIGH_CONF,0.0
2002-03-11,1.262,0,1.2605355029039373,1.2605355029039373,SUPPLY_SHOCK_3,LOW_CONF,0.0
2002-03-18,1.308,0,1.326493371161275,1.326493371161275,SUPPLY_SHOCK_3,LOW_CONF,0.0
2002-03-25,1.339,0,1.3673523409699064,1.3673523409699064,SUPPLY_SHOCK_3,LOW_CONF,0.0
2002-04-01,1.382,0,1.3874073817148695,1.3874073817148695,SUPPLY_SHOCK_3,LOW_CONF,0.0
2002-04-08,1.368,0,1.3863123762938445,1.3863123762938445,SUPPLY_SHOCK_3,LOW_CONF,0.0
2002-04-15,1.367,0,1.3986024492302112,1.3986024492302112,SUPPLY_SHOCK_3,LOW_CONF,0.0
2002-04-22,1.353,0,1.3729062635917986,1.3729062635917986,SUPPLY_SHOCK_3,LOW_CONF,0.0
2002-04-29,1.356,0,1.388529337254902,1.388529337254902,SUPPLY_SHOCK_3,LOW_CONF,0.0
2002-05-06,1.349,0,1.379404757542836,1.379404757542836,SUPPLY_SHOCK_3,LOW_CONF,0.0
2002-05-13,1.36,0,1.371162458265602,1.371162458265602,SUPPLY_SHOCK_3,LOW_CONF,0.0
2002-05-20,1.348,0,1.3823212007901367,1.3823212007901367,NORMAL,HIGH_CONF,0.0
2002-05-27,1.353,0,1.3855043050983664,1.3855043050983664,NORMAL,HIGH_CONF,0.0
2002-06-03,1.332,0,1.3615436936128005,1.3615436936128005,NORMAL,HIGH_CONF,0.0
2002-06-10,1.335,0,1.3621033153972018,1.3621033153972018,NORMAL,HIGH_CONF,0.0
2002-06-17,1.342,0,1.3455697879816193,1.3455697879816193,NORMAL,HIGH_CONF,0.0
2002-06-24,1.357,0,1.3629450868523767,1.3629450868523767,NORMAL,HIGH_CONF,0.0
2002-07-01,1.345,0,1.3715337457654346,1.3715337457654346,NORMAL,HIGH_CONF,0.0
2002-07-08,1.361,0,1.3899104402178541,1.3899104402178541,NORMAL,HIGH_CONF,0.0
2002-07-15,1.381,0,1.3793989612645825,1.3793989612645825,NORMAL,HIGH_CONF,0.0
2002-07-22,1.376,0,1.3931780136780736,1.3931780136780736,NORMAL,HIGH_CONF,0.0
2002-07-29,1.355,0,1.3951148807662501,1.3951148807662501,NORMAL,HIGH_CONF,0.0
2002-08-05,1.355,0,1.3924311405299499,1.3924311405299499,NORMAL,HIGH_CONF,0.0
2002-08-12,1.357,0,1.3704802736248927,1.3704802736248927,NORMAL,HIGH_CONF,0.0
2002-08-19,1.365,0,1.380339788768115,1.380339788768115,NORMAL,HIGH_CONF,0.0
2002-08-26,1.353,0,1.3832527030343291,1.3832527030343291,NORMAL,HIGH_CONF,0.0
2002-09-02,1.355,0,1.390628502353649,1.390628502353649,NORMAL,HIGH_CONF,0.0
2002-09-09,1.367,0,1.386056241550133,1.386056241550133,NORMAL,HIGH_CONF,0.0
2002-09-16,1.357,0,1.390937050404463,1.390937050404463,NORMAL,HIGH_CONF,0.0
2002-09-23,1.385,0,1.3974975057217824,1.3974975057217824,NORMAL,HIGH_CONF,0.0
2002-09-30,1.416,0,1.4133031206076896,1.4133031206076896,NORMAL,HIGH_CONF,0.0
2002-10-07,1.422,0,1.4251986816080064,1.4251986816080064,NORMAL,HIGH_CONF,0.0
2002-10-14,1.443,0,1.4609356361574575,1.4609356361574575,NORMAL,HIGH_CONF,0.0
2002-10-21,1.427,0,1.4601482690273362,1.4601482690273362,NORMAL,HIGH_CONF,0.0
2002-10-28,1.427,0,1.4600509326227644,1.4600509326227644,NORMAL,HIGH_CONF,0.0
2002-11-04,1.406,0,1.4404063407014889,1.4404063407014889,NORMAL,HIGH_CONF,0.0
2002-11-11,1.37,0,1.4032379389604401,1.4032379389604401,NORMAL,HIGH_CONF,0.0
2002-11-18,1.336,0,1.3702946014785438,1.3702946014785438,NORMAL,HIGH_CONF,0.0
2002-11-25,1.316,0,1.350163580287603,1.350163580287603,NORMAL,HIGH_CONF,0.0
2002-12-02,1.316,0,1.3353174573714317,1.3353174573714317,NORMAL,HIGH_CONF,0.0
2002-12-09,1.322,0,1.3528840351094662,1.3528840351094662,NORMAL,HIGH_CONF,0.0
2002-12-16,1.371,0,1.374393914821535,1.374393914821535,NORMAL,HIGH_CONF,0.0
2002-12-23,1.417,0,1.4204598886184097,1.4204598886184097,NORMAL,HIGH_CONF,0.0
2002-12-30,1.412,0,1.4483620582750587,1.4483620582750587,NORMAL,HIGH_CONF,0.0
2003-01-06,1.423,0,1.4516484849735016,1.4516484849735016,NORMAL,HIGH_CONF,0.0
2003-01-13,1.422,0,1.4596580959242216,1.4596580959242216,NORMAL,HIGH_CONF,0.0
2003-01-20,1.437,0,1.4756867358122774,1.4756867358122774,NORMAL,HIGH_CONF,0.0
2003-01-27,1.499,0,1.507844406248136,1.507844406248136,NORMAL,HIGH_CONF,0.0
2003-02-03,1.582,0,1.5557073746914407,1.5557073746914407,NORMAL,HIGH_CONF,0.0
2003-02-10,1.63,0,1.6149605896880672,1.6149605896880672,NORMAL,HIGH_CONF,0.0
2003-02-17,1.617,0,1.6517401019442568,1.6517401019442568,NORMAL,HIGH_CONF,0.0
2003-02-24,1.641,0,1.682168556982556,1.682168556982556,NORMAL,HIGH_CONF,0.0
2003-03-03,1.663,0,1.6756915230682015,1.6756915230682015,NORMAL,HIGH_CONF,0.0
2003-03-10,1.673,0,1.6788968536037734,1.6788968536037734,NORMAL,HIGH_CONF,0.0
2003-03-17,1.626,0,1.6848603177914339,1.6848603177914339,NORMAL,HIGH_CONF,0.0
2003-03-24,1.577,0,1.6592971091130002,1.6592971091130002,NORMAL,HIGH_CONF,0.0
2003-03-31,1.557,0,1.6010279137469663,1.6010279137469663,SUPPLY_SHOCK_3,LOW_CONF,0.0
2003-04-07,1.521,0,1.5715722192229138,1.5715722192229138,SUPPLY_SHOCK_3,LOW_CONF,0.0
2003-04-14,1.504,0,1.5263965554472583,1.5263965554472583,SUPPLY_SHOCK_3,LOW_CONF,0.0
2003-04-21,1.486,0,1.5012795718550436,1.5012795718550436,SUPPLY_SHOCK_3,LOW_CONF,0.0
2003-04-28,1.441,0,1.5012394662827075,1.5012394662827075,SUPPLY_SHOCK_3,LOW_CONF,0.0
2003-05-05,1.427,0,1.4734303479256683,1.4734303479256683,SUPPLY_SHOCK_3,LOW_CONF,0.0
2003-05-12,1.444,0,1.4565814907954056,1.4565814907954056,SUPPLY_SHOCK_3,LOW_CONF,0.0
2003-05-19,1.439,0,1.4596063675611917,1.4596063675611917,SUPPLY_SHOCK_3,LOW_CONF,0.0
2003-05-26,1.428,0,1.471474630461564,1.471474630461564,SUPPLY_SHOCK_3,LOW_CONF,0.0
2003-06-02,1.456,0,1.4740792680750185,1.4740792680750185,SUPPLY_SHOCK_3,LOW_CONF,0.0
2003-06-09,1.48,0,1.4824831830094098,1.4824831830094098,SUPPLY_SHOCK_3,LOW_CONF,0.0
2003-06-16,1.451,0,1.497495997235468,1.497495997235468,NORMAL,HIGH_CONF,0.0
2003-06-23,1.443,0,1.482785577108218,1.482785577108218,NORMAL,HIGH_CONF,0.0
2003-06-30,1.448,0,1.459581660743308,1.459581660743308,NORMAL,HIGH_CONF,0.0
2003-07-07,1.489,0,1.4876135860652988,1.4876135860652988,NORMAL,HIGH_CONF,0.0
2003-07-14,1.496,0,1.4967615905089457,1.4967615905089457,NORMAL,HIGH_CONF,0.0
2003-07-21,1.488,0,1.535501536842102,1.535501536842102,NORMAL,HIGH_CONF,0.0
2003-07-28,1.516,0,1.54347888411233,1.54347888411233,NORMAL,HIGH_CONF,0.0
2003-08-04,1.55,0,1.5367678768721882,1.5367678768721882,NORMAL,HIGH_CONF,0.0
2003-08-11,1.594,0,1.595478678610756,1.595478678610756,NORMAL,HIGH_CONF,0.0
2003-08-18,1.693,0,1.6406065597390471,1.6406065597390471,NORMAL,HIGH_CONF,0.0
2003-08-25,1.688,0,1.6734680597119145,1.6734680597119145,NORMAL,HIGH_CONF,0.0
2003-09-01,1.653,0,1.7103513842557483,1.7103513842557483,SUPPLY_SHOCK_3,LOW_CONF,0.0
2003-09-08,1.636,0,1.681202149675813,1.681202149675813,SUPPLY_SHOCK_3,LOW_CONF,0.0
2003-09-15,1.58,0,1.592751314207117,1.592751314207117,SUPPLY_SHOCK_3,LOW_CONF,0.0
2003-09-22,1.524,0,1.5736247268807557,1.5736247268807557,SUPPLY_SHOCK_3,LOW_CONF,0.0
2003-09-29,1.511,0,1.5268164590655022,1.5268164590655022,SUPPLY_SHOCK_3,LOW_CONF,0.0
2003-10-06,1.515,0,1.5071543877485203,1.5071543877485203,SUPPLY_SHOCK_3,LOW_CONF,0.0
2003-10-13,1.527,0,1.5084418055706017,1.5084418055706017,SUPPLY_SHOCK_3,LOW_CONF,0.0
2003-10-20,1.499,0,1.5192498055711892,1.5192498055711892,SUPPLY_SHOCK_3,LOW_CONF,0.0
2003-10-27,1.494,0,1.5143668887521813,1.5143668887521813,SUPPLY_SHOCK_3,LOW_CONF,0.0
2003-11-03,1.464,0,1.486569438317964,1.486569438317964,NORMAL,HIGH_CONF,0.0
2003-11-10,1.459,0,1.4764819118006138,1.4764819118006138,NORMAL,HIGH_CONF,0.0
2003-11-17,1.478,0,1.478550818386846,1.478550818386846,NORMAL,HIGH_CONF,0.0
2003-11-24,1.454,0,1.4796793253840579,1.4796793253840579,NORMAL,HIGH_CONF,0.0
2003-12-01,1.441,0,1.4766207837587007,1.4766207837587007,NORMAL,HIGH_CONF,0.0
2003-12-08,1.433,0,1.4674881077400357,1.4674881077400357,NORMAL,HIGH_CONF,0.0
2003-12-15,1.459,0,1.483822161539404,1.483822161539404,NORMAL,HIGH_CONF,0.0
2003-12-22,1.454,0,1.489701246696821,1.489701246696821,NORMAL,HIGH_CONF,0.0
2003-12-29,1.492,0,1.5045777945089172,1.5045777945089172,NORMAL,HIGH_CONF,0.0
2004-01-05,1.544,0,1.512924211002254,1.512924211002254,NORMAL,HIGH_CONF,0.0
2004-01-12,1.579,0,1.5762851305249739,1.5762851305249739,NORMAL,HIGH_CONF,0.0
2004-01-19,1.604,0,1.6121260578969148,1.6121260578969148,NORMAL,HIGH_CONF,0.0
2004-01-26,1.591,0,1.6083338965213665,1.6083338965213665,NORMAL,HIGH_CONF,0.0
2004-02-02,1.609,0,1.6483039845908551,1.6483039845908551,NORMAL,HIGH_CONF,0.0
2004-02-09,1.617,0,1.6295791462619265,1.6295791462619265,NORMAL,HIGH_CONF,0.0
2004-02-16,1.641,0,1.6468413292160493,1.6468413292160493,NORMAL,HIGH_CONF,0.0
2004-02-23,1.664,0,1.6708662722619612,1.6708662722619612,NORMAL,HIGH_CONF,0.0
2004-03-01,1.69,0,1.6945561869201526,1.6945561869201526,NORMAL,HIGH_CONF,0.0
2004-03-08,1.675,0,1.7156482356249627,1.7156482356249627,NORMAL,HIGH_CONF,0.0
2004-03-15,1.698,0,1.7155190527537039,1.7155190527537039,NORMAL,HIGH_CONF,0.0
2004-03-22,1.716,0,1.7254537242238748,1.7254537242238748,NORMAL,HIGH_CONF,0.0
2004-03-29,1.737,0,1.7401845955562807,1.7401845955562807,NORMAL,HIGH_CONF,0.0
2004-04-05,1.74,0,1.7533509924285078,1.7533509924285078,NORMAL,HIGH_CONF,0.0
2004-04-12,1.773,0,1.7672837991670451,1.7672837991670451,NORMAL,HIGH_CONF,0.0
2004-04-19,1.774,0,1.801080479945481,1.801080479945481,NORMAL,HIGH_CONF,0.0
2004-04-26,1.811,0,1.8187441880936561,1.8187441880936561,NORMAL,HIGH_CONF,0.0
2004-05-03,1.904,0,1.8531413212087255,1.8531413212087255,NORMAL,HIGH_CONF,0.0
2004-05-10,1.979,0,1.9246065052984056,1.9246065052984056,NORMAL,HIGH_CONF,0.0
2004-05-17,2.026,0,1.9711768716618732,1.9711768716618732,SUPPLY_SHOCK_3,LOW_CONF,0.0
2004-05-24,2.004,0,2.0204020641494904,2.0204020641494904,SUPPLY_SHOCK_3,LOW_CONF,0.0
2004-05-31,1.983,0,2.0342793490492825,2.0342793490492825,SUPPLY_SHOCK_3,LOW_CONF,0.0
2004-06-07,1.926,0,1.9666276663242148,1.9666276663242148,SUPPLY_SHOCK_3,LOW_CONF,0.0
2004-06-14,1.873,0,1.9097284364368878,1.9097284364368878,SUPPLY_SHOCK_3,LOW_CONF,0.0
2004-06-21,1.859,0,1.8666589965507419,1.8666589965507419,SUPPLY_SHOCK_3,LOW_CONF,0.0
2004-06-28,1.835,0,1.855103121335583,1.855103121335583,SUPPLY_SHOCK_3,LOW_CONF,0.0
2004-07-05,1.869,0,1.8638956987125244,1.8638956987125244,SUPPLY_SHOCK_3,LOW_CONF,0.0
2004-07-12,1.888,0,1.8700861765372616,1.8700861765372616,SUPPLY_SHOCK_3,LOW_CONF,0.0
2004-07-19,1.861,0,1.8774367211304435,1.8774367211304435,SUPPLY_SHOCK_3,LOW_CONF,0.0
2004-07-26,1.846,0,1.888837601327824,1.888837601327824,NORMAL,HIGH_CONF,0.0
2004-08-02,1.839,0,1.8616385073960742,1.8616385073960742,NORMAL,HIGH_CONF,0.0
2004-08-09,1.842,0,1.8685909718256146,1.8685909718256146,NORMAL,HIGH_CONF,0.0
2004-08-16,1.854,0,1.8586877785798972,1.8586877785798972,NORMAL,HIGH_CONF,0.0
2004-08-23,1.827,0,1.875621299994314,1.875621299994314,NORMAL,HIGH_CONF,0.0
2004-08-30,1.815,0,1.8583819483509414,1.8583819483509414,NORMAL,HIGH_CONF,0.0
2004-09-06,1.813,0,1.8266460694415851,1.8266460694415851,NORMAL,HIGH_CONF,0.0
2004-09-13,1.839,0,1.8647226912469723,1.8647226912469723,NORMAL,HIGH_CONF,0.0
2004-09-20,1.895,0,1.8681818023145458,1.8681818023145458,NORMAL,HIGH_CONF,0.0
2004-09-27,1.902,0,1.9004160604825238,1.9004160604825238,NORMAL,HIGH_CONF,0.0
2004-10-04,1.949,0,1.947895909862578,1.947895909862578,NORMAL,HIGH_CONF,0.0
2004-10-11,1.984,0,1.9634925681610547,1.9634925681610547,NORMAL,HIGH_CONF,0.0
2004-10-18,1.98,0,2.001942871771186,2.001942871771186,NORMAL,HIGH_CONF,0.0
2004-10-25,1.986,0,1.999177432396239,1.999177432396239,NORMAL,HIGH_CONF,0.0
2004-11-01,1.951,0,1.9860640568158918,1.9860640568158918,NORMAL,HIGH_CONF,0.0
2004-11-08,1.918,0,1.951951352211802,1.951951352211802,NORMAL,HIGH_CONF,0.0
2004-11-15,1.901,0,1.9357733648844007,1.9357733648844007,NORMAL,HIGH_CONF,0.0
2004-11-22,1.903,0,1.9115818257922392,1.9115818257922392,NORMAL,HIGH_CONF,0.0
2004-11-29,1.868,0,1.9097890266223239,1.9097890266223239,NORMAL,HIGH_CONF,0.0
2004-12-06,1.799,0,1.8887072835311711,1.8887072835311711,NORMAL,HIGH_CONF,0.0
2004-12-13,1.777,0,1.8123326302667158,1.8123326302667158,NORMAL,HIGH_CONF,0.0
2004-12-20,1.754,0,1.7720577421692187,1.7720577421692187,NORMAL,HIGH_CONF,0.0
2004-12-27,1.745,0,1.778784959709109,1.778784959709109,NORMAL,HIGH_CONF,0.0
2005-01-03,1.771,0,1.7575995860256404,1.7575995860256404,NORMAL,HIGH_CONF,0.0
2005-01-10,1.802,0,1.7820674201379465,1.7820674201379465,NORMAL,HIGH_CONF,0.0
2005-01-17,1.839,0,1.824767286374741,1.824767286374741,NORMAL,HIGH_CONF,0.0
2005-01-24,1.896,0,1.8644238899170358,1.8644238899170358,NORMAL,HIGH_CONF,0.0
2005-01-31,1.89,0,1.877998144212195,1.877998144212195,NORMAL,HIGH_CONF,0.0
2005-02-07,1.873,0,1.9245727948650202,1.9245727948650202,NORMAL,HIGH_CONF,0.0
2005-02-14,1.878,0,1.8958535112805954,1.8958535112805954,NORMAL,HIGH_CONF,0.0
2005-02-21,1.904,0,1.9180892219172656,1.9180892219172656,NORMAL,HIGH_CONF,0.0
2005-02-28,1.979,0,1.942735779192715,1.942735779192715,NORMAL,HIGH_CONF,0.0
2005-03-07,2.039,0,1.9880610983231572,1.9880610983231572,NORMAL,HIGH_CONF,0.0
2005-03-14,2.095,0,2.0749299053305736,2.0749299053305736,SUPPLY_SHOCK_3,LOW_CONF,0.0
2005-03-21,2.137,0,2.1222930605832957,2.1222930605832957,NORMAL,HIGH_CONF,0.0
2005-03-28,2.196,0,2.1926769680495513,2.1926769680495513,NORMAL,HIGH_CONF,0.0
2005-04-04,2.251,0,2.2081879262192547,2.2081879262192547,NORMAL,HIGH_CONF,0.0
2005-04-11,2.198,0,2.2567619796462766,2.2567619796462766,NORMAL,HIGH_CONF,0.0
2005-04-18,2.197,0,2.238335128057388,2.238335128057388,NORMAL,HIGH_CONF,0.0
2005-04-25,2.191,0,2.186001982187251,2.186001982187251,NORMAL,HIGH_CONF,0.0
2005-05-02,2.137,0,2.213732719525562,2.213732719525562,NORMAL,HIGH_CONF,0.0
2005-05-09,2.116,0,2.1597584943396027,2.1597584943396027,NORMAL,HIGH_CONF,0.0
2005-05-16,2.077,0,2.1201192465469982,2.1201192465469982,NORMAL,HIGH_CONF,0.0
2005-05-23,2.051,0,2.0907174847647525,2.0907174847647525,NORMAL,HIGH_CONF,0.0
2005-05-30,2.078,0,2.080199330617502,2.080199330617502,NORMAL,HIGH_CONF,0.0
2005-06-06,2.099,0,2.1009797812383733,2.1009797812383733,NORMAL,HIGH_CONF,0.0
2005-06-13,2.128,0,2.1322239423616347,2.1322239423616347,NORMAL,HIGH_CONF,0.0
2005-06-20,2.186,0,2.163061077648167,2.163061077648167,NORMAL,HIGH_CONF,0.0
2005-06-27,2.189,0,2.203306110249418,2.203306110249418,NORMAL,HIGH_CONF,0.0
2005-07-04,2.292,0,2.2620148114749994,2.2620148114749994,NORMAL,HIGH_CONF,0.0
2005-07-11,2.272,0,2.264626911108384,2.264626911108384,NORMAL,HIGH_CONF,0.0
2005-07-18,2.235,0,2.31564702947225,2.31564702947225,NORMAL,HIGH_CONF,0.0
2005-07-25,2.239,0,2.272328131545229,2.272328131545229,NORMAL,HIGH_CONF,0.0
2005-08-01,2.323,0,2.3185249971088155,2.3185249971088155,NORMAL,HIGH_CONF,0.0
2005-08-08,2.519,0,2.4104576779978837,2.4104576779978837,NORMAL,HIGH_CONF,0.0
2005-08-15,2.583,0,2.5073201842953616,2.5073201842953616,SUPPLY_SHOCK_3,LOW_CONF,0.0
2005-08-22,2.581,0,2.5913140450987378,2.5913140450987378,SUPPLY_SHOCK_3,LOW_CONF,0.0
2005-08-29,3.037,0,2.791544617509868,2.791544617509868,SUPPLY_SHOCK_3,LOW_CONF,0.0
2005-09-05,2.912,0,2.753713376209279,2.753713376209279,SUPPLY_SHOCK_3,LOW_CONF,0.0
2005-09-12,2.73,0,2.8275855743223257,2.8275855743223257,SUPPLY_SHOCK,LOW_CONF,0.0
2005-09-19,2.767,0,2.764928215494224,2.764928215494224,SUPPLY_SHOCK,LOW_CONF,0.0
2005-09-26,2.922,0,2.8186460814230023,2.8186460814230023,SUPPLY_SHOCK,LOW_CONF,0.0
2005-10-03,2.828,0,2.8034842316230915,2.8034842316230915,SUPPLY_SHOCK,LOW_CONF,0.0
2005-10-10,2.693,0,2.7728138389765506,2.7728138389765506,SUPPLY_SHOCK,LOW_CONF,0.0
2005-10-17,2.564,0,2.6232930100816256,2.6232930100816256,SUPPLY_SHOCK,LOW_CONF,0.0
2005-10-24,2.438,0,2.5321018298702653,2.5321018298702653,SUPPLY_SHOCK,LOW_CONF,0.0
2005-10-31,2.336,0,2.378605436605714,2.378605436605714,SUPPLY_SHOCK,LOW_CONF,0.0
2005-11-07,2.258,0,2.3191567252062537,2.3191567252062537,SUPPLY_SHOCK_3,LOW_CONF,0.0
2005-11-14,2.168,0,2.2190610289317068,2.2190610289317068,SUPPLY_SHOCK_3,LOW_CONF,0.0
2005-11-21,2.124,0,2.1754457344190343,2.1754457344190343,SUPPLY_SHOCK_3,LOW_CONF,0.0
2005-11-28,2.127,0,2.1431377150925663,2.1431377150925663,SUPPLY_SHOCK_3,LOW_CONF,0.0
2005-12-05,2.175,0,2.133619558791133,2.133619558791133,SUPPLY_SHOCK_3,LOW_CONF,0.0
2005-12-12,2.205,0,2.2056593138172627,2.2056593138172627,SUPPLY_SHOCK_3,LOW_CONF,0.0
2005-12-19,2.188,0,2.2373815236283967,2.2373815236283967,SUPPLY_SHOCK_3,LOW_CONF,0.0
2005-12-26,2.236,0,2.2399304431491487,2.2399304431491487,SUPPLY_SHOCK_3,LOW_CONF,0.0
2006-01-02,2.321,0,2.250888253882092,2.250888253882092,SUPPLY_SHOCK_3,LOW_CONF,0.0
2006-01-09,2.297,0,2.3093359354515197,2.3093359354515197,SUPPLY_SHOCK_3,LOW_CONF,0.0
2006-01-16,2.314,0,2.3410990701555745,2.3410990701555745,SUPPLY_SHOCK_3,LOW_CONF,0.0
2006-01-23,2.332,0,2.3318644116499296,2.3318644116499296,NORMAL,HIGH_CONF,0.0
2006-01-30,2.31,0,2.338832461258538,2.338832461258538,NORMAL,HIGH_CONF,0.0
2006-02-06,2.246,0,2.319012611781564,2.319012611781564,NORMAL,HIGH_CONF,0.0
2006-02-13,2.205,0,2.264916912817423,2.264916912817423,NORMAL,HIGH_CONF,0.0
2006-02-20,2.236,0,2.2252065478159824,2.2252065478159824,NORMAL,HIGH_CONF,0.0
2006-02-27,2.321,0,2.251075623849114,2.251075623849114,NORMAL,HIGH_CONF,0.0
2006-03-06,2.355,0,2.276305825795639,2.276305825795639,SUPPLY_SHOCK_3,LOW_CONF,0.0
2006-03-13,2.495,0,2.4287968507450413,2.4287968507450413,SUPPLY_SHOCK_3,LOW_CONF,0.0
2006-03-20,2.479,0,2.4422755933903932,2.4422755933903932,SUPPLY_SHOCK_3,LOW_CONF,0.0
2006-03-27,2.567,0,2.536432756836175,2.536432756836175,SUPPLY_SHOCK_3,LOW_CONF,0.0
2006-04-03,2.663,0,2.588060272329553,2.588060272329553,SUPPLY_SHOCK_3,LOW_CONF,0.0
2006-04-10,2.764,0,2.686467998753,2.686467998753,SUPPLY_SHOCK_3,LOW_CONF,0.0
2006-04-17,2.881,0,2.7892500691038924,2.7892500691038924,SUPPLY_SHOCK_3,LOW_CONF,0.0
2006-04-24,2.866,0,2.8491786348354236,2.8491786348354236,SUPPLY_SHOCK_3,LOW_CONF,0.0
2006-05-01,2.834,0,2.878835321606532,2.878835321606532,SUPPLY_SHOCK_3,LOW_CONF,0.0
2006-05-08,2.871,0,2.8584196170601115,2.8584196170601115,SUPPLY_SHOCK_3,LOW_CONF,0.0
2006-05-15,2.801,0,2.81573777560126,2.81573777560126,SUPPLY_SHOCK_3,LOW_CONF,0.0
2006-05-22,2.784,0,2.8320167714572033,2.8320167714572033,SUPPLY_SHOCK_3,LOW_CONF,0.0
2006-05-29,2.811,0,2.7957866966702607,2.7957866966702607,SUPPLY_SHOCK_3,LOW_CONF,0.0
2006-06-05,2.833,0,2.8271115330742793,2.8271115330742793,SUPPLY_SHOCK_3,LOW_CONF,0.0
2006-06-12,2.793,0,2.8248571392520176,2.8248571392520176,SUPPLY_SHOCK_3,LOW_CONF,0.0
2006-06-19,2.796,0,2.8120637258654066,2.8120637258654066,NORMAL,HIGH_CONF,0.0
2006-06-26,2.873,0,2.805427838678284,2.805427838678284,NORMAL,HIGH_CONF,0.0
2006-07-03,2.91,0,2.86163620060209,2.86163620060209,NORMAL,HIGH_CONF,0.0
2006-07-10,2.928,0,2.918186693010341,2.918186693010341,NORMAL,HIGH_CONF,0.0
2006-07-17,2.95,0,2.930114751553534,2.930114751553534,NORMAL,HIGH_CONF,0.0
2006-07-24,2.955,0,2.9657248184135363,2.9657248184135363,NORMAL,HIGH_CONF,0.0
2006-07-31,3.004,0,2.9720865628559556,2.9720865628559556,NORMAL,HIGH_CONF,0.0
2006-08-07,2.958,0,2.951086223317549,2.951086223317549,NORMAL,HIGH_CONF,0.0
2006-08-14,2.877,0,2.94440845288819,2.94440845288819,NORMAL,HIGH_CONF,0.0
2006-08-21,2.8,0,2.8405773337550335,2.8405773337550335,NORMAL,HIGH_CONF,0.0
2006-08-28,2.68,0,2.7390873216495697,2.7390873216495697,NORMAL,HIGH_CONF,0.0
2006-09-04,2.563,0,2.6504857044450385,2.6504857044450385,NORMAL,HIGH_CONF,0.0
2006-09-11,2.441,0,2.500195987810497,2.500195987810497,SUPPLY_SHOCK_3,LOW_CONF,0.0
2006-09-18,2.32,0,2.379620946732456,2.379620946732456,SUPPLY_SHOCK_3,LOW_CONF,0.0
2006-09-25,2.263,0,2.335310331894551,2.335310331894551,SUPPLY_SHOCK_3,LOW_CONF,0.0
2006-10-02,2.222,0,2.2283069584669795,2.2283069584669795,SUPPLY_SHOCK_3,LOW_CONF,0.0
2006-10-09,2.195,0,2.221324823462752,2.221324823462752,SUPPLY_SHOCK_3,LOW_CONF,0.0
2006-10-16,2.186,0,2.2113221698077647,2.2113221698077647,NORMAL,HIGH_CONF,0.0
2006-10-23,2.204,0,2.206368258391338,2.206368258391338,NORMAL,HIGH_CONF,0.0
2006-10-30,2.189,0,2.1861140214183017,2.1861140214183017,NORMAL,HIGH_CONF,0.0
2006-11-06,2.216,0,2.21118193257919,2.21118193257919,NORMAL,HIGH_CONF,0.0
2006-11-13,2.218,0,2.218320304100788,2.218320304100788,NORMAL,HIGH_CONF,0.0
2006-11-20,2.221,0,2.22911824666705,2.22911824666705,NORMAL,HIGH_CONF,0.0
2006-11-27,2.277,0,2.2476538942487228,2.2476538942487228,NORMAL,HIGH_CONF,0.0
2006-12-04,2.267,0,2.257582760537492,2.257582760537492,NORMAL,HIGH_CONF,0.0
2006-12-11,2.29,0,2.304210075053097,2.304210075053097,NORMAL,HIGH_CONF,0.0
2006-12-18,2.303,0,2.2868667488304775,2.2868667488304775,NORMAL,HIGH_CONF,0.0
2006-12-25,2.296,0,2.326578275164282,2.326578275164282,NORMAL,HIGH_CONF,0.0
2007-01-01,2.258,0,2.295960078953148,2.295960078953148,NORMAL,HIGH_CONF,0.0
2007-01-08,2.173,0,2.252706202592805,2.252706202592805,NORMAL,HIGH_CONF,0.0
2007-01-15,2.107,0,2.182193530138124,2.182193530138124,NORMAL,HIGH_CONF,0.0
2007-01-22,2.119,0,2.1408441573156334,2.1408441573156334,NORMAL,HIGH_CONF,0.0
2007-01-29,2.151,0,2.116712476404305,2.116712476404305,NORMAL,HIGH_CONF,0.0
2007-02-05,2.198,0,2.1761793493650865,2.1761793493650865,NORMAL,HIGH_CONF,0.0
2007-02-12,2.251,0,2.254721316332188,2.254721316332188,NORMAL,HIGH_CONF,0.0
2007-02-19,2.338,0,2.2937310618440305,2.2937310618440305,NORMAL,HIGH_CONF,0.0
2007-02-26,2.46,0,2.3743568892885554,2.3743568892885554,SUPPLY_SHOCK_3,LOW_CONF,0.0
2007-03-05,2.499,0,2.4412483947700436,2.4412483947700436,SUPPLY_SHOCK_3,LOW_CONF,0.0
2007-03-12,2.511,0,2.5133786353881113,2.5133786353881113,SUPPLY_SHOCK_3,LOW_CONF,0.0
2007-03-19,2.54,0,2.5503245648235557,2.5503245648235557,SUPPLY_SHOCK_3,LOW_CONF,0.0
2007-03-26,2.636,0,2.582847549139805,2.582847549139805,SUPPLY_SHOCK_3,LOW_CONF,0.0
2007-04-02,2.746,0,2.680006302719192,2.680006302719192,SUPPLY_SHOCK_3,LOW_CONF,0.0
2007-04-09,2.822,0,2.7359135928408294,2.7359135928408294,SUPPLY_SHOCK_3,LOW_CONF,0.0
2007-04-16,2.811,0,2.8000105824126087,2.8000105824126087,SUPPLY_SHOCK_3,LOW_CONF,0.0
2007-04-23,2.922,0,2.8731285183750415,2.8731285183750415,SUPPLY_SHOCK_3,LOW_CONF,0.0
2007-04-30,3.002,0,2.9090687159474617,2.9090687159474617,SUPPLY_SHOCK_3,LOW_CONF,0.0
2007-05-07,3.069,0,3.0306974919047622,3.0306974919047622,SUPPLY_SHOCK_3,LOW_CONF,0.0
2007-05-14,3.211,0,3.067437295359805,3.067437295359805,SUPPLY_SHOCK_3,LOW_CONF,0.0
2007-05-21,3.195,0,3.1144906781843877,3.1144906781843877,SUPPLY_SHOCK_3,LOW_CONF,0.0
2007-05-28,3.132,0,3.149991995377995,3.149991995377995,SUPPLY_SHOCK_3,LOW_CONF,0.0
2007-06-04,3.04,0,3.1043578520812,3.1043578520812,SUPPLY_SHOCK_3,LOW_CONF,0.0
2007-06-11,2.974,0,3.0116425398059548,3.0116425398059548,SUPPLY_SHOCK_3,LOW_CONF,0.0
2007-06-18,2.951,0,2.9496069936634663,2.9496069936634663,SUPPLY_SHOCK_3,LOW_CONF,0.0
2007-06-25,2.933,0,2.95425648212598,2.95425648212598,SUPPLY_SHOCK_3,LOW_CONF,0.0
2007-07-02,2.971,0,2.9752710809933745,2.9752710809933745,SUPPLY_SHOCK_3,LOW_CONF,0.0
2007-07-09,3.046,0,2.975478158736346,2.975478158736346,SUPPLY_SHOCK_3,LOW_CONF,0.0
2007-07-16,2.938,0,2.982226704126518,2.982226704126518,SUPPLY_SHOCK_3,LOW_CONF,0.0
2007-07-23,2.849,0,2.9068698072395014,2.9068698072395014,SUPPLY_SHOCK_3,LOW_CONF,0.0
2007-07-30,2.816,0,2.847243249296648,2.847243249296648,SUPPLY_SHOCK_3,LOW_CONF,0.0
2007-08-06,2.752,0,2.7848693397075164,2.7848693397075164,SUPPLY_SHOCK_3,LOW_CONF,0.0
2007-08-13,2.783,0,2.747328099388866,2.747328099388866,NORMAL,HIGH_CONF,0.0
2007-08-20,2.756,0,2.74617909482297,2.74617909482297,NORMAL,HIGH_CONF,0.0
2007-08-27,2.818,0,2.7768057439306846,2.7768057439306846,NORMAL,HIGH_CONF,0.0
2007-09-03,2.84,0,2.7945538021866714,2.7945538021866714,NORMAL,HIGH_CONF,0.0
2007-09-10,2.792,0,2.817260457741165,2.817260457741165,NORMAL,HIGH_CONF,0.0
2007-09-17,2.816,0,2.81307032363561,2.81307032363561,NORMAL,HIGH_CONF,0.0
2007-09-24,2.784,0,2.793686172511087,2.793686172511087,NORMAL,HIGH_CONF,0.0
2007-10-01,2.761,0,2.79375320197501,2.79375320197501,NORMAL,HIGH_CONF,0.0
2007-10-08,2.746,0,2.7629235716597647,2.7629235716597647,NORMAL,HIGH_CONF,0.0
2007-10-15,2.806,0,2.779348180959662,2.779348180959662,NORMAL,HIGH_CONF,0.0
2007-10-22,2.859,0,2.8412807926374914,2.8412807926374914,NORMAL,HIGH_CONF,0.0
2007-10-29,3.007,0,2.9028929584405914,2.9028929584405914,NORMAL,HIGH_CONF,0.0
2007-11-05,3.101,0,2.984726773697615,2.984726773697615,NORMAL,HIGH_CONF,0.0
2007-11-12,3.077,0,3.0431318737596937,3.0431318737596937,NORMAL,HIGH_CONF,0.0
2007-11-19,3.072,0,3.072420662611308,3.072420662611308,NORMAL,HIGH_CONF,0.0
2007-11-26,3.029,0,3.04250045664487,3.04250045664487,NORMAL,HIGH_CONF,0.0
2007-12-03,2.957,0,3.0205326875659306,3.0205326875659306,NORMAL,HIGH_CONF,0.0
2007-12-10,2.962,0,2.949404690960195,2.949404690960195,NORMAL,HIGH_CONF,0.0
2007-12-17,2.943,0,2.9449641556297577,2.9449641556297577,NORMAL,HIGH_CONF,0.0
2007-12-24,3.028,0,3.0012976085068583,3.0012976085068583,NORMAL,HIGH_CONF,0.0
2007-12-31,3.088,0,3.0225648684061466,3.0225648684061466,NORMAL,HIGH_CONF,0.0
2008-01-07,3.041,0,3.054128005641545,3.054128005641545,NORMAL,HIGH_CONF,0.0
2008-01-14,2.991,0,3.0306042352268996,3.0306042352268996,NORMAL,HIGH_CONF,0.0
2008-01-21,2.953,0,2.984104734661358,2.984104734661358,NORMAL,HIGH_CONF,0.0
2008-01-28,2.966,0,2.964895085491035,2.964895085491035,NORMAL,HIGH_CONF,0.0
2008-02-04,2.947,0,2.961535622547775,2.961535622547775,NORMAL,HIGH_CONF,0.0
2008-02-11,3.035,0,3.003823229525684,3.003823229525684,NORMAL,HIGH_CONF,0.0
2008-02-18,3.115,0,3.0509830481792077,3.0509830481792077,NORMAL,HIGH_CONF,0.0
2008-02-25,3.137,0,3.1091922128517693,3.1091922128517693,NORMAL,HIGH_CONF,0.0
2008-03-03,3.2,0,3.1742732383768586,3.1742732383768586,NORMAL,HIGH_CONF,0.0
2008-03-10,3.257,0,3.2201991700355777,3.2201991700355777,NORMAL,HIGH_CONF,0.0
2008-03-17,3.224,0,3.2391267444940732,3.2391267444940732,NORMAL,HIGH_CONF,0.0
2008-03-24,3.259,0,3.2396646314146347,3.2396646314146347,NORMAL,HIGH_CONF,0.0
2008-03-31,3.299,0,3.274202029288225,3.274202029288225,NORMAL,HIGH_CONF,0.0
2008-04-07,3.35,0,3.307312589668741,3.307312589668741,NORMAL,HIGH_CONF,0.0
2008-04-14,3.467,0,3.4182188813007723,3.4182188813007723,NORMAL,HIGH_CONF,0.0
2008-04-21,3.566,0,3.477780079907818,3.477780079907818,NORMAL,HIGH_CONF,0.0
2008-04-28,3.571,0,3.574727577497093,3.574727577497093,NORMAL,HIGH_CONF,0.0
2008-05-05,3.694,0,3.6641685838755986,3.6641685838755986,NORMAL,HIGH_CONF,0.0
2008-05-12,3.762,0,3.7073483342565527,3.7073483342565527,NORMAL,HIGH_CONF,0.0
2008-05-19,3.913,0,3.827642064466567,3.827642064466567,NORMAL,HIGH_CONF,0.0
2008-05-26,3.932,0,3.8642523673184783,3.8642523673184783,NORMAL,HIGH_CONF,0.0
2008-06-02,3.979,0,3.9498147784694067,3.9498147784694067,NORMAL,HIGH_CONF,0.0
2008-06-09,4.007,0,3.9767631258381835,3.9767631258381835,NORMAL,HIGH_CONF,0.0
2008-06-16,4.002,0,4.000856195025442,4.000856195025442,NORMAL,HIGH_CONF,0.0
2008-06-23,4.027,0,4.015430870702798,4.015430870702798,NORMAL,HIGH_CONF,0.0
2008-06-30,4.051,0,4.032400432190671,4.032400432190671,NORMAL,HIGH_CONF,0.0
2008-07-07,4.054,0,4.029546022017928,4.029546022017928,NORMAL,HIGH_CONF,0.0
2008-07-14,4.005,0,4.01601991051834,4.01601991051834,NORMAL,HIGH_CONF,0.0
2008-07-21,3.896,0,3.9731194005339825,3.9731194005339825,NORMAL,HIGH_CONF,0.0
2008-07-28,3.828,0,3.860890645500418,3.860890645500418,NORMAL,HIGH_CONF,0.0
2008-08-04,3.764,0,3.7825317113395123,3.7825317113395123,NORMAL,HIGH_CONF,0.0
2008-08-11,3.706,0,3.7089947387336775,3.7089947387336775,NORMAL,HIGH_CONF,0.0
2008-08-18,3.66,0,3.646914407466342,3.646914407466342,NORMAL,HIGH_CONF,0.0
2008-08-25,3.667,0,3.6229451133089876,3.6229451133089876,NORMAL,HIGH_CONF,0.0
2008-09-01,3.637,0,3.622434576262509,3.622434576262509,NORMAL,HIGH_CONF,0.0
2008-09-08,3.867,0,3.7318109533867725,3.7318109533867725,NORMAL,HIGH_CONF,0.0
2008-09-15,3.732,0,3.620339210387045,3.620339210387045,NORMAL,HIGH_CONF,0.0
2008-09-22,3.644,0,3.6257466111316523,3.6257466111316523,SUPPLY_SHOCK_3,LOW_CONF,0.0
2008-09-29,3.485,0,3.5411494426779364,3.5411494426779364,SUPPLY_SHOCK,LOW_CONF,0.0
2008-10-06,3.109,0,3.2590337432208436,3.2590337432208436,SUPPLY_SHOCK_3,LOW_CONF,0.0
2008-10-13,2.855,0,3.0052302362279497,3.0052302362279497,SUPPLY_SHOCK_3,LOW_CONF,0.0
2008-10-20,2.589,0,2.725122838745967,2.725122838745967,SUPPLY_SHOCK_3,LOW_CONF,0.0
2008-10-27,2.34,0,2.47478616942765,2.47478616942765,SUPPLY_SHOCK_3,LOW_CONF,0.0
2008-11-03,2.17,0,2.2567808797716773,2.2567808797716773,SUPPLY_SHOCK_3,LOW_CONF,0.0
2008-11-10,2.027,0,2.083489106411112,2.083489106411112,SUPPLY_SHOCK_3,LOW_CONF,0.0
2008-11-17,1.857,0,1.9508153344419248,1.9508153344419248,SUPPLY_SHOCK_3,LOW_CONF,0.0
2008-11-24,1.79,0,1.8463563440257234,1.8463563440257234,SUPPLY_SHOCK_3,LOW_CONF,0.0
2008-12-01,1.681,0,1.7396469532098398,1.7396469532098398,SUPPLY_SHOCK_3,LOW_CONF,0.0
2008-12-08,1.648,0,1.7126148437680135,1.7126148437680135,SUPPLY_SHOCK_3,LOW_CONF,0.0
2008-12-15,1.635,0,1.6431621180315947,1.6431621180315947,SUPPLY_SHOCK_3,LOW_CONF,0.0
2008-12-22,1.59,0,1.642482623198629,1.642482623198629,SUPPLY_SHOCK_3,LOW_CONF,0.0
2008-12-29,1.672,0,1.6534897041195047,1.6534897041195047,SUPPLY_SHOCK_3,LOW_CONF,0.0
2009-01-05,1.772,0,1.7117297017902007,1.7117297017902007,SUPPLY_SHOCK_3,LOW_CONF,0.0
2009-01-12,1.832,0,1.821442838009379,1.821442838009379,SUPPLY_SHOCK,LOW_CONF,0.0
2009-01-19,1.813,0,1.8086333195261055,1.8086333195261055,SUPPLY_SHOCK,LOW_CONF,0.0
2009-01-26,1.871,0,1.878263763417074,1.878263763417074,SUPPLY_SHOCK,LOW_CONF,0.0
2009-02-02,1.897,0,1.8867346286522866,1.8867346286522866,SUPPLY_SHOCK,LOW_CONF,0.0
2009-02-09,1.931,0,1.9116202342609494,1.9116202342609494,SUPPLY_SHOCK_3,LOW_CONF,0.0
2009-02-16,1.868,0,1.91806604858291,1.91806604858291,SUPPLY_SHOCK_3,LOW_CONF,0.0
2009-02-23,1.91,0,1.9416037741789098,1.9416037741789098,SUPPLY_SHOCK_3,LOW_CONF,0.0
2009-03-02,1.918,0,1.8744471467239718,1.8744471467239718,SUPPLY_SHOCK_3,LOW_CONF,0.0
2009-03-09,1.885,0,1.9241280056903303,1.9241280056903303,SUPPLY_SHOCK_3,LOW_CONF,0.0
2009-03-16,1.944,0,1.9438297013987942,1.9438297013987942,SUPPLY_SHOCK_3,LOW_CONF,0.0
2009-03-23,2.03,0,1.9742604437881877,1.9742604437881877,SUPPLY_SHOCK_3,LOW_CONF,0.0
2009-03-30,2.011,0,2.016824043313271,2.016824043313271,SUPPLY_SHOCK_3,LOW_CONF,0.0
2009-04-06,2.025,0,2.034724290264296,2.034724290264296,SUPPLY_SHOCK_3,LOW_CONF,0.0
2009-04-13,2.031,0,2.053405851994619,2.053405851994619,SUPPLY_SHOCK_3,LOW_CONF,0.0
2009-04-20,2.016,0,2.051679147600727,2.051679147600727,SUPPLY_SHOCK_3,LOW_CONF,0.0
2009-04-27,2.045,0,2.0604195991365746,2.0604195991365746,SUPPLY_SHOCK_3,LOW_CONF,0.0
2009-05-04,2.218,0,2.126253044219823,2.126253044219823,SUPPLY_SHOCK_3,LOW_CONF,0.0
2009-05-11,2.281,0,2.2323607847526383,2.2323607847526383,SUPPLY_SHOCK_3,LOW_CONF,0.0
2009-05-18,2.414,0,2.3622782140441307,2.3622782140441307,SUPPLY_SHOCK_3,LOW_CONF,0.0
2009-05-25,2.502,0,2.423082061692282,2.423082061692282,SUPPLY_SHOCK_3,LOW_CONF,0.0
2009-06-01,2.6,0,2.5197165217939346,2.5197165217939346,SUPPLY_SHOCK_3,LOW_CONF,0.0
2009-06-08,2.639,0,2.601948660907856,2.601948660907856,SUPPLY_SHOCK_3,LOW_CONF,0.0
2009-06-15,2.65,0,2.6286323948684025,2.6286323948684025,SUPPLY_SHOCK_3,LOW_CONF,0.0
2009-06-22,2.593,0,2.630017038165243,2.630017038165243,SUPPLY_SHOCK_3,LOW_CONF,0.0
2009-06-29,2.563,0,2.5949416248935666,2.5949416248935666,SUPPLY_SHOCK_3,LOW_CONF,0.0
2009-07-06,2.479,0,2.5257825759848846,2.5257825759848846,SUPPLY_SHOCK_3,LOW_CONF,0.0
2009-07-13,2.411,0,2.4514836609675568,2.4514836609675568,SUPPLY_SHOCK_3,LOW_CONF,0.0
2009-07-20,2.46,0,2.431673770737447,2.431673770737447,SUPPLY_SHOCK_3,LOW_CONF,0.0
2009-07-27,2.511,0,2.469505759461271,2.469505759461271,SUPPLY_SHOCK_3,LOW_CONF,0.0
2009-08-03,2.596,0,2.547275581855795,2.547275581855795,SUPPLY_SHOCK_3,LOW_CONF,0.0
2009-08-10,2.58,0,2.5961552940315507,2.5961552940315507,SUPPLY_SHOCK_3,LOW_CONF,0.0
2009-08-17,2.572,0,2.6133240060119096,2.6133240060119096,SUPPLY_SHOCK_3,LOW_CONF,0.0
2009-08-24,2.553,0,2.5655444079512377,2.5655444079512377,SUPPLY_SHOCK_3,LOW_CONF,0.0
2009-08-31,2.519,0,2.576191375391489,2.576191375391489,SUPPLY_SHOCK_3,LOW_CONF,0.0
2009-09-07,2.499,0,2.546061587589983,2.546061587589983,NORMAL,HIGH_CONF,0.0
2009-09-14,2.477,0,2.4828994033003884,2.4828994033003884,NORMAL,HIGH_CONF,0.0
2009-09-21,2.425,0,2.465949650871064,2.465949650871064,NORMAL,HIGH_CONF,0.0
2009-09-28,2.396,0,2.4529920220788495,2.4529920220788495,NORMAL,HIGH_CONF,0.0
2009-10-05,2.432,0,2.4186825100167195,2.4186825100167195,NORMAL,HIGH_CONF,0.0
2009-10-12,2.532,0,2.469642559421479,2.469642559421479,NORMAL,HIGH_CONF,0.0
2009-10-19,2.641,0,2.524545735430121,2.524545735430121,NORMAL,HIGH_CONF,0.0
2009-10-26,2.66,0,2.6023878411468475,2.6023878411468475,NORMAL,HIGH_CONF,0.0
2009-11-02,2.627,0,2.6112257184861916,2.6112257184861916,NORMAL,HIGH_CONF,0.0
2009-11-09,2.585,0,2.6162397017449996,2.6162397017449996,NORMAL,HIGH_CONF,0.0
2009-11-16,2.603,0,2.5963887521433087,2.5963887521433087,NORMAL,HIGH_CONF,0.0
2009-11-23,2.594,0,2.573531472581507,2.573531472581507,NORMAL,HIGH_CONF,0.0
2009-11-30,2.601,0,2.588958549598235,2.588958549598235,NORMAL,HIGH_CONF,0.0
2009-12-07,2.56,0,2.5782802196395735,2.5782802196395735,NORMAL,HIGH_CONF,0.0
2009-12-14,2.546,0,2.5629707483586213,2.5629707483586213,NORMAL,HIGH_CONF,0.0
2009-12-21,2.564,0,2.53174551145491,2.53174551145491,NORMAL,HIGH_CONF,0.0
2009-12-28,2.627,0,2.5753972354117205,2.5753972354117205,NORMAL,HIGH_CONF,0.0
2010-01-04,2.717,0,2.644573738279069,2.644573738279069,NORMAL,HIGH_CONF,0.0
2010-01-11,2.703,0,2.67894050063912,2.67894050063912,NORMAL,HIGH_CONF,0.0
2010-01-18,2.666,0,2.7011396877556684,2.7011396877556684,NORMAL,HIGH_CONF,0.0
2010-01-25,2.618,0,2.6517259667512074,2.6517259667512074,NORMAL,HIGH_CONF,0.0
2010-02-01,2.611,0,2.6373720765336044,2.6373720765336044,NORMAL,HIGH_CONF,0.0
2010-02-08,2.563,0,2.5758779854745693,2.5758779854745693,NORMAL,HIGH_CONF,0.0
2010-02-15,2.621,0,2.5959685162998705,2.5959685162998705,NORMAL,HIGH_CONF,0.0
2010-02-22,2.671,0,2.608772768540698,2.608772768540698,NORMAL,HIGH_CONF,0.0
2010-03-01,2.721,0,2.6887562769045323,2.6887562769045323,NORMAL,HIGH_CONF,0.0
2010-03-08,2.76,0,2.7194798771506066,2.7194798771506066,NORMAL,HIGH_CONF,0.0
2010-03-15,2.792,0,2.7902776458931235,2.7902776458931235,NORMAL,HIGH_CONF,0.0
2010-03-22,2.765,0,2.789951185705575,2.789951185705575,NORMAL,HIGH_CONF,0.0
2010-03-29,2.795,0,2.8130863792510707,2.8130863792510707,NORMAL,HIGH_CONF,0.0
2010-04-05,2.829,0,2.8053670706111813,2.8053670706111813,NORMAL,HIGH_CONF,0.0
2010-04-12,2.831,0,2.847658316152893,2.847658316152893,NORMAL,HIGH_CONF,0.0
2010-04-19,2.815,0,2.8361318222757212,2.8361318222757212,NORMAL,HIGH_CONF,0.0
2010-04-26,2.864,0,2.844277174725008,2.844277174725008,NORMAL,HIGH_CONF,0.0
2010-05-03,2.87,0,2.8672415486279546,2.8672415486279546,NORMAL,HIGH_CONF,0.0
2010-05-10,2.823,0,2.886856968333827,2.886856968333827,NORMAL,HIGH_CONF,0.0
2010-05-17,2.741,0,2.793225089754646,2.793225089754646,NORMAL,HIGH_CONF,0.0
2010-05-24,2.679,0,2.731235142482297,2.731235142482297,NORMAL,HIGH_CONF,0.0
2010-05-31,2.674,0,2.6810927810119014,2.6810927810119014,NORMAL,HIGH_CONF,0.0
2010-06-07,2.652,0,2.670621951043266,2.670621951043266,NORMAL,HIGH_CONF,0.0
2010-06-14,2.696,0,2.6683039082692246,2.6683039082692246,NORMAL,HIGH_CONF,0.0
2010-06-21,2.712,0,2.6867000761327375,2.6867000761327375,NORMAL,HIGH_CONF,0.0
2010-06-28,2.676,0,2.6967572760292553,2.6967572760292553,NORMAL,HIGH_CONF,0.0
2010-07-05,2.666,0,2.7086447203826642,2.7086447203826642,NORMAL,HIGH_CONF,0.0
2010-07-12,2.672,0,2.668931096719624,2.668931096719624,NORMAL,HIGH_CONF,0.0
2010-07-19,2.703,0,2.692177112944742,2.692177112944742,NORMAL,HIGH_CONF,0.0
2010-07-26,2.687,0,2.694552047876977,2.694552047876977,NORMAL,HIGH_CONF,0.0
2010-08-02,2.74,0,2.7282142773390126,2.7282142773390126,NORMAL,HIGH_CONF,0.0
2010-08-09,2.696,0,2.726314055549687,2.726314055549687,NORMAL,HIGH_CONF,0.0
2010-08-16,2.653,0,2.7212375001159725,2.7212375001159725,NORMAL,HIGH_CONF,0.0
2010-08-23,2.64,0,2.6360150210498805,2.6360150210498805,NORMAL,HIGH_CONF,0.0
2010-08-30,2.647,0,2.624547264307313,2.624547264307313,NORMAL,HIGH_CONF,0.0
2010-09-06,2.695,0,2.644011376871794,2.644011376871794,NORMAL,HIGH_CONF,0.0
2010-09-13,2.703,0,2.6602221377828714,2.6602221377828714,NORMAL,HIGH_CONF,0.0
2010-09-20,2.668,0,2.698287132833944,2.698287132833944,NORMAL,HIGH_CONF,0.0
2010-09-27,2.705,0,2.6863292438999373,2.6863292438999373,NORMAL,HIGH_CONF,0.0
2010-10-04,2.793,0,2.68589047014222,2.68589047014222,NORMAL,HIGH_CONF,0.0
2010-10-11,2.795,0,2.7543327456383278,2.7543327456383278,NORMAL,HIGH_CONF,0.0
2010-10-18,2.772,0,2.7966511135858116,2.7966511135858116,NORMAL,HIGH_CONF,0.0
2010-10-25,2.76,0,2.7989578023550976,2.7989578023550976,NORMAL,HIGH_CONF,0.0
2010-11-01,2.832,0,2.7866398526216845,2.7866398526216845,NORMAL,HIGH_CONF,0.0
2010-11-08,2.849,0,2.7877138761336635,2.7877138761336635,NORMAL,HIGH_CONF,0.0
2010-11-15,2.828,0,2.8328341788699087,2.8328341788699087,NORMAL,HIGH_CONF,0.0
2010-11-22,2.805,0,2.8297488174927863,2.8297488174927863,NORMAL,HIGH_CONF,0.0
2010-11-29,2.917,0,2.8397828045860747,2.8397828045860747,NORMAL,HIGH_CONF,0.0
2010-12-06,2.937,0,2.869911903499691,2.869911903499691,NORMAL,HIGH_CONF,0.0
2010-12-13,2.934,0,2.948563805967739,2.948563805967739,NORMAL,HIGH_CONF,0.0
2010-12-20,3.015,0,2.959845825759384,2.959845825759384,NORMAL,HIGH_CONF,0.0
2010-12-27,3.034,0,2.989188423317316,2.989188423317316,NORMAL,HIGH_CONF,0.0
2011-01-03,3.052,0,3.036074796821179,3.036074796821179,NORMAL,HIGH_CONF,0.0
2011-01-10,3.068,0,3.0295502114845596,3.0295502114845596,NORMAL,HIGH_CONF,0.0
2011-01-17,3.074,0,3.054558898408012,3.054558898408012,NORMAL,HIGH_CONF,0.0
2011-01-24,3.061,0,3.0681383665527964,3.0681383665527964,NORMAL,HIGH_CONF,0.0
2011-01-31,3.094,0,3.0506954954096406,3.0506954954096406,NORMAL,HIGH_CONF,0.0
2011-02-07,3.095,0,3.0940843813794325,3.0940843813794325,NORMAL,HIGH_CONF,0.0
2011-02-14,3.141,0,3.121700710419185,3.121700710419185,NORMAL,HIGH_CONF,0.0
2011-02-21,3.341,0,3.2222011903984633,3.2222011903984633,NORMAL,HIGH_CONF,0.0
2011-02-28,3.473,0,3.311983972985158,3.311983972985158,NORMAL,HIGH_CONF,0.0
2011-03-07,3.517,0,3.4247980517959795,3.4247980517959795,SUPPLY_SHOCK_3,LOW_CONF,0.0
2011-03-14,3.507,0,3.5249602764629944,3.5249602764629944,SUPPLY_SHOCK_3,LOW_CONF,0.0
2011-03-21,3.538,0,3.543053539356065,3.543053539356065,SUPPLY_SHOCK_3,LOW_CONF,0.0
2011-03-28,3.635,0,3.5858940996427306,3.5858940996427306,SUPPLY_SHOCK_3,LOW_CONF,0.0
2011-04-04,3.743,0,3.646410083239257,3.646410083239257,NORMAL,HIGH_CONF,0.0
2011-04-11,3.787,0,3.7444044956711036,3.7444044956711036,NORMAL,HIGH_CONF,0.0
2011-04-18,3.817,0,3.800943037800014,3.800943037800014,NORMAL,HIGH_CONF,0.0
2011-04-25,3.906,0,3.8637130632177534,3.8637130632177534,NORMAL,HIGH_CONF,0.0
2011-05-02,3.907,0,3.8794033227037565,3.8794033227037565,NORMAL,HIGH_CONF,0.0
2011-05-09,3.905,0,3.8929199346740546,3.8929199346740546,NORMAL,HIGH_CONF,0.0
2011-05-16,3.788,0,3.8311573370431167,3.8311573370431167,SUPPLY_SHOCK_3,LOW_CONF,0.0
2011-05-23,3.741,0,3.7589819251647074,3.7589819251647074,SUPPLY_SHOCK_3,LOW_CONF,0.0
2011-05-30,3.738,0,3.71091594331721,3.71091594331721,SUPPLY_SHOCK_3,LOW_CONF,0.0
2011-06-06,3.664,0,3.6703350781033652,3.6703350781033652,SUPPLY_SHOCK_3,LOW_CONF,0.0
2011-06-13,3.597,0,3.6168332228580775,3.6168332228580775,SUPPLY_SHOCK_3,LOW_CONF,0.0
2011-06-20,3.513,0,3.5771195418991306,3.5771195418991306,SUPPLY_SHOCK_3,LOW_CONF,0.0
2011-06-27,3.534,0,3.538737491339934,3.538737491339934,SUPPLY_SHOCK_3,LOW_CONF,0.0
2011-07-04,3.608,0,3.5329978787230125,3.5329978787230125,SUPPLY_SHOCK_3,LOW_CONF,0.0
2011-07-11,3.648,0,3.6084341465489005,3.6084341465489005,SUPPLY_SHOCK_3,LOW_CONF,0.0
2011-07-18,3.667,0,3.628254292305112,3.628254292305112,SUPPLY_SHOCK_3,LOW_CONF,0.0
2011-07-25,3.684,0,3.644338920651803,3.644338920651803,SUPPLY_SHOCK_3,LOW_CONF,0.0
2011-08-01,3.646,0,3.6677394426200527,3.6677394426200527,SUPPLY_SHOCK_3,LOW_CONF,0.0
2011-08-08,3.576,0,3.621129898839545,3.621129898839545,SUPPLY_SHOCK_3,LOW_CONF,0.0
2011-08-15,3.552,0,3.5300046937594507,3.5300046937594507,SUPPLY_SHOCK_3,LOW_CONF,0.0
2011-08-22,3.601,0,3.5747636974461288,3.5747636974461288,SUPPLY_SHOCK_3,LOW_CONF,0.0
2011-08-29,3.643,0,3.5606046053138414,3.5606046053138414,SUPPLY_SHOCK_3,LOW_CONF,0.0
2011-09-05,3.629,0,3.586935075190524,3.586935075190524,SUPPLY_SHOCK_3,LOW_CONF,0.0
2011-09-12,3.56,0,3.570725739130271,3.570725739130271,SUPPLY_SHOCK_3,LOW_CONF,0.0
2011-09-19,3.461,0,3.4921982281467767,3.4921982281467767,SUPPLY_SHOCK_3,LOW_CONF,0.0
2011-09-26,3.381,0,3.436059224117689,3.436059224117689,SUPPLY_SHOCK_3,LOW_CONF,0.0
2011-10-03,3.368,0,3.3770606571835646,3.3770606571835646,SUPPLY_SHOCK_3,LOW_CONF,0.0
2011-10-10,3.431,0,3.355682942064084,3.355682942064084,SUPPLY_SHOCK_3,LOW_CONF,0.0
2011-10-17,3.415,0,3.3838395882813055,3.3838395882813055,SUPPLY_SHOCK_3,LOW_CONF,0.0
2011-10-24,3.405,0,3.413906599910807,3.413906599910807,SUPPLY_SHOCK_3,LOW_CONF,0.0
2011-10-31,3.37,0,3.387123891998822,3.387123891998822,SUPPLY_SHOCK_3,LOW_CONF,0.0
2011-11-07,3.388,0,3.363921516079125,3.363921516079125,SUPPLY_SHOCK_3,LOW_CONF,0.0
2011-11-14,3.312,0,3.3330255698943905,3.3330255698943905,NORMAL,HIGH_CONF,0.0
2011-11-21,3.248,0,3.2903641325634894,3.2903641325634894,NORMAL,HIGH_CONF,0.0
2011-11-28,3.24,0,3.245210341920953,3.245210341920953,NORMAL,HIGH_CONF,0.0
2011-12-05,3.244,0,3.2274188249366946,3.2274188249366946,NORMAL,HIGH_CONF,0.0
2011-12-12,3.183,0,3.222564379676619,3.222564379676619,NORMAL,HIGH_CONF,0.0
2011-12-19,3.213,0,3.221536835100732,3.221536835100732,NORMAL,HIGH_CONF,0.0
2011-12-26,3.254,0,3.203340452032685,3.203340452032685,NORMAL,HIGH_CONF,0.0
2012-01-02,3.333,0,3.286249174290732,3.286249174290732,NORMAL,HIGH_CONF,0.0
2012-01-09,3.342,0,3.295970604078506,3.295970604078506,NORMAL,HIGH_CONF,0.0
2012-01-16,3.333,0,3.3416865785565433,3.3416865785565433,NORMAL,HIGH_CONF,0.0
2012-01-23,3.386,0,3.3588454669615224,3.3588454669615224,NORMAL,HIGH_CONF,0.0
2012-01-30,3.436,0,3.3738991371695484,3.3738991371695484,NORMAL,HIGH_CONF,0.0
2012-02-06,3.466,0,3.442553752363679,3.442553752363679,NORMAL,HIGH_CONF,0.0
2012-02-13,3.523,0,3.5107678722546733,3.5107678722546733,NORMAL,HIGH_CONF,0.0
2012-02-20,3.641,0,3.574576831523172,3.574576831523172,NORMAL,HIGH_CONF,0.0
2012-02-27,3.717,0,3.630859239960425,3.630859239960425,NORMAL,HIGH_CONF,0.0
2012-03-05,3.747,0,3.7070370344812638,3.7070370344812638,NORMAL,HIGH_CONF,0.0
2012-03-12,3.787,0,3.756047131584263,3.756047131584263,NORMAL,HIGH_CONF,0.0
2012-03-19,3.843,0,3.7974756386777027,3.7974756386777027,NORMAL,HIGH_CONF,0.0
2012-03-26,3.874,0,3.848883943200379,3.848883943200379,NORMAL,HIGH_CONF,0.0
2012-04-02,3.877,0,3.8680247718198464,3.8680247718198464,NORMAL,HIGH_CONF,0.0
2012-04-09,3.867,0,3.8604700425860536,3.8604700425860536,NORMAL,HIGH_CONF,0.0
2012-04-16,3.805,0,3.8279520469341803,3.8279520469341803,NORMAL,HIGH_CONF,0.0
2012-04-23,3.764,0,3.799149061916978,3.799149061916978,NORMAL,HIGH_CONF,0.0
2012-04-30,3.718,0,3.7448974581788046,3.7448974581788046,NORMAL,HIGH_CONF,0.0
2012-05-07,3.658,0,3.7056259991492726,3.7056259991492726,NORMAL,HIGH_CONF,0.0
2012-05-14,3.622,0,3.618546524609547,3.618546524609547,NORMAL,HIGH_CONF,0.0
2012-05-21,3.575,0,3.593804047871687,3.593804047871687,NORMAL,HIGH_CONF,0.0
2012-05-28,3.518,0,3.5572096812094856,3.5572096812094856,NORMAL,HIGH_CONF,0.0
2012-06-04,3.489,0,3.5246169791387447,3.5246169791387447,NORMAL,HIGH_CONF,0.0
2012-06-11,3.473,0,3.447560335295917,3.447560335295917,NORMAL,HIGH_CONF,0.0
2012-06-18,3.378,0,3.407344962345394,3.407344962345394,NORMAL,HIGH_CONF,0.0
2012-06-25,3.291,0,3.3684356488850127,3.3684356488850127,NORMAL,HIGH_CONF,0.0
2012-07-02,3.357,0,3.3543782985258837,3.3543782985258837,NORMAL,HIGH_CONF,0.0
2012-07-09,3.364,0,3.325492413815093,3.325492413815093,NORMAL,HIGH_CONF,0.0
2012-07-16,3.435,0,3.398950810413162,3.398950810413162,NORMAL,HIGH_CONF,0.0
2012-07-23,3.45,0,3.4228903256414736,3.4228903256414736,NORMAL,HIGH_CONF,0.0
2012-07-30,3.606,0,3.5168120378672194,3.5168120378672194,NORMAL,HIGH_CONF,0.0
2012-08-06,3.662,0,3.5606221172348733,3.5606221172348733,NORMAL,HIGH_CONF,0.0
2012-08-13,3.682,0,3.6376733688266985,3.6376733688266985,SUPPLY_SHOCK_3,LOW_CONF,0.0
2012-08-20,3.722,0,3.68487502537214,3.68487502537214,SUPPLY_SHOCK_3,LOW_CONF,0.0
2012-08-27,3.797,0,3.731713362212043,3.731713362212043,NORMAL,HIGH_CONF,0.0
2012-09-03,3.799,0,3.7764845299284655,3.7764845299284655,NORMAL,HIGH_CONF,0.0
2012-09-10,3.832,0,3.791825162206223,3.791825162206223,NORMAL,HIGH_CONF,0.0
2012-09-17,3.775,0,3.758023006339137,3.758023006339137,NORMAL,HIGH_CONF,0.0
2012-09-24,3.75,0,3.7530247475883263,3.7530247475883263,NORMAL,HIGH_CONF,0.0
2012-10-01,3.742,0,3.701543433636774,3.701543433636774,NORMAL,HIGH_CONF,0.0
2012-10-08,3.713,0,3.672924706363004,3.672924706363004,NORMAL,HIGH_CONF,0.0
2012-10-15,3.582,0,3.6295128174887954,3.6295128174887954,NORMAL,HIGH_CONF,0.0
2012-10-22,3.48,0,3.5730149043259085,3.5730149043259085,NORMAL,HIGH_CONF,0.0
2012-10-29,3.406,0,3.447375580014777,3.447375580014777,NORMAL,HIGH_CONF,0.0
2012-11-05,3.372,0,3.397412824574422,3.397412824574422,NORMAL,HIGH_CONF,0.0
2012-11-12,3.36,0,3.3396457949029945,3.3396457949029945,NORMAL,HIGH_CONF,0.0
2012-11-19,3.382,0,3.3449546502259384,3.3449546502259384,NORMAL,HIGH_CONF,0.0
2012-11-26,3.337,0,3.3410221076541693,3.3410221076541693,NORMAL,HIGH_CONF,0.0
2012-12-03,3.297,0,3.313861978264245,3.313861978264245,NORMAL,HIGH_CONF,0.0
2012-12-10,3.198,0,3.2662793080503647,3.2662793080503647,NORMAL,HIGH_CONF,0.0
2012-12-17,3.205,0,3.2329001905971744,3.2329001905971744,NORMAL,HIGH_CONF,0.0
2012-12-24,3.245,0,3.2132789186752952,3.2132789186752952,NORMAL,HIGH_CONF,0.0
2012-12-31,3.233,0,3.243191881626567,3.243191881626567,NORMAL,HIGH_CONF,0.0
2013-01-07,3.236,0,3.2749347871629264,3.2749347871629264,NORMAL,HIGH_CONF,0.0
2013-01-14,3.254,0,3.2678119820896936,3.2678119820896936,NORMAL,HIGH_CONF,0.0
2013-01-21,3.296,0,3.2863556697777483,3.2863556697777483,NORMAL,HIGH_CONF,0.0
2013-01-28,3.471,0,3.3730175271840546,3.3730175271840546,NORMAL,HIGH_CONF,0.0
2013-02-04,3.537,0,3.45052549165041,3.45052549165041,NORMAL,HIGH_CONF,0.0
2013-02-11,3.69,0,3.6008947243354514,3.6008947243354514,SUPPLY_SHOCK_3,LOW_CONF,0.0
2013-02-18,3.722,0,3.6504070027853293,3.6504070027853293,SUPPLY_SHOCK_3,LOW_CONF,0.0
2013-02-25,3.698,0,3.71457376037346,3.71457376037346,SUPPLY_SHOCK_3,LOW_CONF,0.0
2013-03-04,3.644,0,3.6687075588420575,3.6687075588420575,SUPPLY_SHOCK_3,LOW_CONF,0.0
2013-03-11,3.633,0,3.6333824885312307,3.6333824885312307,SUPPLY_SHOCK_3,LOW_CONF,0.0
2013-03-18,3.616,0,3.629138603162771,3.629138603162771,SUPPLY_SHOCK_3,LOW_CONF,0.0
2013-03-25,3.572,0,3.609313626962439,3.609313626962439,SUPPLY_SHOCK_3,LOW_CONF,0.0
2013-04-01,3.539,0,3.570891482752392,3.570891482752392,SUPPLY_SHOCK_3,LOW_CONF,0.0
2013-04-08,3.469,0,3.547429226139628,3.547429226139628,NORMAL,HIGH_CONF,0.0
2013-04-15,3.472,0,3.498150761408559,3.498150761408559,NORMAL,HIGH_CONF,0.0
2013-04-22,3.455,0,3.442738801240243,3.442738801240243,NORMAL,HIGH_CONF,0.0
2013-04-29,3.478,0,3.4557567284243427,3.4557567284243427,NORMAL,HIGH_CONF,0.0
2013-05-06,3.543,0,3.510422111356732,3.510422111356732,NORMAL,HIGH_CONF,0.0
2013-05-13,3.636,0,3.552760427371862,3.552760427371862,NORMAL,HIGH_CONF,0.0
2013-05-20,3.601,0,3.5552332641290443,3.5552332641290443,NORMAL,HIGH_CONF,0.0
2013-05-27,3.61,0,3.6003577064646053,3.6003577064646053,NORMAL,HIGH_CONF,0.0
2013-06-03,3.619,0,3.5675020407785336,3.5675020407785336,NORMAL,HIGH_CONF,0.0
2013-06-10,3.577,0,3.5466774271285457,3.5466774271285457,NORMAL,HIGH_CONF,0.0
2013-06-17,3.498,0,3.5455030238205163,3.5455030238205163,NORMAL,HIGH_CONF,0.0
2013-06-24,3.41,0,3.4910080193958097,3.4910080193958097,NORMAL,HIGH_CONF,0.0
2013-07-01,3.413,0,3.4489551439489587,3.4489551439489587,NORMAL,HIGH_CONF,0.0
2013-07-08,3.57,0,3.4724294514470926,3.4724294514470926,NORMAL,HIGH_CONF,0.0
2013-07-15,3.612,0,3.5252197786574047,3.5252197786574047,NORMAL,HIGH_CONF,0.0
2013-07-22,3.57,0,3.5859638869810935,3.5859638869810935,NORMAL,HIGH_CONF,0.0
2013-07-29,3.566,0,3.5781381935260743,3.5781381935260743,NORMAL,HIGH_CONF,0.0
2013-08-05,3.493,0,3.535395582780314,3.535395582780314,NORMAL,HIGH_CONF,0.0
2013-08-12,3.496,0,3.5261073670320657,3.5261073670320657,NORMAL,HIGH_CONF,0.0
2013-08-19,3.504,0,3.500806995661399,3.500806995661399,NORMAL,HIGH_CONF,0.0
2013-08-26,3.575,0,3.5369116157710465,3.5369116157710465,NORMAL,HIGH_CONF,0.0
2013-09-02,3.54,0,3.5359768522435067,3.5359768522435067,NORMAL,HIGH_CONF,0.0
2013-09-09,3.475,0,3.534559528871602,3.534559528871602,NORMAL,HIGH_CONF,0.0
2013-09-16,3.425,0,3.4673886659629973,3.4673886659629973,NORMAL,HIGH_CONF,0.0
2013-09-23,3.354,0,3.3813544185999356,3.3813544185999356,NORMAL,HIGH_CONF,0.0
2013-09-30,3.298,0,3.3368665614469073,3.3368665614469073,NORMAL,HIGH_CONF,0.0
2013-10-07,3.296,0,3.312647444213186,3.312647444213186,NORMAL,HIGH_CONF,0.0
2013-10-14,3.31,0,3.2877762549480494,3.2877762549480494,NORMAL,HIGH_CONF,0.0
2013-10-21,3.235,0,3.2663915063276323,3.2663915063276323,NORMAL,HIGH_CONF,0.0
2013-10-28,3.209,0,3.259907368790637,3.259907368790637,NORMAL,HIGH_CONF,0.0
2013-11-04,3.133,0,3.1900971250168073,3.1900971250168073,NORMAL,HIGH_CONF,0.0
2013-11-11,3.161,0,3.177217339480739,3.177217339480739,NORMAL,HIGH_CONF,0.0
2013-11-18,3.241,0,3.1936779214901625,3.1936779214901625,NORMAL,HIGH_CONF,0.0
2013-11-25,3.209,0,3.202482558030294,3.202482558030294,NORMAL,HIGH_CONF,0.0
2013-12-02,3.208,0,3.231481616934236,3.231481616934236,NORMAL,HIGH_CONF,0.0
2013-12-09,3.165,0,3.199103623341294,3.199103623341294,NORMAL,HIGH_CONF,0.0
2013-12-16,3.198,0,3.214161121906964,3.214161121906964,NORMAL,HIGH_CONF,0.0
2013-12-23,3.264,0,3.2074567959924964,3.2074567959924964,NORMAL,HIGH_CONF,0.0
2013-12-30,3.261,0,3.258091691257456,3.258091691257456,NORMAL,HIGH_CONF,0.0
2014-01-06,3.267,0,3.2834096196115814,3.2834096196115814,NORMAL,HIGH_CONF,0.0
2014-01-13,3.24,0,3.2488998831395235,3.2488998831395235,NORMAL,HIGH_CONF,0.0
2014-01-20,3.241,0,3.2571689131665824,3.2571689131665824,NORMAL,HIGH_CONF,0.0
2014-01-27,3.243,0,3.2445291488218215,3.2445291488218215,NORMAL,HIGH_CONF,0.0
2014-02-03,3.257,0,3.267475010328661,3.267475010328661,NORMAL,HIGH_CONF,0.0
2014-02-10,3.326,0,3.277206173381031,3.277206173381031,NORMAL,HIGH_CONF,0.0
2014-02-17,3.394,0,3.340682611651672,3.340682611651672,NORMAL,HIGH_CONF,0.0
2014-02-24,3.421,0,3.4068848141689116,3.4068848141689116,NORMAL,HIGH_CONF,0.0
2014-03-03,3.452,0,3.444463288964679,3.444463288964679,NORMAL,HIGH_CONF,0.0
2014-03-10,3.489,0,3.5080630244433664,3.5080630244433664,NORMAL,HIGH_CONF,0.0
2014-03-17,3.487,0,3.4985654778077917,3.4985654778077917,NORMAL,HIGH_CONF,0.0
2014-03-24,3.521,0,3.5287783836736866,3.5287783836736866,NORMAL,HIGH_CONF,0.0
2014-03-31,3.533,0,3.5317465497693448,3.5317465497693448,NORMAL,HIGH_CONF,0.0
2014-04-07,3.581,0,3.5648104452324922,3.5648104452324922,NORMAL,HIGH_CONF,0.0
2014-04-14,3.612,0,3.5718753939316468,3.5718753939316468,NORMAL,HIGH_CONF,0.0
2014-04-21,3.635,0,3.612969145689101,3.612969145689101,NORMAL,HIGH_CONF,0.0
2014-04-28,3.606,0,3.613624102617753,3.613624102617753,NORMAL,HIGH_CONF,0.0
2014-05-05,3.597,0,3.61655574729084,3.61655574729084,NORMAL,HIGH_CONF,0.0
2014-05-12,3.593,0,3.580581245871224,3.580581245871224,NORMAL,HIGH_CONF,0.0
2014-05-19,3.607,0,3.58864148862388,3.58864148862388,NORMAL,HIGH_CONF,0.0
2014-05-26,3.624,0,3.5944692292260916,3.5944692292260916,NORMAL,HIGH_CONF,0.0
2014-06-02,3.61,0,3.60691751982469,3.60691751982469,NORMAL,HIGH_CONF,0.0
2014-06-09,3.621,0,3.6022472460825137,3.6022472460825137,NORMAL,HIGH_CONF,0.0
2014-06-16,3.639,0,3.6011443755451453,3.6011443755451453,NORMAL,HIGH_CONF,0.0
2014-06-23,3.635,0,3.618522009132099,3.618522009132099,NORMAL,HIGH_CONF,0.0
2014-06-30,3.605,0,3.6205086600997545,3.6205086600997545,NORMAL,HIGH_CONF,0.0
2014-07-07,3.56,0,3.5991547132557926,3.5991547132557926,NORMAL,HIGH_CONF,0.0
2014-07-14,3.523,0,3.558652901066,3.558652901066,NORMAL,HIGH_CONF,0.0
2014-07-21,3.468,0,3.5061155748066204,3.5061155748066204,NORMAL,HIGH_CONF,0.0
2014-07-28,3.449,0,3.489918873759221,3.489918873759221,NORMAL,HIGH_CONF,0.0
2014-08-04,3.447,0,3.464131174323602,3.464131174323602,NORMAL,HIGH_CONF,0.0
2014-08-11,3.408,0,3.402595178973536,3.402595178973536,NORMAL,HIGH_CONF,0.0
2014-08-18,3.397,0,3.418158169691784,3.418158169691784,NORMAL,HIGH_CONF,0.0
2014-08-25,3.41,0,3.368370443274012,3.368370443274012,NORMAL,HIGH_CONF,0.0
2014-09-01,3.406,0,3.3922037881156863,3.3922037881156863,NORMAL,HIGH_CONF,0.0
2014-09-08,3.352,0,3.3891992467336207,3.3891992467336207,NORMAL,HIGH_CONF,0.0
2014-09-15,3.296,0,3.3152180489331435,3.3152180489331435,NORMAL,HIGH_CONF,0.0
2014-09-22,3.304,0,3.291432351430258,3.291432351430258,NORMAL,HIGH_CONF,0.0
2014-09-29,3.246,0,3.2554121240766216,3.2554121240766216,NORMAL,HIGH_CONF,0.0
2014-10-06,3.147,0,3.2492836451109057,3.2492836451109057,NORMAL,HIGH_CONF,0.0
2014-10-13,3.07,0,3.1321102136139443,3.1321102136139443,NORMAL,HIGH_CONF,0.0
2014-10-20,3.016,0,3.0469629828002036,3.0469629828002036,NORMAL,HIGH_CONF,0.0
2014-10-27,2.956,0,2.9756267529794522,2.9756267529794522,NORMAL,HIGH_CONF,0.0
2014-11-03,2.907,0,2.932897037602082,2.932897037602082,NORMAL,HIGH_CONF,0.0
2014-11-10,2.856,0,2.865288033046136,2.865288033046136,NORMAL,HIGH_CONF,0.0
2014-11-17,2.781,0,2.8280220552719406,2.8280220552719406,NORMAL,HIGH_CONF,0.0
2014-11-24,2.738,0,2.756846179688533,2.756846179688533,NORMAL,HIGH_CONF,0.0
2014-12-01,2.634,0,2.688466995912422,2.688466995912422,NORMAL,HIGH_CONF,0.0
2014-12-08,2.499,0,2.5815915356765684,2.5815915356765684,NORMAL,HIGH_CONF,0.0
2014-12-15,2.341,0,2.4382412803145064,2.4382412803145064,NORMAL,HIGH_CONF,0.0
2014-12-22,2.229,0,2.308640839602802,2.308640839602802,NORMAL,HIGH_CONF,0.0
2014-12-29,2.136,0,2.206568154110659,2.206568154110659,NORMAL,HIGH_CONF,0.0
2015-01-05,2.066,0,2.1528826439885966,2.1528826439885966,NORMAL,HIGH_CONF,0.0
2015-01-12,1.999,0,2.054143051901419,2.054143051901419,NORMAL,HIGH_CONF,0.0
2015-01-19,1.982,0,2.0088899150022455,2.0088899150022455,NORMAL,HIGH_CONF,0.0
2015-01-26,2.013,0,2.027849339514682,2.027849339514682,NORMAL,HIGH_CONF,0.0
2015-02-02,2.133,0,2.0699088068228817,2.0699088068228817,SUPPLY_SHOCK_3,LOW_CONF,0.0
2015-02-09,2.206,0,2.189720009125445,2.189720009125445,SUPPLY_SHOCK_3,LOW_CONF,0.0
2015-02-16,2.256,0,2.25296317462921,2.25296317462921,SUPPLY_SHOCK_3,LOW_CONF,0.0
2015-02-23,2.36,0,2.325312732305404,2.325312732305404,SUPPLY_SHOCK_3,LOW_CONF,0.0
2015-03-02,2.367,0,2.3246591880398535,2.3246591880398535,SUPPLY_SHOCK_3,LOW_CONF,0.0
2015-03-09,2.339,0,2.3941221887883657,2.3941221887883657,SUPPLY_SHOCK_3,LOW_CONF,0.0
2015-03-16,2.347,0,2.3846337562770863,2.3846337562770863,SUPPLY_SHOCK_3,LOW_CONF,0.0
2015-03-23,2.348,0,2.336918089528652,2.336918089528652,SUPPLY_SHOCK_3,LOW_CONF,0.0
2015-03-30,2.315,0,2.3609277607904127,2.3609277607904127,SUPPLY_SHOCK_3,LOW_CONF,0.0
2015-04-06,2.317,0,2.3605282571830877,2.3605282571830877,SUPPLY_SHOCK_3,LOW_CONF,0.0
2015-04-13,2.393,0,2.3892138043990867,2.3892138043990867,SUPPLY_SHOCK_3,LOW_CONF,0.0
2015-04-20,2.451,0,2.3911277457809432,2.3911277457809432,SUPPLY_SHOCK_3,LOW_CONF,0.0
2015-04-27,2.517,0,2.4999995245709745,2.4999995245709745,SUPPLY_SHOCK_3,LOW_CONF,0.0
2015-05-04,2.547,0,2.544940319980454,2.544940319980454,SUPPLY_SHOCK_3,LOW_CONF,0.0
2015-05-11,2.604,0,2.607786664035488,2.607786664035488,SUPPLY_SHOCK_3,LOW_CONF,0.0
2015-05-18,2.642,0,2.626874004184775,2.626874004184775,SUPPLY_SHOCK_3,LOW_CONF,0.0
2015-05-25,2.656,0,2.6610472462062265,2.6610472462062265,SUPPLY_SHOCK_3,LOW_CONF,0.0
2015-06-01,2.668,0,2.6652975966733017,2.6652975966733017,NORMAL,HIGH_CONF,0.0
2015-06-08,2.744,0,2.699740227252143,2.699740227252143,NORMAL,HIGH_CONF,0.0
2015-06-15,2.72,0,2.698225021567803,2.698225021567803,NORMAL,HIGH_CONF,0.0
2015-06-22,2.713,0,2.742374305569352,2.742374305569352,NORMAL,HIGH_CONF,0.0
2015-06-29,2.702,0,2.7001551644575486,2.7001551644575486,NORMAL,HIGH_CONF,0.0
2015-07-06,2.694,0,2.6939293326267997,2.6939293326267997,NORMAL,HIGH_CONF,0.0
2015-07-13,2.661,0,2.6419506985248074,2.6419506985248074,NORMAL,HIGH_CONF,0.0
2015-07-20,2.605,0,2.6365992015514257,2.6365992015514257,NORMAL,HIGH_CONF,0.0
2015-07-27,2.555,0,2.6009693315153437,2.6009693315153437,NORMAL,HIGH_CONF,0.0
2015-08-03,2.505,0,2.546184852654463,2.546184852654463,NORMAL,HIGH_CONF,0.0
2015-08-10,2.608,0,2.5253662809644704,2.5253662809644704,NORMAL,HIGH_CONF,0.0
2015-08-17,2.534,0,2.4995924956561684,2.4995924956561684,NORMAL,HIGH_CONF,0.0
2015-08-24,2.406,0,2.4741647882626387,2.4741647882626387,SUPPLY_SHOCK_3,LOW_CONF,0.0
2015-08-31,2.337,0,2.3739398327780092,2.3739398327780092,SUPPLY_SHOCK_3,LOW_CONF,0.0
2015-09-07,2.28,0,2.3482707855808,2.3482707855808,SUPPLY_SHOCK,LOW_CONF,0.0
2015-09-14,2.237,0,2.2367672456528047,2.2367672456528047,SUPPLY_SHOCK_3,LOW_CONF,0.0
2015-09-21,2.246,0,2.216015092025014,2.216015092025014,SUPPLY_SHOCK_3,LOW_CONF,0.0
2015-09-28,2.252,0,2.225230579111873,2.225230579111873,SUPPLY_SHOCK_3,LOW_CONF,0.0
2015-10-05,2.283,0,2.219117808908569,2.219117808908569,SUPPLY_SHOCK_3,LOW_CONF,0.0
2015-10-12,2.22,0,2.2329111763671228,2.2329111763671228,SUPPLY_SHOCK_3,LOW_CONF,0.0
2015-10-19,2.166,0,2.218013981656131,2.218013981656131,SUPPLY_SHOCK_3,LOW_CONF,0.0
2015-10-26,2.17,0,2.166523181146421,2.166523181146421,SUPPLY_SHOCK_3,LOW_CONF,0.0
2015-11-02,2.172,0,2.1371360411836307,2.1371360411836307,SUPPLY_SHOCK_3,LOW_CONF,0.0
2015-11-09,2.11,0,2.141902167945579,2.141902167945579,NORMAL,HIGH_CONF,0.0
2015-11-16,2.015,0,2.1142911314383785,2.1142911314383785,NORMAL,HIGH_CONF,0.0
2015-11-23,1.974,0,2.0436219350372884,2.0436219350372884,NORMAL,HIGH_CONF,0.0
2015-11-30,1.969,0,2.002863429120968,2.002863429120968,NORMAL,HIGH_CONF,0.0
2015-12-07,1.953,0,1.9827178084130386,1.9827178084130386,NORMAL,HIGH_CONF,0.0
2015-12-14,1.929,0,1.9404212882264307,1.9404212882264307,NORMAL,HIGH_CONF,0.0
2015-12-21,1.933,0,1.9520720394810671,1.9520720394810671,NORMAL,HIGH_CONF,0.0
2015-12-28,1.922,0,1.9194501938414203,1.9194501938414203,NORMAL,HIGH_CONF,0.0
2016-01-04,1.888,0,1.9091079123937966,1.9091079123937966,NORMAL,HIGH_CONF,0.0
2016-01-11,1.81,0,1.882693192231846,1.882693192231846,NORMAL,HIGH_CONF,0.0
2016-01-18,1.752,0,1.8001898699116117,1.8001898699116117,NORMAL,HIGH_CONF,0.0
2016-01-25,1.729,0,1.7409022671700738,1.7409022671700738,NORMAL,HIGH_CONF,0.0
2016-02-01,1.663,0,1.7153205990162366,1.7153205990162366,NORMAL,HIGH_CONF,0.0
2016-02-08,1.638,0,1.7099580386002284,1.7099580386002284,NORMAL,HIGH_CONF,0.0
2016-02-15,1.661,0,1.6741085374536022,1.6741085374536022,SUPPLY_SHOCK_3,LOW_CONF,0.0
2016-02-22,1.715,0,1.7146284830692093,1.7146284830692093,SUPPLY_SHOCK_3,LOW_CONF,0.0
2016-02-29,1.782,0,1.7520014837952012,1.7520014837952012,SUPPLY_SHOCK_3,LOW_CONF,0.0
2016-03-07,1.888,0,1.8292149930240837,1.8292149930240837,SUPPLY_SHOCK_3,LOW_CONF,0.0
2016-03-14,1.935,0,1.935366439222672,1.935366439222672,SUPPLY_SHOCK_3,LOW_CONF,0.0
2016-03-21,1.976,0,1.982918837447571,1.982918837447571,SUPPLY_SHOCK_3,LOW_CONF,0.0
2016-03-28,1.994,0,2.018810060218024,2.018810060218024,SUPPLY_SHOCK_3,LOW_CONF,0.0
2016-04-04,1.981,0,2.020418123480586,2.020418123480586,SUPPLY_SHOCK_3,LOW_CONF,0.0
2016-04-11,2.053,0,2.023284834102179,2.023284834102179,SUPPLY_SHOCK_3,LOW_CONF,0.0
2016-04-18,2.08,0,2.0680197089497727,2.0680197089497727,SUPPLY_SHOCK_3,LOW_CONF,0.0
2016-04-25,2.168,0,2.1203579268479027,2.1203579268479027,SUPPLY_SHOCK_3,LOW_CONF,0.0
2016-05-02,2.143,0,2.149878701911309,2.149878701911309,SUPPLY_SHOCK_3,LOW_CONF,0.0
2016-05-09,2.17,0,2.202933742351473,2.202933742351473,SUPPLY_SHOCK_3,LOW_CONF,0.0
2016-05-16,2.235,0,2.1751897853835582,2.1751897853835582,SUPPLY_SHOCK_3,LOW_CONF,0.0
2016-05-23,2.281,0,2.245626624344432,2.245626624344432,SUPPLY_SHOCK_3,LOW_CONF,0.0
2016-05-30,2.328,0,2.2944525826963695,2.2944525826963695,NORMAL,HIGH_CONF,0.0
2016-06-06,2.343,0,2.296512644508185,2.296512644508185,NORMAL,HIGH_CONF,0.0
2016-06-13,2.29,0,2.320490793585953,2.320490793585953,NORMAL,HIGH_CONF,0.0
2016-06-20,2.25,0,2.277998634547602,2.277998634547602,NORMAL,HIGH_CONF,0.0
2016-06-27,2.205,0,2.249198365112426,2.249198365112426,NORMAL,HIGH_CONF,0.0
2016-07-04,2.171,0,2.2060920139453737,2.2060920139453737,NORMAL,HIGH_CONF,0.0
2016-07-11,2.148,0,2.1892468409278343,2.1892468409278343,NORMAL,HIGH_CONF,0.0
2016-07-18,2.105,0,2.1277934162794687,2.1277934162794687,NORMAL,HIGH_CONF,0.0
2016-07-25,2.091,0,2.1271233321978653,2.1271233321978653,NORMAL,HIGH_CONF,0.0
2016-08-01,2.087,0,2.1026789183290626,2.1026789183290626,NORMAL,HIGH_CONF,0.0
2016-08-08,2.096,0,2.097552680055556,2.097552680055556,NORMAL,HIGH_CONF,0.0
2016-08-15,2.136,0,2.1199350667398367,2.1199350667398367,NORMAL,HIGH_CONF,0.0
2016-08-22,2.187,0,2.1450718102201014,2.1450718102201014,NORMAL,HIGH_CONF,0.0
2016-08-29,2.17,0,2.163172588557851,2.163172588557851,NORMAL,HIGH_CONF,0.0
2016-09-05,2.138,0,2.184981891104761,2.184981891104761,NORMAL,HIGH_CONF,0.0
2016-09-12,2.17,0,2.147124371300463,2.147124371300463,NORMAL,HIGH_CONF,0.0
2016-09-19,2.166,0,2.1497453412985683,2.1497453412985683,NORMAL,HIGH_CONF,0.0
2016-09-26,2.184,0,2.172317372635992,2.172317372635992,NORMAL,HIGH_CONF,0.0
2016-10-03,2.216,0,2.1808148398132694,2.1808148398132694,NORMAL,HIGH_CONF,0.0
2016-10-10,2.198,0,2.2061803694647724,2.2061803694647724,NORMAL,HIGH_CONF,0.0
2016-10-17,2.175,0,2.213680902615592,2.213680902615592,NORMAL,HIGH_CONF,0.0
2016-10-24,2.159,0,2.2049283472549863,2.2049283472549863,NORMAL,HIGH_CONF,0.0
2016-10-31,2.157,0,2.1901366075452673,2.1901366075452673,NORMAL,HIGH_CONF,0.0
2016-11-07,2.105,0,2.1372445589905364,2.1372445589905364,NORMAL,HIGH_CONF,0.0
2016-11-14,2.078,0,2.1193696694858604,2.1193696694858604,NORMAL,HIGH_CONF,0.0
2016-11-21,2.079,0,2.07225088699256,2.07225088699256,NORMAL,HIGH_CONF,0.0
2016-11-28,2.137,0,2.1232224305931777,2.1232224305931777,NORMAL,HIGH_CONF,0.0
2016-12-05,2.174,0,2.1278250614722984,2.1278250614722984,NORMAL,HIGH_CONF,0.0
2016-12-12,2.203,0,2.208025154517098,2.208025154517098,NORMAL,HIGH_CONF,0.0
2016-12-19,2.254,0,2.2281895868522867,2.2281895868522867,NORMAL,HIGH_CONF,0.0
2016-12-26,2.319,0,2.2712852131132304,2.2712852131132304,NORMAL,HIGH_CONF,0.0
2017-01-02,2.328,0,2.3024490161774063,2.3024490161774063,NORMAL,HIGH_CONF,0.0
2017-01-09,2.298,0,2.31835538756293,2.31835538756293,NORMAL,HIGH_CONF,0.0
2017-01-16,2.258,0,2.274505400962569,2.274505400962569,NORMAL,HIGH_CONF,0.0
2017-01-23,2.224,0,2.269833315440456,2.269833315440456,NORMAL,HIGH_CONF,0.0
2017-01-30,2.221,0,2.2419979447739267,2.2419979447739267,NORMAL,HIGH_CONF,0.0
2017-02-06,2.228,0,2.2211728345294244,2.2211728345294244,NORMAL,HIGH_CONF,0.0
2017-02-13,2.224,0,2.231969275378204,2.231969275378204,NORMAL,HIGH_CONF,0.0
2017-02-20,2.233,0,2.254085151689393,2.254085151689393,NORMAL,HIGH_CONF,0.0
2017-02-27,2.264,0,2.260153866783095,2.260153866783095,NORMAL,HIGH_CONF,0.0
2017-03-06,2.242,0,2.2621659094904194,2.2621659094904194,NORMAL,HIGH_CONF,0.0
2017-03-13,2.238,0,2.2950342782566198,2.2950342782566198,NORMAL,HIGH_CONF,0.0
2017-03-20,2.228,0,2.260658356219057,2.260658356219057,NORMAL,HIGH_CONF,0.0
2017-03-27,2.281,0,2.3008640868809946,2.3008640868809946,NORMAL,HIGH_CONF,0.0
2017-04-03,2.351,0,2.307062799618997,2.307062799618997,NORMAL,HIGH_CONF,0.0
2017-04-10,2.356,0,2.3494133015241996,2.3494133015241996,NORMAL,HIGH_CONF,0.0
2017-04-17,2.372,0,2.392883670185972,2.392883670185972,NORMAL,HIGH_CONF,0.0
2017-04-24,2.331,0,2.3625354416469744,2.3625354416469744,NORMAL,HIGH_CONF,0.0
2017-05-01,2.288,0,2.3353402209734964,2.3353402209734964,NORMAL,HIGH_CONF,0.0
2017-05-08,2.283,0,2.2790445651802194,2.2790445651802194,NORMAL,HIGH_CONF,0.0
2017-05-15,2.306,0,2.264701884275359,2.264701884275359,NORMAL,HIGH_CONF,0.0
2017-05-22,2.308,0,2.2990315445101057,2.2990315445101057,NORMAL,HIGH_CONF,0.0
2017-05-29,2.325,0,2.326360464068451,2.326360464068451,NORMAL,HIGH_CONF,0.0
2017-06-05,2.276,0,2.300098431497583,2.300098431497583,NORMAL,HIGH_CONF,0.0
2017-06-12,2.224,0,2.271494252624426,2.271494252624426,NORMAL,HIGH_CONF,0.0
2017-06-19,2.201,0,2.2203190298341164,2.2203190298341164,NORMAL,HIGH_CONF,0.0
2017-06-26,2.163,0,2.1910636636552203,2.1910636636552203,NORMAL,HIGH_CONF,0.0
2017-07-03,2.21,0,2.212720130361574,2.212720130361574,NORMAL,HIGH_CONF,0.0
2017-07-10,2.188,0,2.215941737869268,2.215941737869268,NORMAL,HIGH_CONF,0.0
2017-07-17,2.224,0,2.233084306217664,2.233084306217664,NORMAL,HIGH_CONF,0.0
2017-07-24,2.269,0,2.2464429260780117,2.2464429260780117,NORMAL,HIGH_CONF,0.0
2017-07-31,2.29,0,2.272295571929622,2.272295571929622,NORMAL,HIGH_CONF,0.0
2017-08-07,2.301,0,2.3342303032143663,2.3342303032143663,NORMAL,HIGH_CONF,0.0
2017-08-14,2.273,0,2.3197840983441607,2.3197840983441607,NORMAL,HIGH_CONF,0.0
2017-08-21,2.322,0,2.327992005696641,2.327992005696641,NORMAL,HIGH_CONF,0.0
2017-08-28,2.604,0,2.4129510545655735,2.4129510545655735,NORMAL,HIGH_CONF,0.0
2017-09-04,2.61,0,2.4712684517934944,2.4712684517934944,SUPPLY_SHOCK_3,LOW_CONF,0.0
2017-09-11,2.559,0,2.5443933921140514,2.5443933921140514,SUPPLY_SHOCK,LOW_CONF,0.0
2017-09-18,2.508,0,2.5163428150638922,2.5163428150638922,SUPPLY_SHOCK_3,LOW_CONF,0.0
2017-09-25,2.493,0,2.493768995371491,2.493768995371491,SUPPLY_SHOCK_3,LOW_CONF,0.0
2017-10-02,2.426,0,2.451892964200265,2.451892964200265,SUPPLY_SHOCK_3,LOW_CONF,0.0
2017-10-09,2.413,0,2.4017996090618015,2.4017996090618015,SUPPLY_SHOCK_3,LOW_CONF,0.0
2017-10-16,2.406,0,2.3865810683593924,2.3865810683593924,SUPPLY_SHOCK_3,LOW_CONF,0.0
2017-10-23,2.41,0,2.418860945614634,2.418860945614634,SUPPLY_SHOCK_3,LOW_CONF,0.0
2017-10-30,2.468,0,2.4374697868299378,2.4374697868299378,SUPPLY_SHOCK_3,LOW_CONF,0.0
2017-11-06,2.504,0,2.4606008846461758,2.4606008846461758,NORMAL,HIGH_CONF,0.0
2017-11-13,2.48,0,2.4836060140173646,2.4836060140173646,NORMAL,HIGH_CONF,0.0
2017-11-20,2.444,0,2.4725839851591225,2.4725839851591225,NORMAL,HIGH_CONF,0.0
2017-11-27,2.41,0,2.450634290566367,2.450634290566367,NORMAL,HIGH_CONF,0.0
2017-12-04,2.401,0,2.4362588940267056,2.4362588940267056,NORMAL,HIGH_CONF,0.0
2017-12-11,2.358,0,2.3966553514359163,2.3966553514359163,NORMAL,HIGH_CONF,0.0
2017-12-18,2.384,0,2.4130048495066596,2.4130048495066596,NORMAL,HIGH_CONF,0.0
2017-12-25,2.436,0,2.388562583896362,2.388562583896362,NORMAL,HIGH_CONF,0.0
2018-01-01,2.429,0,2.4239536318397,2.4239536318397,NORMAL,HIGH_CONF,0.0
2018-01-08,2.473,0,2.4689798037779362,2.4689798037779362,NORMAL,HIGH_CONF,0.0
2018-01-15,2.482,0,2.459190747265044,2.459190747265044,NORMAL,HIGH_CONF,0.0
2018-01-22,2.516,0,2.506918198063602,2.506918198063602,NORMAL,HIGH_CONF,0.0
2018-01-29,2.544,0,2.5167482392618066,2.5167482392618066,NORMAL,HIGH_CONF,0.0
2018-02-05,2.511,0,2.541068884805748,2.541068884805748,NORMAL,HIGH_CONF,0.0
2018-02-12,2.455,0,2.5289827832455964,2.5289827832455964,NORMAL,HIGH_CONF,0.0
2018-02-19,2.442,0,2.4741855537327995,2.4741855537327995,NORMAL,HIGH_CONF,0.0
2018-02-26,2.462,0,2.4745346670457513,2.4745346670457513,NORMAL,HIGH_CONF,0.0
2018-03-05,2.455,0,2.4914678896530944,2.4914678896530944,NORMAL,HIGH_CONF,0.0
2018-03-12,2.494,0,2.5281655981836257,2.5281655981836257,NORMAL,HIGH_CONF,0.0
2018-03-19,2.541,0,2.5262634754222066,2.5262634754222066,NORMAL,HIGH_CONF,0.0
2018-03-26,2.592,0,2.5598984667014695,2.5598984667014695,NORMAL,HIGH_CONF,0.0
2018-04-02,2.587,0,2.6084184460746043,2.6084184460746043,NORMAL,HIGH_CONF,0.0
2018-04-09,2.644,0,2.6410780319161327,2.6410780319161327,NORMAL,HIGH_CONF,0.0
2018-04-16,2.696,0,2.6518327914625655,2.6518327914625655,NORMAL,HIGH_CONF,0.0
2018-04-23,2.741,0,2.7060455639884426,2.7060455639884426,NORMAL,HIGH_CONF,0.0
2018-04-30,2.733,0,2.7419317941883405,2.7419317941883405,NORMAL,HIGH_CONF,0.0
2018-05-07,2.786,0,2.7709727309531678,2.7709727309531678,NORMAL,HIGH_CONF,0.0
2018-05-14,2.834,0,2.792095485446416,2.792095485446416,NORMAL,HIGH_CONF,0.0
2018-05-21,2.877,0,2.8366315528489876,2.8366315528489876,NORMAL,HIGH_CONF,0.0
2018-05-28,2.849,0,2.855023056114022,2.855023056114022,NORMAL,HIGH_CONF,0.0
2018-06-04,2.822,0,2.8415399354436994,2.8415399354436994,NORMAL,HIGH_CONF,0.0
2018-06-11,2.79,0,2.8012459549210402,2.8012459549210402,NORMAL,HIGH_CONF,0.0
2018-06-18,2.745,0,2.7833470818845267,2.7833470818845267,NORMAL,HIGH_CONF,0.0
2018-06-25,2.762,0,2.754005937967866,2.754005937967866,NORMAL,HIGH_CONF,0.0
2018-07-02,2.774,0,2.754147407196821,2.754147407196821,NORMAL,HIGH_CONF,0.0
2018-07-09,2.79,0,2.7805093040013302,2.7805093040013302,NORMAL,HIGH_CONF,0.0
2018-07-16,2.754,0,2.7800214864487796,2.7800214864487796,NORMAL,HIGH_CONF,0.0
2018-07-23,2.772,0,2.7582290891775028,2.7582290891775028,NORMAL,HIGH_CONF,0.0
2018-07-30,2.781,0,2.774626055439968,2.774626055439968,NORMAL,HIGH_CONF,0.0
2018-08-06,2.774,0,2.7986719551577712,2.7986719551577712,NORMAL,HIGH_CONF,0.0
2018-08-13,2.755,0,2.7743667512533396,2.7743667512533396,NORMAL,HIGH_CONF,0.0
2018-08-20,2.761,0,2.7645829173406655,2.7645829173406655,NORMAL,HIGH_CONF,0.0
2018-08-27,2.759,0,2.756967593064812,2.756967593064812,NORMAL,HIGH_CONF,0.0
2018-09-03,2.765,0,2.7784876379880004,2.7784876379880004,NORMAL,HIGH_CONF,0.0
2018-09-10,2.771,0,2.783745711907291,2.783745711907291,NORMAL,HIGH_CONF,0.0
2018-09-17,2.779,0,2.7490929206565133,2.7490929206565133,NORMAL,HIGH_CONF,0.0
2018-09-24,2.796,0,2.771934974827256,2.771934974827256,NORMAL,HIGH_CONF,0.0
2018-10-01,2.829,0,2.7875010440617807,2.7875010440617807,NORMAL,HIGH_CONF,0.0
2018-10-08,2.806,0,2.807432275367569,2.807432275367569,NORMAL,HIGH_CONF,0.0
2018-10-15,2.763,0,2.803161950455126,2.803161950455126,NORMAL,HIGH_CONF,0.0
2018-10-22,2.732,0,2.7522483865277314,2.7522483865277314,NORMAL,HIGH_CONF,0.0
2018-10-29,2.67,0,2.704242644190689,2.704242644190689,NORMAL,HIGH_CONF,0.0
2018-11-05,2.604,0,2.626702609680089,2.626702609680089,NORMAL,HIGH_CONF,0.0
2018-11-12,2.525,0,2.548953368991877,2.548953368991877,NORMAL,HIGH_CONF,0.0
2018-11-19,2.445,0,2.4770225264067585,2.4770225264067585,NORMAL,HIGH_CONF,0.0
2018-11-26,2.35,0,2.3931693533387293,2.3931693533387293,NORMAL,HIGH_CONF,0.0
2018-12-03,2.325,0,2.3174951309071696,2.3174951309071696,NORMAL,HIGH_CONF,0.0
2018-12-10,2.268,0,2.266270080066878,2.266270080066878,NORMAL,HIGH_CONF,0.0
2018-12-17,2.216,0,2.243065306505069,2.243065306505069,NORMAL,HIGH_CONF,0.0
2018-12-24,2.156,0,2.2085346338992244,2.2085346338992244,NORMAL,HIGH_CONF,0.0
2018-12-31,2.128,0,2.139690906672833,2.139690906672833,NORMAL,HIGH_CONF,0.0
2019-01-07,2.143,0,2.151411386560768,2.151411386560768,NORMAL,HIGH_CONF,0.0
2019-01-14,2.147,0,2.1333001336031394,2.1333001336031394,NORMAL,HIGH_CONF,0.0
2019-01-21,2.162,0,2.150726649339972,2.150726649339972,NORMAL,HIGH_CONF,0.0
2019-01-28,2.162,0,2.173287666491632,2.173287666491632,NORMAL,HIGH_CONF,0.0
2019-02-04,2.187,0,2.1688092471691287,2.1688092471691287,NORMAL,HIGH_CONF,0.0
2019-02-11,2.23,0,2.235788854430135,2.235788854430135,NORMAL,HIGH_CONF,0.0
2019-02-18,2.311,0,2.256158577313637,2.256158577313637,NORMAL,HIGH_CONF,0.0
2019-02-25,2.352,0,2.3342595303023135,2.3342595303023135,NORMAL,HIGH_CONF,0.0
2019-03-04,2.399,0,2.3537257691842584,2.3537257691842584,NORMAL,HIGH_CONF,0.0
2019-03-11,2.477,0,2.451896028754003,2.451896028754003,SUPPLY_SHOCK_3,LOW_CONF,0.0
2019-03-18,2.544,0,2.5111595575608114,2.5111595575608114,SUPPLY_SHOCK_3,LOW_CONF,0.0
2019-03-25,2.611,0,2.5820891753892665,2.5820891753892665,SUPPLY_SHOCK_3,LOW_CONF,0.0
2019-04-01,2.65,0,2.627239040879532,2.627239040879532,SUPPLY_SHOCK_3,LOW_CONF,0.0
2019-04-08,2.725,0,2.6684221998659927,2.6684221998659927,SUPPLY_SHOCK_3,LOW_CONF,0.0
2019-04-15,2.723,0,2.726644412249656,2.726644412249656,NORMAL,HIGH_CONF,0.0
2019-04-22,2.761,0,2.7576869279759735,2.7576869279759735,NORMAL,HIGH_CONF,0.0
2019-04-29,2.771,0,2.778304430241654,2.778304430241654,NORMAL,HIGH_CONF,0.0
2019-05-06,2.735,0,2.765835491798954,2.765835491798954,NORMAL,HIGH_CONF,0.0
2019-05-13,2.723,0,2.738349873253744,2.738349873253744,NORMAL,HIGH_CONF,0.0
2019-05-20,2.696,0,2.704061744375506,2.704061744375506,NORMAL,HIGH_CONF,0.0
2019-05-27,2.691,0,2.7080415130657274,2.7080415130657274,NORMAL,HIGH_CONF,0.0
2019-06-03,2.62,0,2.6363745599931483,2.6363745599931483,NORMAL,HIGH_CONF,0.0
2019-06-10,2.553,0,2.573211644178698,2.573211644178698,NORMAL,HIGH_CONF,0.0
2019-06-17,2.541,0,2.5376262405422647,2.5376262405422647,NORMAL,HIGH_CONF,0.0
2019-06-24,2.608,0,2.5286369841716145,2.5286369841716145,NORMAL,HIGH_CONF,0.0
2019-07-01,2.644,0,2.5936756916081842,2.5936756916081842,NORMAL,HIGH_CONF,0.0
2019-07-08,2.682,0,2.6372901769359824,2.6372901769359824,NORMAL,HIGH_CONF,0.0
2019-07-15,2.653,0,2.6300637979499926,2.6300637979499926,NORMAL,HIGH_CONF,0.0
2019-07-22,2.615,0,2.6553376817005008,2.6553376817005008,NORMAL,HIGH_CONF,0.0
2019-07-29,2.588,0,2.597638166156778,2.597638166156778,NORMAL,HIGH_CONF,0.0
2019-08-05,2.524,0,2.572228006302392,2.572228006302392,NORMAL,HIGH_CONF,0.0
2019-08-12,2.501,0,2.5114310977231975,2.5114310977231975,NORMAL,HIGH_CONF,0.0
2019-08-19,2.471,0,2.470957520638404,2.470957520638404,NORMAL,HIGH_CONF,0.0
2019-08-26,2.461,0,2.465493130402567,2.465493130402567,NORMAL,HIGH_CONF,0.0
2019-09-02,2.45,0,2.4477742172453985,2.4477742172453985,NORMAL,HIGH_CONF,0.0
2019-09-09,2.454,0,2.4505112733087797,2.4505112733087797,NORMAL,HIGH_CONF,0.0
2019-09-16,2.561,0,2.47849511582694,2.47849511582694,NORMAL,HIGH_CONF,0.0
2019-09-23,2.518,0,2.509239812966798,2.509239812966798,NORMAL,HIGH_CONF,0.0
2019-09-30,2.513,0,2.5125061767481696,2.5125061767481696,NORMAL,HIGH_CONF,0.0
2019-10-07,2.495,0,2.468991843519592,2.468991843519592,NORMAL,HIGH_CONF,0.0
2019-10-14,2.512,0,2.468906951560024,2.468906951560024,NORMAL,HIGH_CONF,0.0
2019-10-21,2.469,0,2.461131193169097,2.461131193169097,NORMAL,HIGH_CONF,0.0
2019-10-28,2.485,0,2.482086145522057,2.482086145522057,NORMAL,HIGH_CONF,0.0
2019-11-04,2.493,0,2.471600084242626,2.471600084242626,NORMAL,HIGH_CONF,0.0
2019-11-11,2.473,0,2.467612825510492,2.467612825510492,NORMAL,HIGH_CONF,0.0
2019-11-18,2.469,0,2.454241146743466,2.454241146743466,NORMAL,HIGH_CONF,0.0
2019-11-25,2.485,0,2.4527160112374005,2.4527160112374005,NORMAL,HIGH_CONF,0.0
2019-12-02,2.478,0,2.469660948317857,2.469660948317857,NORMAL,HIGH_CONF,0.0
2019-12-09,2.448,0,2.4323145469006118,2.4323145469006118,NORMAL,HIGH_CONF,0.0
2019-12-16,2.447,0,2.4549247677306774,2.4549247677306774,NORMAL,HIGH_CONF,0.0
2019-12-23,2.488,0,2.456154569715318,2.456154569715318,NORMAL,HIGH_CONF,0.0
2019-12-30,2.494,0,2.473302214120037,2.473302214120037,NORMAL,HIGH_CONF,0.0
2020-01-06,2.482,0,2.4813442264098313,2.4813442264098313,NORMAL,HIGH_CONF,0.0
2020-01-13,2.448,0,2.4756037912045863,2.4756037912045863,NORMAL,HIGH_CONF,0.0
2020-01-20,2.412,0,2.427348607285561,2.427348607285561,NORMAL,HIGH_CONF,0.0
2020-01-27,2.358,0,2.407748774859124,2.407748774859124,NORMAL,HIGH_CONF,0.0
2020-02-03,2.324,0,2.343826548362053,2.343826548362053,NORMAL,HIGH_CONF,0.0
2020-02-10,2.337,0,2.3229622449268676,2.3229622449268676,NORMAL,HIGH_CONF,0.0
2020-02-17,2.373,0,2.3351792073082698,2.3351792073082698,NORMAL,HIGH_CONF,0.0
2020-02-24,2.324,0,2.3395914347947655,2.3395914347947655,NORMAL,HIGH_CONF,0.0
2020-03-02,2.272,0,2.3410017508022403,2.3410017508022403,NORMAL,HIGH_CONF,0.0
2020-03-09,2.139,0,2.2339995863411675,2.2339995863411675,NORMAL,HIGH_CONF,0.0
2020-03-16,2.007,0,2.058309949681997,2.058309949681997,SUPPLY_SHOCK_3,LOW_CONF,0.0
2020-03-23,1.886,0,1.908912532628238,1.908912532628238,SUPPLY_SHOCK_3,LOW_CONF,0.0
2020-03-30,1.8,0,1.7985255579517236,1.7985255579517236,SUPPLY_SHOCK_3,LOW_CONF,0.0
2020-04-06,1.735,0,1.7562349269233715,1.7562349269233715,SUPPLY_SHOCK,LOW_CONF,0.0
2020-04-13,1.694,0,1.7056904047835109,1.7056904047835109,SUPPLY_SHOCK,LOW_CONF,0.0
2020-04-20,1.655,0,1.6899312561911115,1.6899312561911115,SUPPLY_SHOCK,LOW_CONF,0.0
2020-04-27,1.68,0,1.6859545861078686,1.6859545861078686,NORMAL_2,HIGH_CONF,0.0
2020-05-04,1.75,0,1.7239370301867027,1.7239370301867027,SUPPLY_SHOCK,LOW_CONF,0.0
2020-05-11,1.776,0,1.7690751740910766,1.7690751740910766,SUPPLY_SHOCK,LOW_CONF,0.0
2020-05-18,1.87,0,1.8443160606601887,1.8443160606601887,SUPPLY_SHOCK,LOW_CONF,0.0
2020-05-25,1.883,0,1.8735663527916868,1.8735663527916868,SUPPLY_SHOCK,LOW_CONF,0.0
2020-06-01,1.947,0,1.9468975350421387,1.9468975350421387,SUPPLY_SHOCK,LOW_CONF,0.0
2020-06-08,2.017,0,1.9701012544391845,1.9701012544391845,SUPPLY_SHOCK,LOW_CONF,0.0
2020-06-15,2.048,0,2.0387523061380852,2.0387523061380852,SUPPLY_SHOCK,LOW_CONF,0.0
2020-06-22,2.094,0,2.06288479414126,2.06288479414126,SUPPLY_SHOCK,LOW_CONF,0.0
2020-06-29,2.1,0,2.1093044173841236,2.1093044173841236,SUPPLY_SHOCK_3,LOW_CONF,0.0
2020-07-06,2.113,0,2.0898781455849273,2.0898781455849273,SUPPLY_SHOCK_3,LOW_CONF,0.0
2020-07-13,2.099,0,2.104861238018046,2.104861238018046,SUPPLY_SHOCK_3,LOW_CONF,0.0
2020-07-20,2.085,0,2.0684199154067473,2.0684199154067473,NORMAL,HIGH_CONF,0.0
2020-07-27,2.085,0,2.095889790980075,2.095889790980075,NORMAL,HIGH_CONF,0.0
2020-08-03,2.078,0,2.1021681526280833,2.1021681526280833,NORMAL,HIGH_CONF,0.0
2020-08-10,2.077,0,2.0869803515992764,2.0869803515992764,NORMAL,HIGH_CONF,0.0
2020-08-17,2.09,0,2.09390209384015,2.09390209384015,NORMAL,HIGH_CONF,0.0
2020-08-24,2.135,0,2.115058844670587,2.115058844670587,NORMAL,HIGH_CONF,0.0
2020-08-31,2.122,0,2.129104217952316,2.129104217952316,NORMAL,HIGH_CONF,0.0
2020-09-07,2.091,0,2.120997660368204,2.120997660368204,NORMAL,HIGH_CONF,0.0
2020-09-14,2.078,0,2.1032530013334583,2.1032530013334583,NORMAL,HIGH_CONF,0.0
2020-09-21,2.088,0,2.071098474373242,2.071098474373242,NORMAL,HIGH_CONF,0.0
2020-09-28,2.091,0,2.088246859916106,2.088246859916106,NORMAL,HIGH_CONF,0.0
2020-10-05,2.084,0,2.0925688399347915,2.0925688399347915,NORMAL,HIGH_CONF,0.0
2020-10-12,2.064,0,2.07460896222939,2.07460896222939,NORMAL,HIGH_CONF,0.0
2020-10-19,2.053,0,2.0681813596943237,2.0681813596943237,NORMAL,HIGH_CONF,0.0
2020-10-26,2.021,0,2.040569894721498,2.040569894721498,NORMAL,HIGH_CONF,0.0
2020-11-02,2.004,0,2.013715623963975,2.013715623963975,NORMAL,HIGH_CONF,0.0
2020-11-09,2.018,0,1.9895862047093302,1.9895862047093302,NORMAL,HIGH_CONF,0.0
2020-11-16,2.009,0,2.0067761325034605,2.0067761325034605,NORMAL,HIGH_CONF,0.0
2020-11-23,2.022,0,2.0224119525811455,2.0224119525811455,NORMAL,HIGH_CONF,0.0
2020-11-30,2.063,0,2.0503919986781547,2.0503919986781547,NORMAL,HIGH_CONF,0.0
2020-12-07,2.063,0,2.0565981623030325,2.0565981623030325,NORMAL,HIGH_CONF,0.0
2020-12-14,2.137,0,2.1184289348169405,2.1184289348169405,NORMAL,HIGH_CONF,0.0
2020-12-21,2.158,0,2.136037039148465,2.136037039148465,NORMAL,HIGH_CONF,0.0
2020-12-28,2.16,0,2.1702187191912836,2.1702187191912836,NORMAL,HIGH_CONF,0.0
2021-01-04,2.232,0,2.207133985913708,2.207133985913708,NORMAL,HIGH_CONF,0.0
2021-01-11,2.285,0,2.2175245146746922,2.2175245146746922,NORMAL,HIGH_CONF,0.0
2021-01-18,2.298,0,2.2975712361953886,2.2975712361953886,NORMAL,HIGH_CONF,0.0
2021-01-25,2.316,0,2.319855440919845,2.319855440919845,NORMAL,HIGH_CONF,0.0
2021-02-01,2.372,0,2.35481433198063,2.35481433198063,NORMAL,HIGH_CONF,0.0
2021-02-08,2.409,0,2.3866390704739517,2.3866390704739517,NORMAL,HIGH_CONF,0.0
2021-02-15,2.549,0,2.4853370157817603,2.4853370157817603,NORMAL,HIGH_CONF,0.0
2021-02-22,2.625,0,2.5363524102209083,2.5363524102209083,NORMAL,HIGH_CONF,0.0
2021-03-01,2.684,0,2.642049679203468,2.642049679203468,NORMAL,HIGH_CONF,0.0
2021-03-08,2.766,0,2.712670211980991,2.712670211980991,NORMAL,HIGH_CONF,0.0
2021-03-15,2.78,0,2.7582334913708375,2.7582334913708375,NORMAL,HIGH_CONF,0.0
2021-03-22,2.771,0,2.804560316601405,2.804560316601405,NORMAL,HIGH_CONF,0.0
2021-03-29,2.777,0,2.781627450274274,2.781627450274274,NORMAL,HIGH_CONF,0.0
2021-04-05,2.763,0,2.769212615481446,2.769212615481446,NORMAL,HIGH_CONF,0.0
2021-04-12,2.767,0,2.7656683157306663,2.7656683157306663,NORMAL,HIGH_CONF,0.0
2021-04-19,2.776,0,2.7677304954193302,2.7677304954193302,NORMAL,HIGH_CONF,0.0
2021-04-26,2.79,0,2.798097895070552,2.798097895070552,NORMAL,HIGH_CONF,0.0
2021-05-03,2.86,0,2.8061438138788923,2.8061438138788923,NORMAL,HIGH_CONF,0.0
2021-05-10,2.928,0,2.86912035432252,2.86912035432252,NORMAL,HIGH_CONF,0.0
2021-05-17,2.92,0,2.8974919711812506,2.8974919711812506,NORMAL,HIGH_CONF,0.0
2021-05-24,2.927,0,2.946155985472657,2.946155985472657,NORMAL,HIGH_CONF,0.0
2021-05-31,2.935,0,2.928798808419156,2.928798808419156,NORMAL,HIGH_CONF,0.0
2021-06-07,2.97,0,2.933821345218777,2.933821345218777,NORMAL,HIGH_CONF,0.0
2021-06-14,2.961,0,2.9534181062980487,2.9534181062980487,NORMAL,HIGH_CONF,0.0
2021-06-21,2.99,0,2.9731496019613477,2.9731496019613477,NORMAL,HIGH_CONF,0.0
2021-06-28,3.032,0,2.9947241136488802,2.9947241136488802,NORMAL,HIGH_CONF,0.0
2021-07-05,3.039,0,3.0220864866495054,3.0220864866495054,NORMAL,HIGH_CONF,0.0
2021-07-12,3.061,0,3.0510559836875633,3.0510559836875633,NORMAL,HIGH_CONF,0.0
2021-07-19,3.044,0,3.042130912833972,3.042130912833972,NORMAL,HIGH_CONF,0.0
2021-07-26,3.059,0,3.0168578425412678,3.0168578425412678,NORMAL,HIGH_CONF,0.0
2021-08-02,3.081,0,3.0735772130320407,3.0735772130320407,NORMAL,HIGH_CONF,0.0
2021-08-09,3.079,0,3.0624259501713906,3.0624259501713906,NORMAL,HIGH_CONF,0.0
2021-08-16,3.048,0,3.0586928329680747,3.0586928329680747,NORMAL,HIGH_CONF,0.0
2021-08-23,3.041,0,3.056701468041185,3.056701468041185,NORMAL,HIGH_CONF,0.0
2021-08-30,3.08,0,3.033649667050489,3.033649667050489,NORMAL,HIGH_CONF,0.0
2021-09-06,3.068,0,3.0742612909667573,3.0742612909667573,NORMAL,HIGH_CONF,0.0
2021-09-13,3.094,0,3.070197386238741,3.070197386238741,NORMAL,HIGH_CONF,0.0
2021-09-20,3.08,0,3.0690052732814666,3.0690052732814666,NORMAL,HIGH_CONF,0.0
2021-09-27,3.093,0,3.071705407609062,3.071705407609062,NORMAL,HIGH_CONF,0.0
2021-10-04,3.173,0,3.1150126426695053,3.1150126426695053,NORMAL,HIGH_CONF,0.0
2021-10-11,3.225,0,3.1592506682187027,3.1592506682187027,NORMAL,HIGH_CONF,0.0
2021-10-18,3.279,0,3.2399310279592664,3.2399310279592664,NORMAL,HIGH_CONF,0.0
2021-10-25,3.28,0,3.26920706188748,3.26920706188748,NORMAL,HIGH_CONF,0.0
2021-11-01,3.294,0,3.2997121745072766,3.2997121745072766,NORMAL,HIGH_CONF,0.0
2021-11-08,3.277,0,3.2633870325364414,3.2633870325364414,NORMAL,HIGH_CONF,0.0
2021-11-15,3.271,0,3.2546155954626315,3.2546155954626315,NORMAL,HIGH_CONF,0.0
2021-11-22,3.253,0,3.2408710341668074,3.2408710341668074,NORMAL,HIGH_CONF,0.0
2021-11-29,3.204,0,3.2087524594722274,3.2087524594722274,NORMAL,HIGH_CONF,0.0
2021-12-06,3.178,0,3.1455897315204644,3.1455897315204644,NORMAL,HIGH_CONF,0.0
2021-12-13,3.154,0,3.1205296539851495,3.1205296539851495,NORMAL,HIGH_CONF,0.0
2021-12-20,3.136,0,3.115975303364838,3.115975303364838,NORMAL,HIGH_CONF,0.0
2021-12-27,3.141,0,3.1093257009372053,3.1093257009372053,NORMAL,HIGH_CONF,0.0
2022-01-03,3.164,0,3.1441373571405062,3.1441373571405062,NORMAL,HIGH_CONF,0.0
2022-01-10,3.182,0,3.1531404300753523,3.1531404300753523,NORMAL,HIGH_CONF,0.0
2022-01-17,3.199,0,3.1765112892615304,3.1765112892615304,NORMAL,HIGH_CONF,0.0
2022-01-24,3.249,0,3.234903154927617,3.234903154927617,NORMAL,HIGH_CONF,0.0
2022-01-31,3.33,0,3.260530577976209,3.260530577976209,NORMAL,HIGH_CONF,0.0
2022-02-07,3.372,0,3.343736433529638,3.343736433529638,NORMAL,HIGH_CONF,0.0
2022-02-14,3.41,0,3.402205327897449,3.402205327897449,NORMAL,HIGH_CONF,0.0
2022-02-21,3.486,0,3.4848882096534126,3.4848882096534126,NORMAL,HIGH_CONF,0.0
2022-02-28,3.963,0,3.7026709454373647,3.7026709454373647,NORMAL,HIGH_CONF,0.0
2022-03-07,4.18,0,3.845685873755441,3.845685873755441,NORMAL,HIGH_CONF,0.0
2022-03-14,4.091,0,4.069317917690883,4.069317917690883,SUPPLY_SHOCK,LOW_CONF,0.0
2022-03-21,4.078,0,4.0533349440730335,4.0533349440730335,SUPPLY_SHOCK,LOW_CONF,0.0
2022-03-28,4.021,0,4.057351458784311,4.057351458784311,SUPPLY_SHOCK,LOW_CONF,0.0
2022-04-04,3.943,0,3.986029559207716,3.986029559207716,SUPPLY_SHOCK,LOW_CONF,0.0
2022-04-11,3.915,0,3.930546037045419,3.930546037045419,SUPPLY_SHOCK,LOW_CONF,0.0
2022-04-18,3.959,0,3.9087589851517706,3.9087589851517706,SUPPLY_SHOCK,LOW_CONF,0.0
2022-04-25,4.031,0,4.021835417464782,4.021835417464782,SUPPLY_SHOCK,LOW_CONF,0.0
2022-05-02,4.161,0,4.041002000513876,4.041002000513876,SUPPLY_SHOCK,LOW_CONF,0.0
2022-05-09,4.32,0,4.210989891957858,4.210989891957858,SUPPLY_SHOCK_3,LOW_CONF,0.0
2022-05-16,4.41,0,4.306040323353836,4.306040323353836,SUPPLY_SHOCK_3,LOW_CONF,0.0
2022-05-23,4.439,0,4.438345145604246,4.438345145604246,SUPPLY_SHOCK_3,LOW_CONF,0.0
2022-05-30,4.702,0,4.553831169696789,4.553831169696789,SUPPLY_SHOCK_3,LOW_CONF,0.0
2022-06-06,4.844,0,4.6370550163506365,4.6370550163506365,SUPPLY_SHOCK_3,LOW_CONF,0.0
2022-06-13,4.798,0,4.727370356403866,4.727370356403866,SUPPLY_SHOCK_3,LOW_CONF,0.0
2022-06-20,4.71,0,4.70935583087012,4.70935583087012,SUPPLY_SHOCK_3,LOW_CONF,0.0
2022-06-27,4.619,0,4.607115418840991,4.607115418840991,SUPPLY_SHOCK_3,LOW_CONF,0.0
2022-07-04,4.501,0,4.540386687150604,4.540386687150604,SUPPLY_SHOCK_3,LOW_CONF,0.0
2022-07-11,4.35,0,4.367799546844677,4.367799546844677,SUPPLY_SHOCK_3,LOW_CONF,0.0
2022-07-18,4.183,0,4.220665151769204,4.220665151769204,SUPPLY_SHOCK_3,LOW_CONF,0.0
2022-07-25,4.034,0,4.057679112460205,4.057679112460205,SUPPLY_SHOCK_3,LOW_CONF,0.0
2022-08-01,3.879,0,3.981028483905023,3.981028483905023,SUPPLY_SHOCK_3,LOW_CONF,0.0
2022-08-08,3.78,0,3.8124552974205863,3.8124552974205863,SUPPLY_SHOCK_3,LOW_CONF,0.0
2022-08-15,3.724,0,3.7435124505375375,3.7435124505375375,SUPPLY_SHOCK_3,LOW_CONF,0.0
2022-08-22,3.691,0,3.699612903362362,3.699612903362362,SUPPLY_SHOCK_3,LOW_CONF,0.0
2022-08-29,3.617,0,3.6478427339268404,3.6478427339268404,NORMAL,HIGH_CONF,0.0
2022-09-05,3.551,0,3.632599092220873,3.632599092220873,NORMAL,HIGH_CONF,0.0
2022-09-12,3.513,0,3.5169178611940053,3.5169178611940053,NORMAL,HIGH_CONF,0.0
2022-09-19,3.569,0,3.5165641425955094,3.5165641425955094,NORMAL,HIGH_CONF,0.0
2022-09-26,3.592,0,3.5199702687713286,3.5199702687713286,NORMAL,HIGH_CONF,0.0
2022-10-03,3.723,0,3.56328365241202,3.56328365241202,SUPPLY_SHOCK_3,LOW_CONF,0.0
2022-10-10,3.692,0,3.6085865156279864,3.6085865156279864,SUPPLY_SHOCK_3,LOW_CONF,0.0
2022-10-17,3.609,0,3.6192038136746203,3.6192038136746203,SUPPLY_SHOCK_3,LOW_CONF,0.0
2022-10-24,3.57,0,3.5757299218535774,3.5757299218535774,SUPPLY_SHOCK_3,LOW_CONF,0.0
2022-10-31,3.628,0,3.5922844427041616,3.5922844427041616,SUPPLY_SHOCK_3,LOW_CONF,0.0
2022-11-07,3.606,0,3.5729200995635093,3.5729200995635093,SUPPLY_SHOCK_3,LOW_CONF,0.0
2022-11-14,3.498,0,3.5132296554233773,3.5132296554233773,SUPPLY_SHOCK_3,LOW_CONF,0.0
2022-11-21,3.389,0,3.445109251825916,3.445109251825916,SUPPLY_SHOCK_3,LOW_CONF,0.0
2022-11-28,3.26,0,3.3281528640198466,3.3281528640198466,SUPPLY_SHOCK_3,LOW_CONF,0.0
2022-12-05,3.109,0,3.20926977251009,3.20926977251009,SUPPLY_SHOCK_3,LOW_CONF,0.0
2022-12-12,2.994,0,3.0781286255966593,3.0781286255966593,SUPPLY_SHOCK_3,LOW_CONF,0.0
2022-12-19,2.971,0,2.9925745997443745,2.9925745997443745,SUPPLY_SHOCK_3,LOW_CONF,0.0
2022-12-26,3.123,0,3.041021671863367,3.041021671863367,SUPPLY_SHOCK_3,LOW_CONF,0.0
2023-01-02,3.167,0,3.100259640375427,3.100259640375427,SUPPLY_SHOCK_3,LOW_CONF,0.0
2023-01-09,3.225,0,3.200426503829096,3.200426503829096,SUPPLY_SHOCK_3,LOW_CONF,0.0
2023-01-16,3.34,0,3.2359635311150887,3.2359635311150887,SUPPLY_SHOCK_3,LOW_CONF,0.0
2023-01-23,3.417,0,3.33452247369221,3.33452247369221,SUPPLY_SHOCK_3,LOW_CONF,0.0
2023-01-30,3.362,0,3.3663539150346464,3.3663539150346464,SUPPLY_SHOCK_3,LOW_CONF,0.0
2023-02-06,3.311,0,3.3417627777445755,3.3417627777445755,SUPPLY_SHOCK_3,LOW_CONF,0.0
2023-02-13,3.293,0,3.289677817628288,3.289677817628288,SUPPLY_SHOCK_3,LOW_CONF,0.0
2023-02-20,3.25,0,3.2936562650774635,3.2936562650774635,SUPPLY_SHOCK_3,LOW_CONF,0.0
2023-02-27,3.288,0,3.2688322352493686,3.2688322352493686,SUPPLY_SHOCK_3,LOW_CONF,0.0
2023-03-06,3.35,0,3.282273894062649,3.282273894062649,SUPPLY_SHOCK_3,LOW_CONF,0.0
2023-03-13,3.321,0,3.3690542335388387,3.3690542335388387,SUPPLY_SHOCK_3,LOW_CONF,0.0
2023-03-20,3.304,0,3.3287123932179545,3.3287123932179545,SUPPLY_SHOCK_3,LOW_CONF,0.0
2023-03-27,3.384,0,3.3472694525291162,3.3472694525291162,SUPPLY_SHOCK_3,LOW_CONF,0.0
2023-04-03,3.493,0,3.402001196554299,3.402001196554299,SUPPLY_SHOCK_3,LOW_CONF,0.0
2023-04-10,3.553,0,3.461912995861514,3.461912995861514,SUPPLY_SHOCK_3,LOW_CONF,0.0
2023-04-17,3.542,0,3.5274510118251645,3.5274510118251645,SUPPLY_SHOCK_3,LOW_CONF,0.0
2023-04-24,3.48,0,3.5202260584188076,3.5202260584188076,SUPPLY_SHOCK_3,LOW_CONF,0.0
2023-05-01,3.407,0,3.4548353246661767,3.4548353246661767,SUPPLY_SHOCK_3,LOW_CONF,0.0
2023-05-08,3.415,0,3.4217881706820483,3.4217881706820483,NORMAL,HIGH_CONF,0.0
2023-05-15,3.416,0,3.379762696507921,3.379762696507921,NORMAL,HIGH_CONF,0.0
2023-05-22,3.443,0,3.409492491669158,3.409492491669158,NORMAL,HIGH_CONF,0.0
2023-05-29,3.414,0,3.4231129109624305,3.4231129109624305,NORMAL,HIGH_CONF,0.0
2023-06-05,3.475,0,3.4672336465564615,3.4672336465564615,NORMAL,HIGH_CONF,0.0
2023-06-12,3.449,0,3.4193953820706566,3.4193953820706566,NORMAL,HIGH_CONF,0.0
2023-06-19,3.445,0,3.4345077138849547,3.4345077138849547,NORMAL,HIGH_CONF,0.0
2023-06-26,3.397,0,3.4327116646188927,3.4327116646188927,NORMAL,HIGH_CONF,0.0
2023-07-03,3.42,0,3.419634081836786,3.419634081836786,NORMAL,HIGH_CONF,0.0
2023-07-10,3.438,0,3.393037617910698,3.393037617910698,NORMAL,HIGH_CONF,0.0
2023-07-17,3.479,0,3.4445714127113156,3.4445714127113156,NORMAL,HIGH_CONF,0.0
2023-07-24,3.65,0,3.500498024276973,3.500498024276973,NORMAL,HIGH_CONF,0.0
2023-07-31,3.731,0,3.615709017383114,3.615709017383114,NORMAL,HIGH_CONF,0.0
2023-08-07,3.746,0,3.6864029281601045,3.6864029281601045,SUPPLY_SHOCK_3,LOW_CONF,0.0
2023-08-14,3.746,0,3.7027444752950402,3.7027444752950402,SUPPLY_SHOCK_3,LOW_CONF,0.0
2023-08-21,3.684,0,3.7122643518861107,3.7122643518861107,SUPPLY_SHOCK_3,LOW_CONF,0.0
2023-08-28,3.68,0,3.6704116457465656,3.6704116457465656,SUPPLY_SHOCK_3,LOW_CONF,0.0
2023-09-04,3.692,0,3.6711044674743913,3.6711044674743913,SUPPLY_SHOCK_3,LOW_CONF,0.0
2023-09-11,3.724,0,3.6378731208129165,3.6378731208129165,SUPPLY_SHOCK_3,LOW_CONF,0.0
2023-09-18,3.663,0,3.636716352819326,3.636716352819326,NORMAL,HIGH_CONF,0.0
2023-09-25,3.598,0,3.620807816118191,3.620807816118191,NORMAL,HIGH_CONF,0.0
2023-10-02,3.506,0,3.5350213693263832,3.5350213693263832,NORMAL,HIGH_CONF,0.0
2023-10-09,3.404,0,3.424044974091527,3.424044974091527,NORMAL,HIGH_CONF,0.0
2023-10-16,3.369,0,3.35002762801846,3.35002762801846,NORMAL,HIGH_CONF,0.0
2023-10-23,3.32,0,3.3073473525805457,3.3073473525805457,NORMAL,HIGH_CONF,0.0
2023-10-30,3.245,0,3.27909407151101,3.27909407151101,NORMAL,HIGH_CONF,0.0
2023-11-06,3.212,0,3.220538300604418,3.220538300604418,NORMAL,HIGH_CONF,0.0
2023-11-13,3.144,0,3.1551985377842424,3.1551985377842424,NORMAL,HIGH_CONF,0.0
2023-11-20,3.088,0,3.127111755181059,3.127111755181059,NORMAL,HIGH_CONF,0.0
2023-11-27,3.104,0,3.104922095086251,3.104922095086251,NORMAL,HIGH_CONF,0.0
2023-12-04,3.014,0,3.022279349204728,3.022279349204728,NORMAL,HIGH_CONF,0.0
2023-12-11,2.931,0,2.998415495990696,2.998415495990696,NORMAL,HIGH_CONF,0.0
2023-12-18,3.005,0,2.9629965159871032,2.9629965159871032,NORMAL,HIGH_CONF,0.0
2023-12-25,2.966,0,2.9567306874795496,2.9567306874795496,NORMAL,HIGH_CONF,0.0
2024-01-01,2.945,0,2.956601877064842,2.956601877064842,NORMAL,HIGH_CONF,0.0
2024-01-08,2.944,0,2.9387008138163555,2.9387008138163555,NORMAL,HIGH_CONF,0.0
2024-01-15,2.95,0,2.9157959108929083,2.9157959108929083,NORMAL,HIGH_CONF,0.0
2024-01-22,2.979,0,2.957466672855965,2.957466672855965,NORMAL,HIGH_CONF,0.0
2024-01-29,3.021,0,3.0009511744537356,3.0009511744537356,NORMAL,HIGH_CONF,0.0
2024-02-05,3.083,0,3.0418759856037507,3.0418759856037507,NORMAL,HIGH_CONF,0.0
2024-02-12,3.159,0,3.085979032479127,3.085979032479127,NORMAL,HIGH_CONF,0.0
2024-02-19,3.145,0,3.14587232673396,3.14587232673396,NORMAL,HIGH_CONF,0.0
2024-02-26,3.243,0,3.2136751853203327,3.2136751853203327,NORMAL,HIGH_CONF,0.0
2024-03-04,3.27,0,3.2061807860836606,3.2061807860836606,NORMAL,HIGH_CONF,0.0
2024-03-11,3.348,0,3.3226397980585713,3.3226397980585713,NORMAL,HIGH_CONF,0.0
2024-03-18,3.409,0,3.340944468481656,3.340944468481656,NORMAL,HIGH_CONF,0.0
2024-03-25,3.401,0,3.418330072447745,3.418330072447745,NORMAL,HIGH_CONF,0.0
2024-04-01,3.448,0,3.4609743688279964,3.4609743688279964,NORMAL,HIGH_CONF,0.0
2024-04-08,3.479,0,3.434636208212098,3.434636208212098,NORMAL,HIGH_CONF,0.0
2024-04-15,3.506,0,3.47498898737734,3.47498898737734,NORMAL,HIGH_CONF,0.0
2024-04-22,3.498,0,3.499640050702554,3.499640050702554,NORMAL,HIGH_CONF,0.0
2024-04-29,3.487,0,3.478668378376219,3.478668378376219,NORMAL,HIGH_CONF,0.0
2024-05-06,3.463,0,3.485271464024011,3.485271464024011,NORMAL,HIGH_CONF,0.0
2024-05-13,3.451,0,3.4337139278522315,3.4337139278522315,NORMAL,HIGH_CONF,0.0
2024-05-20,3.434,0,3.399484201165534,3.399484201165534,NORMAL,HIGH_CONF,0.0
2024-05-27,3.376,0,3.386198763706188,3.386198763706188,NORMAL,HIGH_CONF,0.0
2024-06-03,3.297,0,3.3473832061965423,3.3473832061965423,NORMAL,HIGH_CONF,0.0
2024-06-10,3.31,0,3.2843604373202666,3.2843604373202666,NORMAL,HIGH_CONF,0.0
2024-06-17,3.322,0,3.27642914689205,3.27642914689205,NORMAL,HIGH_CONF,0.0
2024-06-24,3.371,0,3.2990543280019127,3.2990543280019127,NORMAL,HIGH_CONF,0.0
2024-07-01,3.384,0,3.3356787148744753,3.3356787148744753,NORMAL,HIGH_CONF,0.0
2024-07-08,3.388,0,3.3746640484755868,3.3746640484755868,NORMAL,HIGH_CONF,0.0
2024-07-15,3.364,0,3.3605073437705095,3.3605073437705095,NORMAL,HIGH_CONF,0.0
2024-07-22,3.381,0,3.3638827214961182,3.3638827214961182,NORMAL,HIGH_CONF,0.0
2024-07-29,3.357,0,3.3462349034113856,3.3462349034113856,NORMAL,HIGH_CONF,0.0
2024-08-05,3.326,0,3.321546210697837,3.321546210697837,NORMAL,HIGH_CONF,0.0
2024-08-12,3.286,0,3.2802994545367987,3.2802994545367987,NORMAL,HIGH_CONF,0.0
2024-08-19,3.212,0,3.2759424050075676,3.2759424050075676,NORMAL,HIGH_CONF,0.0
2024-08-26,3.191,0,3.1866396605342704,3.1866396605342704,NORMAL,HIGH_CONF,0.0
2024-09-02,3.12,0,3.1475013585000724,3.1475013585000724,NORMAL,HIGH_CONF,0.0
2024-09-09,3.057,0,3.116150687185837,3.116150687185837,NORMAL,HIGH_CONF,0.0
2024-09-16,3.074,0,3.023652384184032,3.023652384184032,NORMAL,HIGH_CONF,0.0
2024-09-23,3.087,0,3.0320275352599855,3.0320275352599855,NORMAL,HIGH_CONF,0.0
2024-09-30,3.026,0,3.015307176747402,3.015307176747402,NORMAL,HIGH_CONF,0.0
2024-10-07,3.069,0,3.0183744969366724,3.0183744969366724,NORMAL,HIGH_CONF,0.0
2024-10-14,3.044,0,3.0315466266954436,3.0315466266954436,NORMAL,HIGH_CONF,0.0
2024-10-21,3.005,0,3.0200377722357215,3.0200377722357215,NORMAL,HIGH_CONF,0.0
2024-10-28,2.975,0,2.9880914098137006,2.9880914098137006,NORMAL,HIGH_CONF,0.0
2024-11-04,2.962,0,2.954734102040696,2.954734102040696,NORMAL,HIGH_CONF,0.0
2024-11-11,2.95,0,2.956725394308706,2.956725394308706,NORMAL,HIGH_CONF,0.0
2024-11-18,2.946,0,2.9258892659984763,2.9258892659984763,NORMAL,HIGH_CONF,0.0
2024-11-25,2.936,0,2.9319855372723787,2.9319855372723787,NORMAL,HIGH_CONF,0.0
2024-12-02,2.912,0,2.911446654347621,2.911446654347621,NORMAL,HIGH_CONF,0.0
2024-12-09,2.933,0,2.8989847915210456,2.8989847915210456,NORMAL,HIGH_CONF,0.0
2024-12-16,2.935,0,2.904752679828457,2.904752679828457,NORMAL,HIGH_CONF,0.0
2024-12-23,2.914,0,2.9225172613369175,2.9225172613369175,NORMAL,HIGH_CONF,0.0
2024-12-30,2.958,0,2.914375566335249,2.914375566335249,NORMAL,HIGH_CONF,0.0
2025-01-06,2.95,0,2.920361809352688,2.920361809352688,NORMAL,HIGH_CONF,0.0
2025-01-13,3.011,0,2.9673428511498106,2.9673428511498106,NORMAL,HIGH_CONF,0.0
2025-01-20,3.006,0,2.9827238767934623,2.9827238767934623,NORMAL,HIGH_CONF,0.0
2025-01-27,2.972,0,2.9885773721462536,2.9885773721462536,NORMAL,HIGH_CONF,0.0
2025-02-03,3.022,0,2.994383987577505,2.994383987577505,NORMAL,HIGH_CONF,0.0
2025-02-10,3.021,0,2.9960118706869463,2.9960118706869463,NORMAL,HIGH_CONF,0.0
2025-02-17,2.997,0,2.9980632755696615,2.9980632755696615,NORMAL,HIGH_CONF,0.0
2025-02-24,2.951,0,2.997918673019533,2.997918673019533,NORMAL,HIGH_CONF,0.0
2025-03-03,2.947,0,2.9741821631253837,2.9741821631253837,NORMAL,HIGH_CONF,0.0
2025-03-10,2.943,0,2.97353977916851,2.97353977916851,NORMAL,HIGH_CONF,0.0
2025-03-17,2.999,0,2.971116717480156,2.971116717480156,NORMAL,HIGH_CONF,0.0
2025-03-24,3.04,0,3.009253096290828,3.009253096290828,NORMAL,HIGH_CONF,0.0
2025-03-31,3.118,0,3.0560583612287715,3.0560583612287715,NORMAL,HIGH_CONF,0.0
2025-04-07,3.043,0,3.071174983114372,3.071174983114372,NORMAL,HIGH_CONF,0.0
2025-04-14,3.02,0,3.031864813843941,3.031864813843941,SUPPLY_SHOCK_3,LOW_CONF,0.0
2025-04-21,3.013,0,3.0020710010361658,3.0020710010361658,SUPPLY_SHOCK_3,LOW_CONF,0.0
2025-04-28,3.031,0,2.999405666243847,2.999405666243847,SUPPLY_SHOCK_3,LOW_CONF,0.0
2025-05-05,2.986,0,3.002103262582506,3.002103262582506,SUPPLY_SHOCK_3,LOW_CONF,0.0
2025-05-12,3.041,0,3.0085143028897834,3.0085143028897834,SUPPLY_SHOCK_3,LOW_CONF,0.0
2025-05-19,3.03,0,3.0155139662896486,3.0155139662896486,SUPPLY_SHOCK_3,LOW_CONF,0.0
2025-05-26,3.008,0,3.0166464958317456,3.0166464958317456,SUPPLY_SHOCK_3,LOW_CONF,0.0
2025-06-02,2.99,0,2.9976773709013558,2.9976773709013558,NORMAL,HIGH_CONF,0.0
2025-06-09,3.023,0,2.9926652552365525,2.9926652552365525,NORMAL,HIGH_CONF,0.0
2025-06-16,3.102,0,3.0080095413740233,3.0080095413740233,NORMAL,HIGH_CONF,0.0
2025-06-23,3.047,0,3.037000124299639,3.037000124299639,NORMAL,HIGH_CONF,0.0
2025-06-30,3.013,0,3.038588130624542,3.038588130624542,NORMAL,HIGH_CONF,0.0
2025-07-07,3.018,0,3.0039257196259466,3.0039257196259466,NORMAL,HIGH_CONF,0.0
2025-07-14,3.018,0,3.0028502054923587,3.0028502054923587,NORMAL,HIGH_CONF,0.0
2025-07-21,3.023,0,2.999230600610318,2.999230600610318,NORMAL,HIGH_CONF,0.0
2025-07-28,3.036,0,3.0070298381348706,3.0070298381348706,NORMAL,HIGH_CONF,0.0
2025-08-04,3.016,0,3.0191494014747384,3.0191494014747384,NORMAL,HIGH_CONF,0.0
2025-08-11,3.018,0,3.014351189112745,3.014351189112745,NORMAL,HIGH_CONF,0.0
2025-08-18,3.038,0,3.003235716695397,3.003235716695397,NORMAL,HIGH_CONF,0.0
2025-08-25,3.058,0,3.0140814605746753,3.0140814605746753,NORMAL,HIGH_CONF,0.0
2025-09-01,3.069,0,3.034240002940649,3.034240002940649,NORMAL,HIGH_CONF,0.0
2025-09-08,3.036,0,3.035849131704431,3.035849131704431,NORMAL,HIGH_CONF,0.0
2025-09-15,3.05,0,2.9997314246617917,2.9997314246617917,NORMAL,HIGH_CONF,0.0
2025-09-22,2.994,0,2.9926580956130757,2.9926580956130757,NORMAL,HIGH_CONF,0.0
2025-09-29,3.0,0,2.9814491841916984,2.9814491841916984,NORMAL,HIGH_CONF,0.0
2025-10-06,2.932,0,2.941535885102262,2.941535885102262,NORMAL,HIGH_CONF,0.0
2025-10-13,2.898,0,2.9178682010009322,2.9178682010009322,NORMAL,HIGH_CONF,0.0
2025-10-20,2.92,0,2.877191007721305,2.877191007721305,NORMAL,HIGH_CONF,0.0
2025-10-27,2.898,0,2.8581745163507972,2.8581745163507972,NORMAL,HIGH_CONF,0.0
2025-11-03,2.927,0,2.8896952272392626,2.8896952272392626,NORMAL,HIGH_CONF,0.0
2025-11-10,2.939,0,2.8818452036424205,2.8818452036424205,NORMAL,HIGH_CONF,0.0
2025-11-17,2.936,0,2.906144743125529,2.906144743125529,NORMAL,HIGH_CONF,0.0
2025-11-24,2.854,0,2.9003127897923164,2.9003127897923164,NORMAL,HIGH_CONF,0.0
2025-12-01,2.819,0,2.8520776082690653,2.8520776082690653,NORMAL,HIGH_CONF,0.0
2025-12-08,2.773,0,2.7778385143165876,2.7778385143165876,NORMAL,HIGH_CONF,0.0
2025-12-15,2.72,0,2.7395662072987355,2.7395662072987355,NORMAL,HIGH_CONF,0.0
2025-12-22,2.69,0,2.692691256365765,2.692691256365765,NORMAL,HIGH_CONF,0.0
2025-12-29,2.681,0,2.677754526232974,2.677754526232974,NORMAL,HIGH_CONF,0.0
2026-01-05,2.665,0,2.6582793424586963,2.6582793424586963,NORMAL,HIGH_CONF,0.0
2026-01-12,2.7,0,2.6698553038073953,2.6698553038073953,NORMAL,HIGH_CONF,0.0
2026-01-19,2.747,0,2.6988713728050575,2.6988713728050575,NORMAL,HIGH_CONF,0.0
2026-01-26,2.747,0,2.7002585613364567,2.7002585613364567,NORMAL,HIGH_CONF,0.0
2026-02-02,2.77,0,2.7607032451773703,2.7607032451773703,NORMAL,HIGH_CONF,0.0
2026-02-09,2.79,0,2.7723855964247237,2.7723855964247237,NORMAL,HIGH_CONF,0.0
2026-02-16,2.796,0,2.825050840722105,2.825050840722105,NORMAL,HIGH_CONF,0.0
2026-02-23,2.884,0,2.832006236789147,2.832006236789147,NORMAL,HIGH_CONF,0.0
2026-03-02,3.364,0,3.090681261122821,3.090681261122821,NORMAL,HIGH_CONF,0.0
2026-03-09,3.566,0,3.306759737844507,3.306759737844507,SUPPLY_SHOCK_3,LOW_CONF,0.0
2026-03-16,3.788,0,3.595708258416633,3.595708258416633,SUPPLY_SHOCK,LOW_CONF,0.0
2026-03-23,3.814,0,3.7323583954839945,3.7323583954839945,SUPPLY_SHOCK,LOW_CONF,0.0
2026-03-30,3.947,0,3.8355736144990096,3.8355736144990096,SUPPLY_SHOCK,LOW_CONF,0.0
2026-04-06,3.962,0,3.895061449952843,3.895061449952843,SUPPLY_SHOCK,LOW_CONF,0.0
2026-04-13,3.885,0,3.917742789845822,3.917742789845822,SUPPLY_SHOCK,LOW_CONF,0.0
2026-04-20,3.948,0,3.9261240968225284,3.9261240968225284,SUPPLY_SHOCK,LOW_CONF,0.0
2026-04-27,4.305,0,4.08962465100823,4.08962465100823,SUPPLY_SHOCK,LOW_CONF,0.0
2026-05-04,4.353,0,4.203214403357176,4.203214403357176,SUPPLY_SHOCK,LOW_CONF,0.0
2026-05-11,4.334,0,4.3129544260514505,4.3129544260514505,SUPPLY_SHOCK,LOW_CONF,0.0
2026-05-18,4.327,0,4.300481021431285,4.300481021431285,SUPPLY_SHOCK_3,LOW_CONF,0.0
2026-05-25,4.138,0,4.23169491045036,4.23169491045036,SUPPLY_SHOCK_3,LOW_CONF,0.0
2026-06-01,3.986,0,4.089485900166268,4.089485900166268,SUPPLY_SHOCK_3,LOW_CONF,0.0
2026-06-08,3.908,0,3.9034084846051007,3.9034084846051007,SUPPLY_SHOCK_3,LOW_CONF,0.0
2026-06-15,3.771,0,3.8128765848167583,3.8128765848167583,SUPPLY_SHOCK_3,LOW_CONF,0.0
2026-06-22,3.7,0,3.73221685215044,3.73221685215044,SUPPLY_SHOCK_3,LOW_CONF,0.0
2026-06-29,3.645,0,3.668410861081224,3.668410861081224,SUPPLY_SHOCK_3,LOW_CONF,0.0
2026-07-06,3.728,0,3.7166592135080614,3.7166592135080614,SUPPLY_SHOCK_3,LOW_CONF,0.0
2026-07-13,3.863,0,3.723029284238815,3.723029284238815,SUPPLY_SHOCK_3,LOW_CONF,0.0
2026-07-20,3.952,0,3.8358858985564934,3.8358858985564934,SUPPLY_SHOCK_3,LOW_CONF,0.0
2026-07-27,3.935,0,3.90165570490696,3.90165570490696,SUPPLY_SHOCK_3,LOW_CONF,0.0
2026-08-03,,1,3.9372965936972504,3.9372965936972504,SUPPLY_SHOCK_3,LOW_CONF,0.0
