week_date,actual,in_sample,oos_val,is_live,pred_persistence,pred_hgb,pred_rf,pred_gbm,pred_elasticnet,pred_ridge,pred_ensemble
2000-01-03,1.252,1,0,0,1.26,1.2895354762798936,1.5536228282526143,1.2787062766462682,2.1022119660144676,1.2327269650484276,1.44263542293075
2000-01-10,1.252,1,0,0,1.252,1.2851026891054014,1.3284680732884346,1.277210597559859,1.771500893048258,1.254021376795512,1.359979607835826
2000-01-17,1.307,1,0,0,1.252,1.29349994355846,1.3340541826346628,1.2967002459202968,1.5931562647354554,1.2760925568786745,1.3438844323012409
2000-01-24,1.307,1,0,0,1.307,1.2956405178856183,1.332003362997711,1.3230839386413054,1.5417784395900498,1.325684554019839,1.3547662525216513
2000-01-31,1.319,1,0,0,1.307,1.3059775377107383,1.3294986578359589,1.3319567400952366,1.5543253294688537,1.298639258356926,1.3530634966319317
2000-02-07,1.35,1,0,0,1.319,1.3471263343554183,1.3587723564891592,1.3471703388912915,1.5660177021783381,1.3504170101991764,1.385091638567705
2000-02-14,1.4,1,0,0,1.35,1.3876895059353238,1.409033713543869,1.3789445250665793,1.5838636278151743,1.4057921828399322,1.4256191295228047
2000-02-21,1.413,1,0,0,1.4,1.4343902909095467,1.4297403910773012,1.4425294334001444,1.612318261640919,1.4557780384501222,1.4699205817839736
2000-02-28,1.49,1,0,0,1.413,1.4530877789078491,1.4732395348359797,1.4568503328624314,1.6337613232374362,1.4594976730008595,1.4877990934356626
2000-03-06,1.511,1,0,0,1.49,1.5120592603815302,1.4993048534233844,1.5090039090596974,1.675002364469734,1.5219732994902426,1.538474927300617
2000-03-13,1.508,1,0,0,1.511,1.5122794171326908,1.501360773841573,1.5137002061591007,1.7056324603496793,1.5533479134707988,1.5532848416160019
2000-03-20,1.484,1,0,0,1.508,1.5054018247988363,1.4966703872427245,1.5123440077875219,1.7198525622964171,1.5487019299321247,1.5519104741267276
2000-03-27,1.478,1,0,0,1.484,1.484212857445574,1.4876839875736048,1.485493484302625,1.7163812220389816,1.470768123261688,1.5188045708494955
2000-04-03,1.447,1,0,0,1.478,1.4510798043601114,1.4652681665346852,1.4646409142337902,1.709077584910961,1.479260941091964,1.5053492069207635
2000-04-10,1.415,1,0,0,1.447,1.4232533327983068,1.4410338923031254,1.4261866183478868,1.692293436341891,1.4195067752146258,1.4689286200544536
2000-04-17,1.406,1,0,0,1.415,1.4147990856275403,1.4289518086293949,1.4206571069179335,1.6704220981104139,1.4121869758009336,1.4586894491494677
2000-04-24,1.386,1,0,0,1.406,1.4053209768026296,1.4152388796966848,1.4155174533527535,1.6551019322267286,1.410267233696137,1.4506005038222751
2000-05-01,1.386,1,0,0,1.386,1.394868215331514,1.418503619966004,1.3956433777570456,1.6394619292408859,1.4024914696635584,1.4401142749294518
2000-05-08,1.466,1,0,0,1.386,1.4324819334657557,1.450321120428281,1.4224154200286536,1.6319479316281953,1.4235319702249025,1.4627870787143888
2000-05-15,1.494,1,0,0,1.466,1.507238755985893,1.4746810951865623,1.4950369360771738,1.660343705896648,1.5251608928679221,1.529335175977184
2000-05-22,1.509,1,0,0,1.494,1.5144545799958826,1.5062418531838822,1.5055204747400939,1.6891507278623585,1.516288724990376,1.540014189145262
2000-05-29,1.535,1,0,0,1.509,1.520650718244959,1.5173079030643606,1.515056500593448,1.7117929234792106,1.5118963607295741,1.5474236158315424
2000-06-05,1.535,1,0,0,1.535,1.5373173218335432,1.5275476892281943,1.5389475406043303,1.7332333145895242,1.5126525338712653,1.5610949807869032
2000-06-12,1.535,1,0,0,1.535,1.5384936933209226,1.534773118322188,1.5386241940362044,1.7427157070134098,1.513834153528021,1.5642061629291213
2000-06-19,1.535,1,0,0,1.535,1.5452607086246153,1.532729337478894,1.5453376670509291,1.7467936682014704,1.5199138676719974,1.5690161533467935
2000-06-26,1.606,1,0,0,1.535,1.5600744240404159,1.5633153447397907,1.560830931137374,1.748140958931864,1.522574332974015,1.5808714156382389
2000-07-03,1.571,1,0,0,1.606,1.596680523567992,1.5540240134517718,1.6010575401649765,1.7760094593846971,1.6111100827952678,1.6240363590532865
2000-07-10,1.521,1,0,0,1.571,1.5248560195374736,1.5261469166174753,1.5298827815324894,1.7790035080576643,1.5428538128036509,1.5719977195409178
2000-07-17,1.499,1,0,0,1.521,1.490907625084683,1.5106687333411764,1.497672244491483,1.760143003993277,1.4694215855327923,1.5329010317186746
2000-07-24,1.447,1,0,0,1.499,1.4686549202212014,1.4646014550305784,1.4742969609599892,1.7389604855143785,1.4577329511112311,1.5098722643163511
2000-07-31,1.437,1,0,0,1.447,1.4252306572992954,1.445919978250647,1.4279002757845316,1.7052040580053136,1.4017933536072553,1.4677020168212889
2000-08-07,1.437,1,0,0,1.437,1.4454462618520434,1.4445909588101635,1.4483976187913272,1.6836406387478209,1.454776239997727,1.486899083740591
2000-08-14,1.444,1,0,0,1.437,1.4456997350081742,1.451510481689573,1.4508993170248055,1.6735426417524353,1.4379282626320509,1.4823134938780833
2000-08-21,1.456,1,0,0,1.444,1.4510034442088966,1.4619193031524211,1.4417206439412324,1.6723261673607772,1.4494003674228073,1.4859543485120528
2000-08-28,1.502,1,0,0,1.456,1.498205904259977,1.4886187249148013,1.47253442048526,1.6781677856381998,1.4609800093025331,1.510266161344334
2000-09-04,1.535,1,0,0,1.502,1.5224221767754385,1.5141678746299323,1.5161926225841749,1.6966457718962396,1.4862695237249177,1.5381496363298268
2000-09-11,1.539,1,0,0,1.535,1.5305013147910076,1.5268235598090707,1.5377670293020236,1.7223790390590341,1.564276694483744,1.5716093248187186
2000-09-18,1.525,1,0,0,1.539,1.530265863246813,1.5250759322684233,1.536239730347332,1.7383685603965606,1.573904689338301,1.57617093552001
2000-09-25,1.498,1,0,0,1.525,1.5047889901919889,1.5135811803846106,1.5043983929772449,1.7405764349494341,1.543104912472511,1.5544745091327967
2000-10-02,1.473,1,0,0,1.498,1.4808202967533401,1.491841279915666,1.4873669314128732,1.7283379641568524,1.485844431050586,1.5251519447502992
2000-10-09,1.516,1,0,0,1.473,1.498687919129208,1.501383119821835,1.4874900044464714,1.7106532832213706,1.4629756641875469,1.5212222656621825
2000-10-16,1.532,1,0,0,1.516,1.5177010557314432,1.5063530402399277,1.5168110110945006,1.7174583028439439,1.5219101888721125,1.5491737429538202
2000-10-23,1.523,1,0,0,1.532,1.5306223768442535,1.518514011742319,1.5192569015122592,1.7294276437295142,1.5323361519740704,1.558939654955438
2000-10-30,1.523,1,0,0,1.523,1.5156544204852478,1.519701074372659,1.5094827598493226,1.7338952977973854,1.5303411348767861,1.5541567660549749
2000-11-06,1.523,1,0,0,1.523,1.5212079574578843,1.5160141568343555,1.5156421515230891,1.7359368586299717,1.496422910242685,1.5471581540256578
2000-11-13,1.523,1,0,0,1.523,1.5118582756013443,1.5126260163405703,1.498468575493287,1.6037412210001003,1.4347481585503667,1.503022536853353
2000-11-20,1.489,1,0,0,1.523,1.4915134601415527,1.4886834254587795,1.497614534258605,1.603746044739691,1.4420651773895934,1.4970454736264205
2000-11-27,1.464,1,0,0,1.489,1.4706549914320337,1.4794854938515478,1.4834535259760466,1.5947293097853295,1.4154572463495303,1.4797017770823473
2000-12-04,1.425,1,0,0,1.464,1.4293082845009886,1.450369744403973,1.4451854036427099,1.5752445785569298,1.432931646900391,1.4603510521633414
2000-12-11,1.396,1,0,0,1.425,1.4066259598797155,1.4208858007479548,1.423551633042584,1.5366358236363955,1.4267413318708237,1.4387782003961598
2000-12-18,1.388,1,0,0,1.396,1.3946566173798405,1.4049417699717888,1.392878563141441,1.5062823944944617,1.4038342392075152,1.4163287633709498
2000-12-25,1.377,1,0,0,1.388,1.3878617406434688,1.3960912067787647,1.4015646389434668,1.491489666152693,1.3981311307789537,1.4114964753715533
2001-01-01,1.4,1,0,0,1.377,1.3928673680609591,1.4052170962644257,1.3850898198103585,1.474924364760135,1.399430314032305,1.408104372420532
2001-01-08,1.458,1,0,0,1.4,1.4546124889025391,1.4361085898705377,1.4466281912715926,1.4844003715354637,1.4554322476755432,1.4551731600744164
2001-01-15,1.458,1,0,0,1.458,1.4644172714643937,1.450118023817253,1.4643130706826124,1.516852982724589,1.503826750162708,1.4814098340720925
2001-01-22,1.446,1,0,0,1.458,1.44712120550955,1.4568031396859615,1.4527624904821184,1.5412061878999068,1.519146944859422,1.4845123428455327
2001-01-29,1.426,1,0,0,1.446,1.4390310916260676,1.4494519755338804,1.4502332450677322,1.5422219489681401,1.4730696746185836,1.4688549927624923
2001-02-05,1.46,1,0,0,1.426,1.457980620084276,1.450521313951929,1.440325625905866,1.5343619828354829,1.4408810045332197,1.4608106198993296
2001-02-12,1.429,1,0,0,1.46,1.437069163995089,1.4466862501661015,1.439495737002549,1.5426991363051357,1.5077092113522779,1.475258393602464
2001-02-19,1.429,1,0,0,1.429,1.4242230103317104,1.4452773536796313,1.4386096619341802,1.536146755289963,1.4484158183323388,1.4550518499264449
2001-02-26,1.393,1,0,0,1.429,1.4094294509212386,1.4186802207030498,1.4198433099814594,1.5286101089883695,1.4561859161537805,1.4449456233073028
2001-03-05,1.393,1,0,0,1.393,1.3905947286637184,1.404547231742304,1.3944337670066693,1.5089879246647353,1.4219050407305345,1.4211078911300035
2001-03-12,1.377,1,0,0,1.393,1.3847620591227283,1.393113662588132,1.3881983010646917,1.5042612389176797,1.4141396803285453,1.4140011788026987
2001-03-19,1.379,1,0,0,1.377,1.3790603404060275,1.3947465384733597,1.3812416331383037,1.4948525747822659,1.3968526430297734,1.405392502630044
2001-03-26,1.411,1,0,0,1.379,1.3953698654068556,1.4039793946764405,1.3912175801887663,1.4854052687249846,1.398721294644608,1.4112235124655472
2001-04-02,1.411,1,0,0,1.411,1.4265370628384006,1.4248792972746258,1.433051887066263,1.5057169151824963,1.4607020057103572,1.449716547935115
2001-04-09,1.535,1,0,0,1.411,1.5050190767786458,1.5037403567454053,1.493841676190148,1.5082037435361615,1.4488108384234688,1.487712398435555
2001-04-16,1.586,1,0,0,1.535,1.5766943885983344,1.5472227990392384,1.56591491476464,1.5726043470086308,1.5810162305993798,1.5705022756022444
2001-04-23,1.585,1,0,0,1.586,1.6001302002999198,1.5847853984822766,1.6086858120209862,1.6300300586399663,1.6078859830448486,1.6065571544388153
2001-04-30,1.585,1,0,0,1.585,1.5894864650047311,1.598739747181673,1.6026317740286138,1.6604793622707095,1.5819259753155328,1.6030491138261367
2001-05-07,1.663,1,0,0,1.585,1.641676001864592,1.6375667167760415,1.63986014439614,1.6806230926694814,1.5642547950143753,1.6259241073971562
2001-05-14,1.637,1,0,0,1.663,1.6505134932304353,1.6299193864752866,1.647203462494196,1.7053502998596595,1.6538612391932914,1.6564732553867336
2001-05-21,1.656,1,0,0,1.637,1.6253988872019949,1.6385007585200668,1.6411616534680282,1.7072360296657754,1.6341368136768053,1.6462697245029234
2001-05-28,1.63,1,0,0,1.656,1.6261894493373112,1.631657467457442,1.6291612519020822,1.7302500861127372,1.6642056813232289,1.65475333715274
2001-06-04,1.58,1,0,0,1.63,1.5855296330404611,1.601463737066537,1.5909810562978288,1.7252663148760368,1.6152580285206524,1.619694185341174
2001-06-11,1.526,1,0,0,1.58,1.5181318836594717,1.5351503558407682,1.521329734087366,1.6762408045875714,1.541980628961813,1.5533505412193653
2001-06-18,1.454,1,0,0,1.526,1.463086729931651,1.4719247562818147,1.4683548190802227,1.6380685090043476,1.4770347656368534,1.4975436867480962
2001-06-25,1.384,1,0,0,1.454,1.3936617200391048,1.421270339748997,1.406648784032732,1.585327093810888,1.3977575135114402,1.432584763653044
2001-07-02,1.35,1,0,0,1.384,1.3539080783617667,1.3745797767910997,1.3611519092176407,1.5239055470525762,1.3945967962261883,1.3970224429587643
2001-07-09,1.33,1,0,0,1.35,1.3426443598196163,1.3514390874431192,1.3441411718531728,1.472763033590767,1.3366688585072055,1.363649510562082
2001-07-16,1.33,1,0,0,1.33,1.3388144841394503,1.3403684663808486,1.3373853181106237,1.44868883522108,1.328451907970381,1.353655824988107
2001-07-23,1.319,1,0,0,1.33,1.3203844183838318,1.3395400406453397,1.336183734585049,1.4351734895234523,1.3445593703828411,1.35168300912433
2001-07-30,1.319,1,0,0,1.319,1.328717785115678,1.332640924514875,1.331928936141855,1.4228296381483192,1.334410915267234,1.346713476808642
2001-08-06,1.347,1,0,0,1.319,1.3473239294271915,1.35207655664199,1.3447601167840715,1.4238917530003719,1.368440019844446,1.3655862429194103
2001-08-13,1.399,1,0,0,1.347,1.398434326769621,1.3845893193340484,1.3710251679761272,1.436575696720943,1.3825021978956062,1.3923949593890326
2001-08-20,1.48,1,0,0,1.399,1.4699278925405455,1.4485061285645835,1.4572190513688428,1.4662289737612038,1.4242866872183648,1.4510288894135834
2001-08-27,1.538,1,0,0,1.48,1.5274867928766425,1.4928904755234838,1.5007674366460526,1.5066067646973749,1.490911348886806,1.50334242057726
2001-09-03,1.538,1,0,0,1.538,1.533178437849766,1.510673299982232,1.5308831544558046,1.568095339813597,1.504972880304773,1.5272791332106475
2001-09-10,1.516,1,0,0,1.538,1.5123750332692907,1.5019064981785422,1.519057394332427,1.5908206600465342,1.4960695827287318,1.5204345643904411
2001-09-17,1.46,1,0,0,1.516,1.4592768224348078,1.4710240291813308,1.4778690536507333,1.5953815628075652,1.4685515715523252,1.4894407084919634
2001-09-24,1.381,1,0,0,1.46,1.3837843576403819,1.4193374745508611,1.4083175620102457,1.5729364988359293,1.4004624919579258,1.429350622114813
2001-10-01,1.381,1,0,0,1.381,1.3796487620263094,1.3688788694191614,1.3634509989514447,1.5012779208429297,1.3161678991371908,1.3769866096103613
2001-10-08,1.264,1,0,0,1.381,1.2699366935468663,1.271272179180748,1.280572083390214,1.4765761552071561,1.3188647260488142,1.3190074001837242
2001-10-15,1.221,1,0,0,1.264,1.220307135910959,1.2371873073593096,1.2160182003992333,1.4129966974021047,1.1966870433427301,1.246608011112196
2001-10-22,1.193,1,0,0,1.221,1.1957958005581963,1.1974792307861224,1.18416248499256,1.3622821684957767,1.1818696985321808,1.2166684982124898
2001-10-29,1.17,1,0,0,1.193,1.156628308280569,1.1758846489898984,1.162572424016559,1.326347298895781,1.1700306089143517,1.1917976390460703
2001-11-05,1.147,1,0,0,1.17,1.1526923659059753,1.162716166666663,1.1527841908449146,1.297515234106285,1.1673486291567439,1.181563201264564
2001-11-12,1.14,1,0,0,1.147,1.1400981491927407,1.1550408737373676,1.1444180875504957,1.2714442152706955,1.1263518483094057,1.160710338113614
2001-11-19,1.097,1,0,0,1.14,1.096827805584546,1.1103503293650767,1.1043222504200212,1.2636578709654385,1.1281004167540205,1.1358506451392847
2001-11-26,1.084,1,0,0,1.097,1.083998734070788,1.1005365294612803,1.0840293753592953,1.232353519674006,1.0930350438194172,1.1128793675164506
2001-12-03,1.075,1,0,0,1.084,1.0776413240527354,1.0842206309523765,1.0845131899237017,1.216827444235806,1.07235712687745,1.1010975189052588
2001-12-10,1.042,1,0,0,1.075,1.0544081797254736,1.0608743809523762,1.0709256209454332,1.2092675548299745,1.0773120070204223,1.0900682238716097
2001-12-17,1.063,1,0,0,1.042,1.0704849604543274,1.0710766441798893,1.076141240864679,1.1841021008776165,1.0529777502620503,1.0853388073204777
2001-12-24,1.063,1,0,0,1.063,1.0760920479081093,1.0742920833333278,1.0759660634665658,1.1870746619129802,1.093659574242061,1.0984705374281893
2001-12-31,1.109,1,0,0,1.063,1.1064857493815015,1.1050241721981697,1.102895109244457,1.1890127949563136,1.0694693477180632,1.1087648693043715
2002-01-07,1.109,1,0,0,1.109,1.1056836994210946,1.1076553663620314,1.1136411178346983,1.209748184522929,1.128820449978502,1.1307315151630868
2002-01-14,1.109,1,0,0,1.109,1.1014803557350952,1.1190158689150345,1.1114226230918736,1.228077173849454,1.1185871098117113,1.1312843562160864
2002-01-21,1.081,1,0,0,1.109,1.083390922166275,1.1018414505371177,1.091577323222801,1.224724778962994,1.106157415961792,1.11687710811784
2002-01-28,1.098,1,0,0,1.081,1.0986617640044256,1.105016847362518,1.0966745247789593,1.214641783252151,1.0666750414509094,1.1092176777654172
2002-02-04,1.085,1,0,0,1.098,1.0850189394611376,1.1073084756693907,1.091347595046834,1.219556673967333,1.098142391173055,1.1149745962565047
2002-02-11,1.089,1,0,0,1.085,1.0903620699209398,1.1084143675645335,1.100238043458471,1.216864331769721,1.109511324579147,1.120769462920066
2002-02-18,1.087,1,0,0,1.089,1.090846553356379,1.0964307194163827,1.0915936265604642,1.219391767405807,1.1241784443148388,1.1216357476360435
2002-02-25,1.118,1,0,0,1.087,1.1214902543185756,1.1224596395481883,1.1218839085115597,1.217807883901306,1.1462573758098322,1.1439851724558703
2002-03-04,1.194,1,0,0,1.118,1.1660520411239041,1.1779291699313879,1.172090078749334,1.2231196473700923,1.1541913377139263,1.1750956085847435
2002-03-11,1.194,1,0,0,1.194,1.1813053906439877,1.1988994415183583,1.195037395945108,1.2784141451718205,1.2591707100163492,1.2236673867417265
2002-03-18,1.308,1,0,0,1.194,1.3079084017827747,1.308954073414974,1.3070993355884435,1.3105008947889996,1.2382195841034769,1.2893804047480188
2002-03-25,1.339,1,0,0,1.308,1.344183816037316,1.3441888812962317,1.3450349332491813,1.371719706226534,1.3811348362387383,1.3588447714894394
2002-04-01,1.382,1,0,0,1.339,1.3895994218680028,1.3734221406375928,1.377462485069029,1.409182486950217,1.3740162090996,1.3835316451260782
2002-04-08,1.368,1,0,0,1.382,1.3726359261482872,1.3743953191118152,1.3697550430538359,1.4553731008023723,1.382488433258346,1.388316303881135
2002-04-15,1.367,1,0,0,1.368,1.3761831977384509,1.3753002350730792,1.3715072123034369,1.468842722523064,1.3521901911463132,1.3834930874942817
2002-04-22,1.367,1,0,0,1.367,1.3641984325527228,1.3662020529964094,1.3650183543580627,1.4652762770334673,1.3399380523513957,1.3743870816153503
2002-04-29,1.356,1,0,0,1.367,1.3581783307175979,1.3638998164796927,1.366078305473557,1.4664099092397445,1.392167314223116,1.3873985486691383
2002-05-06,1.349,1,0,0,1.356,1.3543120724801165,1.3602264431289743,1.353349894890541,1.4665070152245125,1.3453610489551018,1.3706655869392903
2002-05-13,1.36,1,0,0,1.349,1.350559804265448,1.3595689332120593,1.351458113731931,1.4536838421170664,1.367096550362668,1.3732323896195122
2002-05-20,1.348,1,0,0,1.36,1.351179284313301,1.3552070440346868,1.3526630563219728,1.4583249070037674,1.3997517275898832,1.3825782086889098
2002-05-27,1.353,1,0,0,1.348,1.3524231079058686,1.3541021253822776,1.3546617019367682,1.4554561492034217,1.3810951279574208,1.3775580714210416
2002-06-03,1.332,1,0,0,1.353,1.3401169494620377,1.3470792798882645,1.3506234137769486,1.4535571629966328,1.355817718812048,1.3659453262431513
2002-06-10,1.335,1,0,0,1.332,1.343693419840606,1.3462616531004916,1.3377484317205903,1.4400870474409513,1.3351116962078455,1.3560439862449618
2002-06-17,1.342,1,0,0,1.335,1.3428082350278585,1.3476548140719136,1.3401600726508425,1.4352299015554189,1.327335454644559,1.3536839990062415
2002-06-24,1.357,1,0,0,1.342,1.3509046484252425,1.3554953280084032,1.356583546934246,1.4429608254704616,1.3364473497188805,1.363715245170015
2002-07-01,1.345,1,0,0,1.357,1.355382745802048,1.3556497420447837,1.3555249227704274,1.4482035804818525,1.3686362512841062,1.3740269098939406
2002-07-08,1.361,1,0,0,1.345,1.364702718490385,1.3663075812360472,1.36837764403462,1.4498456222326321,1.37693355858233,1.382776864416905
2002-07-15,1.381,1,0,0,1.361,1.3646868727188664,1.3677614673753704,1.3609366528801439,1.45175526346065,1.3767187168102761,1.381672465696349
2002-07-22,1.376,1,0,0,1.381,1.3711832042026206,1.3718963501336887,1.3767873974662654,1.4684980358944746,1.3961111038732756,1.3949431656196651
2002-07-29,1.355,1,0,0,1.376,1.3613555450696613,1.371190863424517,1.3623093512511364,1.4729634028569094,1.3722844643249592,1.3840091499174196
2002-08-05,1.355,1,0,0,1.355,1.3528391075196669,1.3667946555611412,1.3562888407587517,1.4693765911933199,1.3643614146971843,1.3775953197671735
2002-08-12,1.357,1,0,0,1.355,1.3539841374423476,1.3634471693001438,1.3504878254385784,1.457075458004368,1.348086921086152,1.3696979885830745
2002-08-19,1.365,1,0,0,1.357,1.3598211938967262,1.36168683267095,1.3541917902397422,1.4562080979991707,1.364459021982448,1.37572300855719
2002-08-26,1.353,1,0,0,1.365,1.3561649407320178,1.3616375891607626,1.3588044841512785,1.4605793257181252,1.3748190614967106,1.3794562727292479
2002-09-02,1.355,1,0,0,1.353,1.358787082601744,1.3648634285750931,1.358434398186073,1.4616443668457744,1.3553003699291784,1.3752717441035553
2002-09-09,1.367,1,0,0,1.355,1.3692195761816814,1.3665248665530996,1.3693133295498037,1.4598448673750846,1.370162336882728,1.3837093431521061
2002-09-16,1.367,1,0,0,1.367,1.3672702221107254,1.3676795545266112,1.3608765654222124,1.461035624704518,1.3756909454638593,1.3833966320250408
2002-09-23,1.385,1,0,0,1.367,1.3807864184181478,1.3828679173322698,1.370083113397887,1.4639297905195243,1.3636720588925173,1.3876045430839379
2002-09-30,1.416,1,0,0,1.385,1.406836060474637,1.4075186328912812,1.418683466160698,1.4787389773805821,1.3860899102594584,1.4154003964469881
2002-10-07,1.422,1,0,0,1.416,1.4300828701947172,1.422005051572185,1.418265624589803,1.4912551394578788,1.4068403659557622,1.4299288490803614
2002-10-14,1.443,1,0,0,1.422,1.4324988134299432,1.4349366785362758,1.430935791557259,1.5029543981090732,1.4306767921125605,1.443406315330401
2002-10-21,1.427,1,0,0,1.443,1.4325200453521088,1.4332696548426325,1.4345371361227306,1.5230139260932345,1.4518106579753005,1.4528970379996538
2002-10-28,1.427,1,0,0,1.427,1.426244292977838,1.4298744201842604,1.4317840220760676,1.5190685839760747,1.434652780595406,1.4452170688972867
2002-11-04,1.427,1,0,0,1.427,1.4217680222977045,1.4225735819222087,1.4263055989780462,1.5233844087730135,1.418446978431685,1.4383362289406163
2002-11-11,1.37,1,0,0,1.427,1.3820133738908809,1.3916996712339698,1.3963869693179578,1.5127766510598313,1.3981188974422045,1.4119715647549893
2002-11-18,1.336,1,0,0,1.37,1.3318025066913006,1.3572759328557842,1.3352818622311324,1.4816497137962412,1.3259722291209262,1.358956409805244
2002-11-25,1.316,1,0,0,1.336,1.3240832358170322,1.3342856416797864,1.3219593598749038,1.4560537009673655,1.3028597926024788,1.340692625034743
2002-12-02,1.316,1,0,0,1.316,1.317195250797491,1.3356694308702695,1.3161165253005538,1.4324144463586486,1.2898850698577502,1.330913392633799
2002-12-09,1.322,1,0,0,1.316,1.3209819725257836,1.3365552543230035,1.3253786328797565,1.4240249827694194,1.3168703747915074,1.3397570165218693
2002-12-16,1.322,1,0,0,1.322,1.3279863350351488,1.340002896168455,1.3356860391480878,1.4243081207726693,1.3327968333807654,1.3482628101181562
2002-12-23,1.322,1,0,0,1.322,1.338030912522017,1.3567246633043657,1.3395904751746175,1.439226336353453,1.3610338817841752,1.363745238142276
2002-12-30,1.412,1,0,0,1.322,1.4006181665746364,1.4161012759044869,1.395344298885042,1.4450680234497808,1.3552685883222766,1.3966845515490809
2003-01-06,1.423,1,0,0,1.412,1.4293911510691955,1.430697254047961,1.4213386818485378,1.4758445863777152,1.443454256188303,1.439203352586019
2003-01-13,1.422,1,0,0,1.423,1.4269362525906233,1.4485308093637959,1.4431853522737186,1.5017913259094038,1.4742158012931716,1.4585316000830046
2003-01-20,1.437,1,0,0,1.422,1.439771907252472,1.4531035062647724,1.4462257387379063,1.5175133213101821,1.46670034997332,1.4629950351761973
2003-01-27,1.499,1,0,0,1.437,1.4829689393667194,1.4856677684142354,1.4759808406828918,1.5308796876736621,1.476988837057703,1.4880049366988475
2003-02-03,1.582,1,0,0,1.499,1.5676931797235072,1.5457768854561431,1.5485459237177128,1.5578484146103804,1.5617088769448892,1.5571442045918118
2003-02-10,1.63,1,0,0,1.582,1.6309139350436899,1.596731393891975,1.6313012832735407,1.6137060403551062,1.6356070029656586,1.62435338476319
2003-02-17,1.617,1,0,0,1.63,1.617084318713935,1.6104783297049075,1.612837535054582,1.6695861226618303,1.646451180439282,1.6316425534421308
2003-02-24,1.617,1,0,0,1.617,1.6228009939422565,1.616081884734138,1.614707163894438,1.6891528597622942,1.674190315048465,1.6447479753668925
2003-03-03,1.617,1,0,0,1.617,1.621682206499534,1.6287998340823675,1.6195612358320723,1.6995333048115506,1.6699167325576574,1.6479681030342668
2003-03-10,1.673,1,0,0,1.617,1.6520621541149552,1.6492760964066866,1.6470850572068791,1.706094257888696,1.6277309245919838,1.652699237681462
2003-03-17,1.626,1,0,0,1.673,1.6380885819561382,1.6336749010997564,1.658095845163976,1.7316342719900049,1.7137777182490679,1.6772980405481508
2003-03-24,1.577,1,0,0,1.626,1.5891825082213165,1.6063589384063697,1.6096106147564564,1.7137671933112881,1.6660703044395562,1.6370607721214352
2003-03-31,1.557,1,0,0,1.577,1.5409621810341805,1.5619959516890787,1.5461917571170274,1.6740991437981776,1.6132368882414112,1.5863411878845128
2003-04-07,1.521,1,0,0,1.557,1.5307022046306396,1.5260681152032505,1.5240197489797078,1.6575765434428202,1.58250661485217,1.5631364117394304
2003-04-14,1.521,1,0,0,1.521,1.5137156924364867,1.5103988104103736,1.5009470583361206,1.6172849738670907,1.5060655229493134,1.525152414150487
2003-04-21,1.521,1,0,0,1.521,1.5065512955060594,1.495815347486225,1.5127342580268361,1.604601077977406,1.502657567444193,1.5209996796262133
2003-04-28,1.441,1,0,0,1.521,1.4689687935358082,1.465429229815836,1.4931002988784972,1.6066570598062446,1.513198942515701,1.5077538035692235
2003-05-05,1.427,1,0,0,1.441,1.43295883277219,1.4482441691543964,1.4399490465521374,1.5645775433996787,1.4385533599649298,1.4594842197716016
2003-05-12,1.444,1,0,0,1.427,1.4422773095110184,1.4457260646514094,1.4398921548107617,1.5341681841385684,1.426795544350686,1.4529102379226646
2003-05-19,1.444,1,0,0,1.444,1.4406613314027477,1.4386743064886702,1.442346707465346,1.5301679793766787,1.4440105967569186,1.456066594022643
2003-05-26,1.428,1,0,0,1.444,1.4406433022158642,1.443594047138654,1.441937113436794,1.533289062115408,1.439460560420584,1.4559838026063963
2003-06-02,1.456,1,0,0,1.428,1.452137182595107,1.4602642721072208,1.459449693017158,1.5349118760472609,1.4258340369734233,1.4611087811235608
2003-06-09,1.48,1,0,0,1.456,1.4698443860951744,1.4716043529557215,1.4636482326770361,1.5407532666794679,1.4829681036223872,1.4838062077289267
2003-06-16,1.48,1,0,0,1.48,1.4908266452853038,1.4700722210943615,1.4948336316012583,1.5562014522450096,1.5243571533816196,1.5082055335071243
2003-06-23,1.443,1,0,0,1.48,1.4564594232325232,1.4596721040247171,1.4703947992300854,1.5585837059114898,1.4961524204106231,1.487139772723046
2003-06-30,1.448,1,0,0,1.443,1.4408446363718757,1.4583632740418178,1.44397872965592,1.547331235308784,1.4368576919461793,1.4602353369487873
2003-07-07,1.489,1,0,0,1.448,1.4646396188474606,1.4690714570039756,1.4500577119009184,1.5454735038522147,1.4627497579378321,1.4747567437161868
2003-07-14,1.496,1,0,0,1.489,1.4976759413681846,1.482545013521013,1.497522592470666,1.5600480065933482,1.5118011243159553,1.5092667688221186
2003-07-21,1.488,1,0,0,1.496,1.5085955021031046,1.495605123132716,1.5090659160546716,1.5780489897973793,1.5228931232152785,1.5218290394707812
2003-07-28,1.516,1,0,0,1.488,1.518706338111303,1.5139877764786485,1.5171644623645546,1.58088942938782,1.5229347688247106,1.5288512020053633
2003-08-04,1.516,1,0,0,1.516,1.5188154330504613,1.509524223136471,1.5169800766773471,1.5881703478740583,1.5457091642191618,1.535525179518074
2003-08-11,1.594,1,0,0,1.516,1.5737417297470389,1.5632810668929868,1.5559125990677545,1.598335762037127,1.5483237626406399,1.5654696176980842
2003-08-18,1.693,1,0,0,1.594,1.679148416296522,1.635869557201742,1.6594261246139237,1.6337982236676103,1.6253778103967118,1.6465550595644585
2003-08-25,1.688,1,0,0,1.693,1.6908719082378514,1.6516513577889633,1.675234153499938,1.6981956618052991,1.7183012551358767,1.6903077036691252
2003-09-01,1.653,1,0,0,1.688,1.6672722831612767,1.650813882736208,1.6635715681087504,1.745221571563181,1.699157219573585,1.6852529564073275
2003-09-08,1.636,1,0,0,1.653,1.631168658871167,1.6442762061216012,1.6426617278509126,1.7440654045083521,1.6293719909670514,1.6532881180712862
2003-09-15,1.58,1,0,0,1.636,1.579700756857833,1.5963038402093563,1.593222756203258,1.7052495287795322,1.5766460839557574,1.6044731167438515
2003-09-22,1.524,1,0,0,1.58,1.526157981286839,1.544024446398191,1.5342697743725897,1.6739959973867846,1.5386560136654126,1.5578000954500448
2003-09-29,1.511,1,0,0,1.524,1.5138227028189928,1.5114596079570413,1.4939762770494462,1.6274666855720514,1.4963332676286765,1.5228620846824825
2003-10-06,1.515,1,0,0,1.511,1.506943213943996,1.5060794113649862,1.4959531465077562,1.6068219815349338,1.4743089949808135,1.5117411303521169
2003-10-13,1.515,1,0,0,1.515,1.50969783049742,1.4989729175818294,1.4982223393836005,1.5952662107737805,1.4961507682074888,1.5157872198728728
2003-10-20,1.499,1,0,0,1.515,1.5059876151113827,1.49835341019811,1.50656386403307,1.5960213538536354,1.4996355447090912,1.517758946288324
2003-10-27,1.499,1,0,0,1.499,1.500115311731689,1.4986896711358144,1.4973996075529583,1.5871555559740718,1.4742618682094923,1.506345144287786
2003-11-03,1.499,1,0,0,1.499,1.4952505272573728,1.4914302857010795,1.4912331825806235,1.579839744049087,1.4696441642895466,1.5005173791190551
2003-11-10,1.459,1,0,0,1.499,1.4749622537350595,1.4707464465128968,1.4818921679925539,1.5726603174670561,1.4807635470052862,1.4931260527305898
2003-11-17,1.478,1,0,0,1.459,1.4516044561836918,1.468782410657601,1.4432206718899707,1.5608905761322693,1.4455223961857564,1.4683968977071955
2003-11-24,1.454,1,0,0,1.478,1.468305300986309,1.4670756178758375,1.4677062474822906,1.5645905164352427,1.47680528546843,1.4858354395738973
2003-12-01,1.441,1,0,0,1.454,1.4418210866006902,1.4572342269642984,1.431443966873321,1.5501269357681213,1.4500864798973863,1.4616673735690753
2003-12-08,1.433,1,0,0,1.441,1.435203096752434,1.4495562669490532,1.4402553178371826,1.5380535432851556,1.4623980238877639,1.4624070903882453
2003-12-15,1.459,1,0,0,1.433,1.450863382213519,1.454147300838739,1.4593287643260933,1.5363394950622118,1.4553010045640038,1.468137023769839
2003-12-22,1.459,1,0,0,1.459,1.473696688105204,1.4625220966867165,1.472652268081576,1.5454763950571837,1.4979461335240976,1.4899627495905963
2003-12-29,1.492,1,0,0,1.459,1.4944292718406906,1.4805232256042127,1.4863108336787354,1.5459713450459813,1.5020937491858826,1.501022025555343
2004-01-05,1.544,1,0,0,1.492,1.5359992041188837,1.5125485836535286,1.5245500544391266,1.566674613467722,1.5205119544559438,1.5307979503530995
2004-01-12,1.579,1,0,0,1.544,1.5708386263599379,1.5594777951583207,1.5653968788432469,1.6044176909575711,1.6001541702927433,1.5813631854275556
2004-01-19,1.604,1,0,0,1.579,1.580060487647088,1.5878539975293509,1.5720573681496377,1.6395068010235343,1.6138820443815483,1.5983227145363714
2004-01-26,1.591,1,0,0,1.604,1.6077096229798964,1.5925386694983668,1.6169659375599383,1.6633467246394025,1.63322693250208,1.6232877063988216
2004-02-02,1.609,1,0,0,1.591,1.6190473971524513,1.6114819659869961,1.6188275847284217,1.6721033951773774,1.630629018126988,1.629568282094596
2004-02-09,1.617,1,0,0,1.609,1.6142014842561407,1.6157289113073638,1.62259194183022,1.6829569049991902,1.6286085336978826,1.6312063007196267
2004-02-16,1.641,1,0,0,1.617,1.6291640184262044,1.6238258683652878,1.6337642328507669,1.6836646380092846,1.6429802354878515,1.641876704676154
2004-02-23,1.641,1,0,0,1.641,1.6474846622464463,1.6414123211387799,1.6651961003192328,1.7047044188904505,1.674952892048314,1.6669999951242351
2004-03-01,1.69,1,0,0,1.641,1.67093865315884,1.6731370397691254,1.6692659253140962,1.7117114862808687,1.6696657306443965,1.6771479141477406
2004-03-08,1.69,1,0,0,1.69,1.6848438870056228,1.6942392041384533,1.6877794341575891,1.7492177596158074,1.7102842655342823,1.7041722116975904
2004-03-15,1.698,1,0,0,1.69,1.6863491586234096,1.69934719572235,1.6882362689048687,1.7542580425535443,1.7081613981822208,1.7055827898768239
2004-03-22,1.716,1,0,0,1.698,1.722206299159128,1.7175244192354824,1.7140715254114016,1.7696320167407829,1.7114531814809197,1.724515346589812
2004-03-29,1.716,1,0,0,1.716,1.7185896147773838,1.722677880443633,1.7218245077864158,1.7807443682528579,1.7119924073635246,1.7281210083461676
2004-04-05,1.74,1,0,0,1.716,1.7375111748082783,1.7376322399269493,1.7276711657923938,1.7845179462649126,1.7306547939698378,1.741174020171525
2004-04-12,1.74,1,0,0,1.74,1.7446162871776427,1.7349911897667538,1.7536640684629945,1.7891964796470772,1.7550145319684485,1.7550933950922458
2004-04-19,1.774,1,0,0,1.74,1.7587918483288547,1.7774815807798883,1.7644226490990298,1.8110517077200927,1.757360830500292,1.7708321398657318
2004-04-26,1.774,1,0,0,1.774,1.8003044658326808,1.7848273055645159,1.797153969984791,1.8255277777820154,1.7795894677364532,1.7957531399910942
2004-05-03,1.774,1,0,0,1.774,1.7928941398705216,1.794185149905164,1.7998651166900927,1.8368409975676567,1.8093553372186233,1.8061200737263852
2004-05-10,1.979,1,0,0,1.774,1.9364743878682038,1.9210850381804865,1.9319578922614165,1.8510513904027346,1.8218406652863757,1.8882837582016894
2004-05-17,2.026,1,0,0,1.979,2.020842334257197,1.972157536287677,2.0250604784168407,1.9375510604079969,2.0358121437048284,2.0050402719570473
2004-05-24,2.004,1,0,0,2.026,2.0101901181336337,1.9882203790926625,2.0112060582590665,2.0193536056054056,2.052213418804424,2.019994913106604
2004-05-31,1.983,1,0,0,2.004,1.9886616895029066,1.9928504705505918,1.9840252653708077,2.0528288015942873,2.0069193673234165,2.0036250476759885
2004-06-07,1.983,1,0,0,1.983,1.9748455348744034,1.9920052271410051,1.980953689411901,2.0532155642057504,1.931961830502728,1.9797066007873683
2004-06-14,1.873,1,0,0,1.983,1.9082211252032257,1.9251443584940913,1.922267376704258,2.0189917827874897,1.9115649103861458,1.9325066050071111
2004-06-21,1.859,1,0,0,1.873,1.867031435064241,1.8901971938001596,1.858682720073956,1.9659136874690886,1.8324165478731393,1.875301894615809
2004-06-28,1.859,1,0,0,1.859,1.8479761024969674,1.8659115377024686,1.848134650944945,1.934512769568087,1.8041232927125121,1.852753031026964
2004-07-05,1.869,1,0,0,1.859,1.8562562936333706,1.8629578322509928,1.853915341010526,1.915059469018002,1.8754596928254093,1.8714734190713147
2004-07-12,1.888,1,0,0,1.869,1.8924283048673511,1.8679371306150074,1.8778518352442184,1.9239197318064298,1.8769708271122925,1.8865506312421134
2004-07-19,1.861,1,0,0,1.888,1.8628721448641212,1.86177797168234,1.8697569087152628,1.9399526817556791,1.8808576958493481,1.8814802154753183
2004-07-26,1.846,1,0,0,1.861,1.8432032226386879,1.8548200539351312,1.8543024378520594,1.9342872450138302,1.858735970188413,1.866204680083779
2004-08-02,1.839,1,0,0,1.846,1.8455955449196042,1.8503479453591156,1.8455654615407207,1.91944005106535,1.8657954259813234,1.8637040317653701
2004-08-09,1.842,1,0,0,1.839,1.8398922320967155,1.8507004198045358,1.8445065018815596,1.915797890390031,1.8528412210818765,1.858253777404086
2004-08-16,1.854,1,0,0,1.842,1.8481024512075925,1.8500920084224524,1.8496207180578423,1.906489502613613,1.8628479695950997,1.8621466343087312
2004-08-23,1.827,1,0,0,1.854,1.8474796468145387,1.846582526881003,1.852398362734864,1.9182474945019221,1.9014277488679205,1.874454523493196
2004-08-30,1.815,1,0,0,1.827,1.8286169657337423,1.8442865414339509,1.8315545896290226,1.904745226351171,1.84936816597487,1.8495116471070774
2004-09-06,1.813,1,0,0,1.815,1.8260081312283172,1.8266217506411162,1.818645863124828,1.8806268246791729,1.8152539691316596,1.83043665975308
2004-09-13,1.839,1,0,0,1.813,1.8380123382211262,1.839999375516937,1.8357315314757798,1.8824754576670766,1.8315919293575382,1.8432583949230938
2004-09-20,1.839,1,0,0,1.839,1.8505461051396581,1.844321283896945,1.8534700782735154,1.8886503755717556,1.8457711400816834,1.8550761038224466
2004-09-27,1.902,1,0,0,1.839,1.8854916795857943,1.893843841676116,1.8803697141087552,1.9031068174025618,1.8636505580079907,1.8825754157294012
2004-10-04,1.949,1,0,0,1.902,1.940803211765282,1.929380662808813,1.938609112624068,1.9401634246781143,1.911647966648383,1.9305983542053782
2004-10-11,1.949,1,0,0,1.949,1.960560088763373,1.9481054834806215,1.9571697576418103,1.9736839559508146,1.9876940996494918,1.9674604405182827
2004-10-18,1.98,1,0,0,1.949,1.972296482584791,1.9721237651074246,1.9685060717432512,2.0014827053707194,1.9801955422334818,1.978325157787781
2004-10-25,1.98,1,0,0,1.98,1.9719421741512553,1.9731574655958255,1.9758532130243087,2.0162046762492603,1.9928072465816073,1.985758645335088
2004-11-01,1.951,1,0,0,1.98,1.9631038915480246,1.9663821592929784,1.9638180011149902,2.0318000179483637,1.9833610841113538,1.9803326872684814
2004-11-08,1.918,1,0,0,1.951,1.9339606626820156,1.943112872999717,1.9391646875093216,2.0108333874784154,1.9505355484119296,1.9533386024381962
2004-11-15,1.918,1,0,0,1.918,1.9099124443624058,1.926508990323697,1.894372453070616,1.9906466601714445,1.9248517246802446,1.9262131746044036
2004-11-22,1.903,1,0,0,1.918,1.8951996026892606,1.9120766990230755,1.8972027795433442,1.9743786072335094,1.9258660936728471,1.9192646893324263
2004-11-29,1.868,1,0,0,1.903,1.8872877004447992,1.879810836768356,1.8959919142432915,1.9692862381317129,1.9298537615244415,1.9127908234890887
2004-12-06,1.799,1,0,0,1.868,1.810422538804833,1.8444872585942493,1.8346909178147182,1.9520729430964474,1.8760622918504977,1.8613480880436406
2004-12-13,1.777,1,0,0,1.799,1.7729049974266096,1.8037849151641978,1.787681677697749,1.8929198329398997,1.790925931636986,1.8049224165293813
2004-12-20,1.754,1,0,0,1.777,1.7627772729001285,1.776423269374596,1.7805915666319154,1.859121109757278,1.7669695464149937,1.7852678655478442
2004-12-27,1.745,1,0,0,1.754,1.7639137702586152,1.7707347943408096,1.7533044075191448,1.8410629511125092,1.7377196643345885,1.768030872044704
2005-01-03,1.771,1,0,0,1.745,1.756573850101088,1.77839824822554,1.7551893490835737,1.811705941462343,1.7387305846309347,1.7636104176619563
2005-01-10,1.802,1,0,0,1.771,1.8081118374021443,1.8018195429017085,1.806911854088265,1.826887435582396,1.7704501246044986,1.7997092766742868
2005-01-17,1.839,1,0,0,1.802,1.825251549343383,1.838457575622537,1.8159113846569448,1.8525704917040169,1.8062614838763216,1.8245155507438513
2005-01-24,1.896,1,0,0,1.839,1.8670899226543858,1.8703935587886236,1.8767854160871955,1.8858376363440603,1.8368580288465797,1.8644428337349233
2005-01-31,1.89,1,0,0,1.896,1.9011641709720035,1.8901257992136022,1.8933171171356846,1.9250602663095728,1.8980745019787288,1.9008641427257826
2005-02-07,1.873,1,0,0,1.89,1.885733709156888,1.89263792951081,1.8818344803903801,1.9446651699417896,1.9189097889705669,1.9044693841452347
2005-02-14,1.878,1,0,0,1.873,1.8879623563191363,1.891185215928025,1.887210744317797,1.9325164339020793,1.8959943775635004,1.897657901339092
2005-02-21,1.904,1,0,0,1.878,1.9058064607737897,1.8999426219923226,1.8984802722649377,1.9409428070829322,1.9037956332218284,1.9085009055971396
2005-02-28,1.979,1,0,0,1.904,1.9724271081381572,1.948538003851414,1.9525426240684676,1.9481669402536341,1.941507350223826,1.9523261072524118
2005-03-07,2.039,1,0,0,1.979,2.0343097759055055,1.9986685192227205,2.028770856375826,1.9816667314929695,2.0201496171079603,2.015441627586353
2005-03-14,2.039,1,0,0,2.039,2.0486822825749655,2.0309210014448604,2.0624307773003157,2.058451749376106,2.083484457318158,2.0599416436883446
2005-03-21,2.039,1,0,0,2.039,2.0361439645158974,2.0606985616121443,2.0645595393837537,2.0837184123532255,2.0782718499555286,2.0649504142864443
2005-03-28,2.196,1,0,0,2.039,2.162865749603141,2.168636612710999,2.1589625202193954,2.1062990337367435,2.074341575502073,2.129735456638439
2005-04-04,2.196,1,0,0,2.196,2.2200098175790206,2.2013570607203543,2.209937342708787,2.167960442799576,2.2311709005278195,2.2097156067244135
2005-04-11,2.198,1,0,0,2.196,2.203154154774452,2.2343762015089124,2.212215959271312,2.223489105230724,2.2430576399784097,2.2238827814149222
2005-04-18,2.198,1,0,0,2.198,2.2058406472900987,2.2235801713335324,2.1996668571116005,2.2228378901445476,2.206879939641098,2.210230870817898
2005-04-25,2.191,1,0,0,2.198,2.17972009751208,2.191953044694152,2.18134570305861,2.2243148762212557,2.205646001021005,2.196140177119743
2005-05-02,2.191,1,0,0,2.191,2.1963166406284658,2.2282217947570384,2.2035491587755818,2.241386767953492,2.2019315902500978,2.211436914193745
2005-05-09,2.116,1,0,0,2.191,2.1281619958564075,2.158742295724594,2.1561953749297804,2.222792329593084,2.183232666166993,2.168901201656299
2005-05-16,2.077,1,0,0,2.116,2.079959623040971,2.13128774046534,2.077753786730276,2.189254084779103,2.1096442351588296,2.11290997190663
2005-05-23,2.051,1,0,0,2.077,2.059908362040616,2.1043371225965033,2.0645028707055344,2.1455035307116948,2.062208386042972,2.081992563323634
2005-05-30,2.051,1,0,0,2.051,2.0651132090734614,2.091858328023233,2.064534180338929,2.1158243001745833,2.02894569506705,2.0673683504232265
2005-06-06,2.099,1,0,0,2.051,2.098986501609644,2.12234039376819,2.088820838312396,2.1105393916340134,2.042563512309511,2.0868897684518224
2005-06-13,2.128,1,0,0,2.099,2.1223916853619618,2.1546666997613477,2.109093900136422,2.1309678321578,2.105293273591239,2.1211795027356537
2005-06-20,2.186,1,0,0,2.128,2.1759933364023922,2.2012546263920036,2.171478870366696,2.155982402647547,2.1396249501889617,2.1657321467235624
2005-06-27,2.189,1,0,0,2.186,2.189742975919879,2.222341662065774,2.2063558968353574,2.2027275587724344,2.2100548130007276,2.2057630773165586
2005-07-04,2.292,1,0,0,2.189,2.266535746906748,2.2707308786905647,2.248228423003155,2.2274626568194638,2.2137843235084467,2.242670842238546
2005-07-11,2.272,1,0,0,2.292,2.284240090065806,2.274341143139007,2.2840722696686666,2.2740336300711066,2.3392693347064277,2.296019514321185
2005-07-18,2.272,1,0,0,2.272,2.280752627347372,2.308901087537897,2.2842735007945323,2.304089321845608,2.302980156224022,2.295532308095184
2005-07-25,2.272,1,0,0,2.272,2.2767918496319735,2.286531304283117,2.273035392575358,2.30206351072144,2.284000706776465,2.2834995802595293
2005-08-01,2.272,1,0,0,2.272,2.2736448892345584,2.2891887493882748,2.279663507495947,2.312269676978235,2.315568717341907,2.2948727808686336
2005-08-08,2.272,1,0,0,2.272,2.315535079120876,2.3107502883580175,2.2902283536221746,2.316483566524875,2.3114735906726542,2.3085271349531618
2005-08-15,2.583,1,0,0,2.272,2.530786888814987,2.463188808131502,2.5383428106019026,2.3301794165221557,2.3405564813482567,2.4381711965749306
2005-08-22,2.581,1,0,0,2.583,2.611380997695404,2.5925808912393573,2.594571692725622,2.4653556601570754,2.6540858668794773,2.5930536730658424
2005-08-29,3.037,1,0,0,2.581,2.9426703271514967,2.8596172762070773,2.998364682691052,2.525479144461011,2.618427114620765,2.7865374872120308
2005-09-05,2.912,1,0,0,3.037,2.943225967846385,2.833404593703997,2.9225339051845407,2.76800740619513,2.9872610207770647,2.906041325582815
2005-09-12,2.73,1,0,0,2.912,2.7539802260194644,2.8069579478198596,2.740549631903549,2.8573673271170157,2.8467891749280287,2.801007559955205
2005-09-19,2.767,1,0,0,2.73,2.764665046762649,2.779664098748074,2.753673693587545,2.7758820677327884,2.6429563357919927,2.7333467186936162
2005-09-26,2.922,1,0,0,2.767,2.8950078172292075,2.853126146803002,2.889101704832869,2.7763799731493637,2.7472419610183922,2.8281817406726932
2005-10-03,2.828,1,0,0,2.922,2.8397448917204002,2.8436388817083103,2.8433758849444892,2.8267750367424647,2.875186873877556,2.8486329916498754
2005-10-10,2.693,1,0,0,2.828,2.6912489114724636,2.758075176806423,2.7033271492698523,2.8134381820217267,2.7661773916137555,2.7439150392171534
2005-10-17,2.564,1,0,0,2.693,2.5781183086158608,2.634783522069215,2.5947825015485115,2.727497641801548,2.613855026334006,2.6239620837402167
2005-10-24,2.438,1,0,0,2.564,2.445512340554672,2.511353397311737,2.457234862563042,2.643215687761453,2.513923669229783,2.5083662122384665
2005-10-31,2.438,1,0,0,2.438,2.402061827737512,2.43067382876791,2.4085718488529664,2.512330666346913,2.362251798792379,2.414710976750663
2005-11-07,2.258,1,0,0,2.438,2.2842811939880594,2.2716231263403244,2.276085600142552,2.4524157986698305,2.4105316660257166,2.3420705013449026
2005-11-14,2.168,1,0,0,2.258,2.1815455634411154,2.222535324942744,2.196314618755163,2.3627230018715384,2.18361370320064,2.2206143998574137
2005-11-21,2.124,1,0,0,2.168,2.121988887885795,2.1523154935633797,2.1293007028790636,2.2709198401666852,2.1124241721251473,2.149518755982806
2005-11-28,2.127,1,0,0,2.124,2.119077313373555,2.1534714101181938,2.1182975767871906,2.2048426044505987,2.0906504097485796,2.1301982909983534
2005-12-05,2.175,1,0,0,2.127,2.1591715936230127,2.165686584429363,2.1454703858476973,2.1700784843475747,2.0731328269010048,2.1356462695401928
2005-12-12,2.205,1,0,0,2.175,2.1952662270172696,2.1973670461052204,2.19316909369236,2.2037237275492885,2.20105142343405,2.1980758889661556
2005-12-19,2.188,1,0,0,2.205,2.208289377839144,2.214364705455808,2.219360049810142,2.233842882573323,2.2410093372953397,2.224549663651756
2005-12-26,2.236,1,0,0,2.188,2.2246931406448525,2.2399620589238247,2.2099937304872266,2.2264167081596247,2.228732945171531,2.2252647864719943
2006-01-02,2.236,1,0,0,2.236,2.2489005941992923,2.241188262415005,2.2402499325374854,2.2507581943132102,2.2486128226920563,2.2461374116720028
2006-01-09,2.297,1,0,0,2.236,2.290563156247419,2.290918233766131,2.282524177348732,2.2788091202160707,2.273028791013704,2.2822611536024056
2006-01-16,2.314,1,0,0,2.297,2.3097992150725126,2.305955636652926,2.3017709231030006,2.3152592925567173,2.3266055487709703,2.3129744048597263
2006-01-23,2.314,1,0,0,2.314,2.308893943211375,2.3127905505426254,2.3113366479243984,2.3356089362066736,2.362765679456232,2.3289404720882567
2006-01-30,2.314,1,0,0,2.314,2.3164232933031985,2.3157458914471487,2.326035466582913,2.352558657777482,2.3412254184711156,2.330916187162258
2006-02-06,2.246,1,0,0,2.314,2.262344860865802,2.2974415901143197,2.275284512856867,2.357280096154243,2.329885949208985,2.3040168179691767
2006-02-13,2.205,1,0,0,2.246,2.223312246684177,2.262381182783518,2.222533725719456,2.31366950136239,2.229184435689061,2.2451956343068087
2006-02-20,2.236,1,0,0,2.205,2.2232065179913376,2.2423158203718594,2.2155499028047285,2.2586069561804845,2.1929565220529357,2.221958133052711
2006-02-27,2.321,1,0,0,2.236,2.2990388563322393,2.2760618332857585,2.2766000920944305,2.2585401315524045,2.234734622789343,2.266846975796576
2006-03-06,2.321,1,0,0,2.321,2.340917426334919,2.2816641117177165,2.324580148267377,2.2854966972675816,2.3261145103698393,2.315597445058592
2006-03-13,2.495,1,0,0,2.321,2.457318007072333,2.4315477605046145,2.4394085447107967,2.350799323925192,2.359730919870808,2.4059691966829426
2006-03-20,2.479,1,0,0,2.495,2.5130011780572525,2.4727458914368663,2.5139636548915485,2.4349746112178097,2.527948574439192,2.498623469048009
2006-03-27,2.479,1,0,0,2.479,2.4926445926130114,2.4909125901555815,2.4968362911009216,2.4745493994399643,2.4887539112154293,2.4892921994218358
2006-04-03,2.663,1,0,0,2.479,2.6233793253376234,2.619111561800686,2.616031597548967,2.5051542174417967,2.4887107327059272,2.5655298376438433
2006-04-10,2.764,1,0,0,2.663,2.756553934094105,2.7209395852615788,2.730860490252321,2.594323906241872,2.7010513303929775,2.7045289578930647
2006-04-17,2.764,1,0,0,2.764,2.780275850786063,2.7687189701855788,2.792557774591255,2.6889707527950115,2.8111974432904785,2.7748000136226985
2006-04-24,2.866,1,0,0,2.764,2.864127073688067,2.8402593780578926,2.846220372285396,2.7526153802965743,2.8141911860121676,2.8252052828483176
2006-05-01,2.834,1,0,0,2.866,2.842006428869359,2.838463687304848,2.8546788700787005,2.8176782372610893,2.8949005767935065,2.854592140540781
2006-05-08,2.871,1,0,0,2.834,2.8596457209165083,2.8469208371849652,2.8434202097518355,2.8309532932040717,2.839528230947836,2.8442154321885837
2006-05-15,2.801,1,0,0,2.871,2.8111706508916616,2.8231653156999945,2.8299412572398723,2.8471666534242184,2.8661380401560557,2.837674014866434
2006-05-22,2.784,1,0,0,2.801,2.795709397259657,2.811653115118045,2.804843537569781,2.831969007865638,2.7775340441924548,2.800945492256462
2006-05-29,2.784,1,0,0,2.784,2.7848287882866534,2.7966299128719214,2.7785038282424526,2.8000987047223407,2.770994557309893,2.7839745038312342
2006-06-05,2.833,1,0,0,2.784,2.8198003458326752,2.8245932445037676,2.8113114287450123,2.80620849985338,2.7980055331876863,2.8106169983478724
2006-06-12,2.833,1,0,0,2.833,2.8295961139171233,2.830890388563795,2.819706405107226,2.823052504216145,2.833302321299661,2.827656093276399
2006-06-19,2.796,1,0,0,2.833,2.8000378386541995,2.819353446886009,2.8080292494045986,2.8240866970119876,2.8319168590944814,2.8171689007509593
2006-06-26,2.873,1,0,0,2.796,2.856818899787105,2.8367167331440433,2.8284858381802023,2.8038687793727894,2.782833211539445,2.819177343373185
2006-07-03,2.91,1,0,0,2.873,2.9059807978192715,2.867657416871413,2.870870270878945,2.8501830221347473,2.901061151878811,2.8824733238960016
2006-07-10,2.928,1,0,0,2.91,2.9305559876992793,2.9090617110795476,2.936781154384513,2.883437535858442,2.957725782537717,2.9284166156307543
2006-07-17,2.928,1,0,0,2.928,2.9324617026221427,2.926666470062774,2.930672942363975,2.8972898155123348,2.960967689446479,2.9332834265461663
2006-07-24,2.955,1,0,0,2.928,2.9516039898213537,2.95818672556894,2.9412033409034617,2.921910027271972,2.95190930101527,2.9456931990048765
2006-07-31,3.004,1,0,0,2.955,2.9632153612200476,2.9769121487445704,2.9650169771613637,2.9391676949312604,2.968013101446991,2.9630796885617765
2006-08-07,3.004,1,0,0,3.004,2.9925181641870946,2.9782775496200036,2.9906073494262837,2.957100256845043,3.009409307983044,2.988848711988893
2006-08-14,2.877,1,0,0,3.004,2.9087112405084743,2.9425954813049033,2.9454884859005754,2.9687254340872706,2.9935165943676805,2.9542858382051573
2006-08-21,2.877,1,0,0,2.877,2.854873954722357,2.8935158326173327,2.838032423848247,2.893073441541986,2.844774237417699,2.8605519933584898
2006-08-28,2.877,1,0,0,2.877,2.8304754933334295,2.8339111820805134,2.83306278525224,2.8568216621164657,2.832074367844144,2.8362223772759503
2006-09-04,2.563,1,0,0,2.877,2.6410922689765703,2.6505288099012976,2.6266201680774794,2.822152834815081,2.8214568521346366,2.717667614016997
2006-09-11,2.441,1,0,0,2.563,2.433625531489021,2.508224296089052,2.4424575008183527,2.682653191778762,2.4535474549872607,2.492292862502838
2006-09-18,2.32,1,0,0,2.441,2.328382462903579,2.364100109334157,2.3281533770887637,2.5446091269052022,2.3187907615701016,2.365981060014071
2006-09-25,2.263,1,0,0,2.32,2.265898851060692,2.2767024069412063,2.269206926778911,2.428935451976904,2.249137212784933,2.2899679887337605
2006-10-02,2.263,1,0,0,2.263,2.2517712883113163,2.2571490419398645,2.250825273053537,2.330648940202425,2.1983886332703655,2.250601897669254
2006-10-09,2.263,1,0,0,2.263,2.247542970111313,2.234963415844859,2.2543607099288283,2.300591204592372,2.2300873135178003,2.250904087476598
2006-10-16,2.186,1,0,0,2.263,2.212985128287158,2.218238678136824,2.223952949049304,2.28430510906772,2.2468530284444332,2.23679478271113
2006-10-23,2.204,1,0,0,2.186,2.194994316693972,2.2102020431892755,2.1965445721521277,2.2525327703219005,2.187004215369052,2.2047197509158525
2006-10-30,2.189,1,0,0,2.204,2.1864421154856557,2.193182194771397,2.187520947088276,2.237931687184048,2.181360650590635,2.1946089387394627
2006-11-06,2.216,1,0,0,2.189,2.214053120044993,2.2042924087933438,2.193593023631476,2.221031083893257,2.18197364088741,2.2006798413381388
2006-11-13,2.218,1,0,0,2.216,2.219115225327203,2.2125757218551194,2.212864923786609,2.2367556284607435,2.2222022604376157,2.2204975981705894
2006-11-20,2.221,1,0,0,2.218,2.22268708909103,2.2310526482681445,2.2194357213397358,2.243245339443917,2.2192270308553206,2.2256358726475023
2006-11-27,2.277,1,0,0,2.221,2.2620482170556486,2.2528542062257157,2.249084500957011,2.249207219297901,2.2314926577407492,2.2475582884729093
2006-12-04,2.267,1,0,0,2.277,2.2801079980777805,2.2698044345163493,2.281875292425914,2.2782350097652997,2.277975334916736,2.2780494822323942
2006-12-11,2.29,1,0,0,2.267,2.2798221967862484,2.290155859175344,2.274950853158947,2.296240871332002,2.2772735589137096,2.282305143114212
2006-12-18,2.303,1,0,0,2.29,2.3022379352496913,2.284927532640204,2.291832170712335,2.3018140477885884,2.300999864131,2.297034706033372
2006-12-25,2.296,1,0,0,2.303,2.2933938689733893,2.2998253280171443,2.297834018069859,2.3237514874027534,2.32782822895025,2.3095499026922726
2007-01-01,2.258,1,0,0,2.296,2.2689069143060205,2.2831939301380806,2.284926243243315,2.321424893756098,2.3151271566526535,2.2954635898506597
2007-01-08,2.173,1,0,0,2.258,2.2041786004698793,2.244416156770615,2.205929050466645,2.303716893914002,2.249645803971351,2.239009264534827
2007-01-15,2.107,1,0,0,2.173,2.1229512960984,2.1837361899068157,2.1266003280508468,2.2443147465907303,2.144811779476861,2.1583802472927966
2007-01-22,2.107,1,0,0,2.107,2.0984181704529843,2.152920945343443,2.105404585474785,2.188398492667789,2.090984743772631,2.120585149161636
2007-01-29,2.151,1,0,0,2.107,2.1369586620579977,2.149890122434545,2.1207538809738837,2.1529640770785115,2.093555760175026,2.126276000966616
2007-02-05,2.198,1,0,0,2.151,2.192052798038088,2.1782128370205514,2.181437112580063,2.1657808887550463,2.204141220011087,2.1867781137993436
2007-02-12,2.251,1,0,0,2.198,2.261879007027725,2.2348191794900583,2.2613714100033326,2.2062236724387128,2.2675920653550823,2.2502759877970444
2007-02-19,2.338,1,0,0,2.251,2.33527805520583,2.3025370885117002,2.319779377065478,2.2427099729166353,2.310224991939331,2.305345522738579
2007-02-26,2.46,1,0,0,2.338,2.437509428098804,2.3958893499381886,2.422055453169178,2.3090914589985365,2.398638544785368,2.3967137383227763
2007-03-05,2.499,1,0,0,2.46,2.5016470443018584,2.452013865627376,2.5061327595252156,2.4030543739814525,2.4930272443229473,2.476881689904575
2007-03-12,2.499,1,0,0,2.499,2.5028876884125166,2.5039131764772242,2.509726101985094,2.468962710511493,2.527349611958275,2.5056574779751393
2007-03-19,2.499,1,0,0,2.499,2.5239996627902888,2.528300207957408,2.5146883065000547,2.506078099319614,2.5209099562329995,2.518952081992475
2007-03-26,2.636,1,0,0,2.499,2.597323899812369,2.5770594596620944,2.591951725873418,2.522930588670451,2.5337509873870045,2.563870808157092
2007-04-02,2.746,1,0,0,2.636,2.7353827331257987,2.702971765519904,2.727501065798607,2.592801022291919,2.6876977244728493,2.6928899689080117
2007-04-09,2.746,1,0,0,2.746,2.7544781885904115,2.7483127236360723,2.775422612988152,2.6655358807133567,2.776406344833567,2.7495782663049555
2007-04-16,2.811,1,0,0,2.746,2.81532929511711,2.7933276693814095,2.8103260839489637,2.714722070127608,2.7645262801251684,2.7809333379255574
2007-04-23,2.922,1,0,0,2.811,2.908578898686958,2.8844025595927305,2.8737630299443073,2.764101801536095,2.816603465416871,2.849305128792391
2007-04-30,3.002,1,0,0,2.922,2.992600100089333,2.9481017312179816,2.984637566065552,2.838105363481005,2.9340274106018964,2.9433925501051355
2007-05-07,3.069,1,0,0,3.002,3.0770295966368617,3.031410644362893,3.0562228389428556,2.934460867221397,3.0261016121325803,3.0289450389363064
2007-05-14,3.211,1,0,0,3.069,3.194990037175298,3.1171482470915777,3.1748502408980923,2.9659277512676994,3.0569664382595505,3.1045850342096974
2007-05-21,3.195,1,0,0,3.211,3.2143652976533077,3.126005072743455,3.2025464361697185,3.0671204958318308,3.199817827330395,3.1708772683834128
2007-05-28,3.132,1,0,0,3.195,3.1293180607079147,3.1220692466647417,3.1499084677310805,3.1196039095725387,3.168469453814354,3.141640325013869
2007-06-04,3.04,1,0,0,3.132,3.0544747895559827,3.064632596316195,3.0767021497124163,3.112784556754037,3.0924884690318857,3.080424600500502
2007-06-11,2.974,1,0,0,3.04,2.974986055466988,3.0131544316942303,3.0040440505959416,3.0469865020563973,2.9731833889314756,2.9979810056907064
2007-06-18,2.951,1,0,0,2.974,2.95316323208095,2.9837123677592214,2.9633509193774223,2.9799396832938845,2.913222584215104,2.9533754414384
2007-06-25,2.933,1,0,0,2.951,2.935052597888372,2.9665188510280767,2.9477747508356944,2.9545683469458455,2.9215060121928698,2.941936731614852
2007-07-02,2.971,1,0,0,2.933,2.966711773341707,2.9850816523686254,2.9584409212125364,2.9336201187495887,2.945336032151256,2.9565847732385784
2007-07-09,3.046,1,0,0,2.971,3.024412849305436,3.0031920544356336,3.0168014403680843,2.931572514150282,2.995900252679566,2.9968928975915805
2007-07-16,2.938,1,0,0,3.046,2.9648969852764417,2.9736451845790346,2.9936077078088155,2.9783385551567,3.0590326686526645,3.0000114418349453
2007-07-23,2.849,1,0,0,2.938,2.866037320809454,2.9157539214676196,2.8836945141294077,2.9309981413665307,2.8989511930674667,2.8966605786487913
2007-07-30,2.816,1,0,0,2.849,2.7971754435487712,2.8382181716157016,2.790985684382634,2.8794771178485066,2.8017958069620694,2.8165747596964987
2007-08-06,2.752,1,0,0,2.816,2.7643359644807126,2.7961845208320915,2.7708054468854377,2.833666879672041,2.790705199992281,2.7888388540186897
2007-08-13,2.783,1,0,0,2.752,2.780330169860646,2.763723626445621,2.7628049738337177,2.7638326005437315,2.72359838323767,2.756061861934587
2007-08-20,2.756,1,0,0,2.783,2.7653430966824133,2.7553123874205987,2.765571886122053,2.753489865919001,2.791903283968536,2.769186330338667
2007-08-27,2.818,1,0,0,2.756,2.8161206744946807,2.784696214243642,2.783718276816751,2.7401877508752253,2.754818664473034,2.7756562108674947
2007-09-03,2.84,1,0,0,2.818,2.83026330713887,2.8074630329632697,2.8303823245555866,2.771446862702521,2.821403715793373,2.8149641508484367
2007-09-10,2.792,1,0,0,2.84,2.797078437536754,2.80291989712248,2.80858754177862,2.7946315833063826,2.8482312158466234,2.8138869278112573
2007-09-17,2.816,1,0,0,2.792,2.80831426593868,2.803560824447278,2.7868927125295855,2.778842240206524,2.776307604536342,2.7896312000843464
2007-09-24,2.784,1,0,0,2.816,2.7903695249751514,2.7922456893899352,2.8103882895462013,2.7913069129768644,2.8049508561674252,2.79898682904395
2007-10-01,2.761,1,0,0,2.784,2.7670401235267943,2.790682540895041,2.7836382231725882,2.7842849707283914,2.771681390241324,2.7781399075410462
2007-10-08,2.746,1,0,0,2.761,2.7577866021434407,2.786884417039289,2.763051770425088,2.755708693532454,2.758735138723629,2.763196241678328
2007-10-15,2.806,1,0,0,2.746,2.8017250646258423,2.7913104140344953,2.7877344696423063,2.743765983611939,2.757897460997995,2.775951037655031
2007-10-22,2.859,1,0,0,2.806,2.863636419871198,2.8410891665275213,2.8556927570152886,2.7791982220457347,2.832747149847856,2.836556575385208
2007-10-29,3.007,1,0,0,2.859,2.964999990515749,2.937119599616136,2.9478407283460304,2.8082470784129394,2.8789216739662082,2.9085151870819903
2007-11-05,3.101,1,0,0,3.007,3.0847345893897917,3.0434114819718734,3.0663046879669977,2.910033527694402,3.0013460932866955,3.023795331580814
2007-11-12,3.077,1,0,0,3.101,3.0786708223060395,3.054013507889475,3.0590554448245464,2.9982629390577067,3.111798290870859,3.0668537358170473
2007-11-19,3.072,1,0,0,3.077,3.062378775097596,3.061159280085759,3.0516719042202642,3.0369283657964146,3.0731306013461155,3.058752488736147
2007-11-26,3.029,1,0,0,3.072,3.0390128997360244,3.0330240925308245,3.036586961026493,3.044644366497085,3.0663111921153696,3.045925181099298
2007-12-03,2.957,1,0,0,3.029,2.962838210877446,3.0065996817163922,2.992956226383772,3.03605091826062,3.0167978730566287,3.002242881412643
2007-12-10,2.962,1,0,0,2.957,2.9678538638997907,2.9836308042425284,2.943224566186719,2.9714889389937293,2.9064066422817976,2.94892449776284
2007-12-17,2.943,1,0,0,2.962,2.955334858538328,2.967219561861567,2.9670077120704335,2.950613214753448,2.954970543928488,2.958723896010376
2007-12-24,3.028,1,0,0,2.943,3.006508627219309,3.0174635933355884,2.99092149364572,2.9436933872681204,2.9410334131433,2.9769475128606597
2007-12-31,3.088,1,0,0,3.028,3.074451065791529,3.0584435960018257,3.072748379214232,2.9757980446219343,3.047002240406682,3.048312883608606
2008-01-07,3.041,1,0,0,3.088,3.052834643814741,3.0662810726296166,3.079118617511081,3.028653821294176,3.090749256729429,3.066800897768033
2008-01-14,2.991,1,0,0,3.041,2.998712200898913,3.044920664921878,3.019906429485593,3.028429703820421,3.022767550714808,3.02146194481129
2008-01-21,2.953,1,0,0,2.991,2.961902223648555,3.007154128089691,2.974288978235389,3.0026817420027503,2.9677069971294925,2.979476569029695
2008-01-28,2.966,1,0,0,2.953,2.9511256778359605,3.0069598874907304,2.960234008079578,2.964252251330033,2.9169871908057274,2.954287716793294
2008-02-04,2.947,1,0,0,2.966,2.9593228761466785,2.992989426517861,2.964224549012852,2.9543405004998746,2.987526537460782,2.972279074349456
2008-02-11,3.035,1,0,0,2.947,3.024324798456159,3.0353038134735923,3.00329937811284,2.940765247015993,2.979006681092931,2.995750077314529
2008-02-18,3.115,1,0,0,3.035,3.0984751554983947,3.0836933021701225,3.089324724395699,2.9812246117919172,3.0864583532551775,3.072142860997186
2008-02-25,3.137,1,0,0,3.115,3.1390640583035876,3.119616722218968,3.1373447967524597,3.043768159175972,3.158768736432431,3.125757053964467
2008-03-03,3.2,1,0,0,3.137,3.2015839597867304,3.199462523182314,3.2088031543137534,3.087721250976539,3.165223877993231,3.174541701456308
2008-03-10,3.257,1,0,0,3.2,3.2526246997456645,3.2466772428793504,3.235201936084872,3.1486070384493416,3.2319493459873407,3.225658653591075
2008-03-17,3.224,1,0,0,3.257,3.2330701686585503,3.263409656774072,3.2427579016559864,3.1985881870087547,3.2870763475964573,3.248786682122042
2008-03-24,3.259,1,0,0,3.224,3.2550723795249765,3.281003041514569,3.2536464149627813,3.1821928339077816,3.235515776879705,3.2416022122361245
2008-03-31,3.299,1,0,0,3.259,3.299907342638558,3.3087238453991876,3.301910508838354,3.2149091117305444,3.2846532284998053,3.2838003103885987
2008-04-07,3.35,1,0,0,3.299,3.3520457580295018,3.3452674376159766,3.340252903503787,3.2346515170479897,3.331740200069138,3.324084868319321
2008-04-14,3.467,1,0,0,3.35,3.450476116856292,3.448558143205928,3.4459411466648615,3.2880771702006397,3.414193250665367,3.4131765736390647
2008-04-21,3.566,1,0,0,3.467,3.558385892141488,3.539198926938557,3.537135496438869,3.3578789028222045,3.5142802820581496,3.506690569756146
2008-04-28,3.571,1,0,0,3.566,3.6080733945903423,3.6094539793606435,3.61987147510266,3.4527054809064435,3.619612987691986,3.588841515222126
2008-05-05,3.694,1,0,0,3.571,3.6902987238936706,3.696707958324414,3.701366336274391,3.5019414581586292,3.6212556387853043,3.6444550259827144
2008-05-12,3.762,1,0,0,3.694,3.7676248784130273,3.758197548597697,3.743662253985881,3.5728744318793666,3.762917502131776,3.7284576097040407
2008-05-19,3.913,1,0,0,3.762,3.891209996553922,3.8842233751579838,3.8637564113642022,3.6483828531168987,3.812261158800778,3.823748351270389
2008-05-26,3.932,1,0,0,3.913,3.9386960848154553,3.9130158984125085,3.9503174736749163,3.748706457731835,3.9493643669901406,3.9095350495953536
2008-06-02,3.979,1,0,0,3.932,3.9751859611449207,3.9713082215199607,3.961102835581857,3.8267993990916613,3.9496984829161863,3.940770948023843
2008-06-09,4.007,1,0,0,3.979,4.012101756481171,3.9893629807283304,4.017064439729341,3.8713032520617845,4.011149347961561,3.9867568092988535
2008-06-16,4.002,1,0,0,4.007,4.007537635041638,4.007787411704762,4.013498156729367,3.904704136920895,4.041440472827244,4.001454511950013
2008-06-23,4.027,1,0,0,4.002,4.030824619293937,4.02095343202704,4.0262090982136165,3.921689842098616,4.0181727647689165,4.007324128861791
2008-06-30,4.051,1,0,0,4.027,4.053047693240067,4.017656755018862,4.038351595259533,3.9386431544890455,4.06634132851476,4.029781233934367
2008-07-07,4.054,1,0,0,4.051,4.054348300861407,4.023214185370181,4.0363048124651755,3.9607915426257136,4.057533720352021,4.031632935728184
2008-07-14,4.005,1,0,0,4.054,3.9991284973944934,3.9980802975172978,3.9918526474612803,3.968383720855206,4.072859529089902,4.012507594006714
2008-07-21,3.896,1,0,0,4.005,3.9101664480614304,3.9316307575757476,3.922816449549763,3.9637772019601853,4.010561514102214,3.9519862917449196
2008-07-28,3.828,1,0,0,3.896,3.815761798069202,3.844990558082746,3.8183241525154017,3.867908783553367,3.863405771397963,3.842054362744288
2008-08-04,3.764,1,0,0,3.828,3.7773368978989135,3.7674774856921234,3.7835080439907953,3.7908034034309073,3.8033973585629233,3.786407973966284
2008-08-11,3.706,1,0,0,3.764,3.70448160243794,3.718180005300936,3.7108615567431182,3.7243912384350955,3.6865005236177293,3.7062143421315263
2008-08-18,3.66,1,0,0,3.706,3.6611674660589477,3.676858674582634,3.65245131090143,3.6551833464113033,3.6326421213753255,3.652974101236702
2008-08-25,3.667,1,0,0,3.66,3.663866923636172,3.6579110735188336,3.6522579125006773,3.6053556727961906,3.577948171440047,3.6277416224894834
2008-09-01,3.637,1,0,0,3.667,3.6584293621912107,3.64481815529803,3.65274347577232,3.595028881575338,3.5841285933573825,3.6247696016482074
2008-09-08,3.867,1,0,0,3.637,3.81589349112245,3.7538925573207576,3.834555699103362,3.5917067117924937,3.579741048091434,3.7101826397698616
2008-09-15,3.732,1,0,0,3.867,3.7523826859927354,3.670369545499177,3.7506419115813325,3.640697584047185,3.795148000496428,3.7332818971176165
2008-09-22,3.644,1,0,0,3.732,3.631422188603437,3.643225989172037,3.6424290113856266,3.614233544758484,3.6181688204681164,3.629145810265018
2008-09-29,3.485,1,0,0,3.644,3.489271062733426,3.5459569172552317,3.5015935984764726,3.5955988482178736,3.541115241089776,3.531633354070558
2008-10-06,3.109,1,0,0,3.485,3.1455844288105026,3.24719556064962,3.1361217759480002,3.4671088893447592,3.332910121160164,3.261630335993247
2008-10-13,2.855,1,0,0,3.109,2.8408516893393085,2.9612098358529053,2.8508729839041624,3.2216426439863466,2.886413428888717,2.9348735822203134
2008-10-20,2.589,1,0,0,2.855,2.588714020486187,2.6846913435700244,2.593804088025014,2.990580344331949,2.69216646436833,2.697156007075733
2008-10-27,2.34,1,0,0,2.589,2.357945425273867,2.4514780119336192,2.363407735605549,2.745446276371392,2.428095309272951,2.454733327891704
2008-11-03,2.17,1,0,0,2.34,2.169110621667452,2.226269454255674,2.171551596436386,2.502378013280642,2.206804775694582,2.2422241893904493
2008-11-10,2.027,1,0,0,2.17,2.034349934137549,2.054042372558,2.019156715103553,2.3161159527523774,2.033128390370273,2.0792282861889513
2008-11-17,1.857,1,0,0,2.027,1.8594575290321333,1.9142535416938529,1.868912347527532,2.1750323932944458,1.8967589991929947,1.9307343685847567
2008-11-24,1.79,1,0,0,1.857,1.778834423489751,1.8204253564624158,1.7850229711161139,2.01568516406685,1.757088215803494,1.8186949325320318
2008-12-01,1.681,1,0,0,1.79,1.701004576713349,1.723363656795975,1.6937629163965,1.918386323519072,1.709955518137448,1.7403387209333168
2008-12-08,1.648,1,0,0,1.681,1.6387821669081994,1.680751465409394,1.65575616741547,1.8264422118279353,1.6535597872645895,1.6829620245671435
2008-12-15,1.635,1,0,0,1.648,1.636036413853942,1.6508693398497618,1.6397610846911364,1.7516215859758746,1.620051922708043,1.653356005230386
2008-12-22,1.59,1,0,0,1.635,1.6056358780994473,1.6274804980129447,1.61651445692512,1.7307054664839678,1.6315937430811673,1.6384437769436144
2008-12-29,1.672,1,0,0,1.59,1.6647466824329122,1.6786514222368785,1.6588779154709878,1.681218579682934,1.5562344879734074,1.6387771233836457
2009-01-05,1.772,1,0,0,1.672,1.7397836805871145,1.7418154060114208,1.748637372961526,1.6980196386522763,1.7191855770499913,1.7296235785360614
2009-01-12,1.832,1,0,0,1.772,1.8280470853929773,1.8184051746463732,1.8309282498831383,1.7888062384716985,1.8302720174927458,1.8214789122241744
2009-01-19,1.813,1,0,0,1.832,1.8284030041489738,1.8138999565190723,1.8284116114071933,1.830792846794331,1.8468849297401932,1.8316300538712378
2009-01-26,1.871,1,0,0,1.813,1.860559769698185,1.8649922953667153,1.8521586331302968,1.8644724755870707,1.825619160144781,1.8505930654566143
2009-02-02,1.897,1,0,0,1.871,1.9056066757184937,1.8867227380883242,1.9062092880427053,1.8948052579782195,1.8909446189243,1.8971677011505346
2009-02-09,1.931,1,0,0,1.897,1.9223454954418555,1.9034729462914526,1.929742020201831,1.9183040441268773,1.9157252937539293,1.918616515912448
2009-02-16,1.868,1,0,0,1.931,1.89982453134829,1.888428613792483,1.9035856709150303,1.9560785815579538,1.9612580932266432,1.9246684682868747
2009-02-23,1.91,1,0,0,1.868,1.8946626277045515,1.8916618518063877,1.8914632795295863,1.9404611443568696,1.9082622018659223,1.904619109039881
2009-03-02,1.918,1,0,0,1.91,1.9202817409093065,1.9033946351964959,1.9230416242733996,1.9279183935529516,1.9171874678253364,1.9187151596661036
2009-03-09,1.885,1,0,0,1.918,1.9039072594813113,1.9025473477395622,1.9110032284921197,1.9646193187268797,1.9145675724632598,1.9178893397985664
2009-03-16,1.944,1,0,0,1.885,1.936750010895075,1.9392142722447465,1.92925973873615,1.9623305222367573,1.872245805751978,1.9221429782954278
2009-03-23,2.03,1,0,0,1.944,2.0165019798102883,1.9886717953419653,2.009857321656034,1.9848731341914534,1.9575018417518242,1.9897833755945267
2009-03-30,2.011,1,0,0,2.03,2.0106557670165124,2.0155091966619323,2.0137136571077727,2.0442177534250874,2.046744030273031,2.0272491336076364
2009-04-06,2.025,1,0,0,2.011,2.0328566122988136,2.030984214613764,2.0308285588579658,2.049001078746907,2.0196237012074683,2.0311564791996912
2009-04-13,2.031,1,0,0,2.025,2.0358712401395906,2.053863946028704,2.0415131558723485,2.0759683016594828,2.040755264062201,2.047562650914296
2009-04-20,2.016,1,0,0,2.031,2.019650489680079,2.0539002538855753,2.0350059940893623,2.082056843039046,2.0497022765437625,2.0462722721048303
2009-04-27,2.045,1,0,0,2.016,2.046841721192398,2.06373846079643,2.0401256590965104,2.071660183346946,2.0426124273020845,2.0508211266848817
2009-05-04,2.218,1,0,0,2.045,2.176654678279072,2.155593951574327,2.1789295078076605,2.080379434329344,2.07923841047901,2.1319704492765457
2009-05-11,2.281,1,0,0,2.218,2.2878851790071044,2.2361120512262413,2.279099208559723,2.176346823404545,2.281754825166135,2.2585866031598085
2009-05-18,2.414,1,0,0,2.281,2.398048565950911,2.368610218497576,2.3851923809599107,2.256698824832597,2.3388228373921374,2.3520170427592455
2009-05-25,2.502,1,0,0,2.414,2.508568622581545,2.4593578449418447,2.489310959860281,2.3568017912670887,2.4579052014499876,2.4588586552106193
2009-06-01,2.6,1,0,0,2.502,2.588260359113612,2.571155008932631,2.5793288787128623,2.45004496957194,2.4981959984561253,2.5370391341105605
2009-06-08,2.639,1,0,0,2.6,2.647306196504913,2.616827922059262,2.627845741796588,2.5403423296693273,2.6154316098684443,2.6127028516579025
2009-06-15,2.65,1,0,0,2.639,2.6494066979004667,2.63738410602611,2.6501788053408317,2.598188651768113,2.642410258274423,2.6375982643684197
2009-06-22,2.593,1,0,0,2.65,2.5980817536342125,2.6265216999012178,2.60902617888126,2.6432796085951167,2.649091517381433,2.6258170862531536
2009-06-29,2.563,1,0,0,2.593,2.5602569461558593,2.581439358983034,2.5687877511373114,2.6094890033198634,2.5907717069435487,2.5814743431669287
2009-07-06,2.479,1,0,0,2.563,2.4935140695520635,2.512751329744342,2.4993285772674305,2.5974892049950133,2.521428193936575,2.5219902792298754
2009-07-13,2.411,1,0,0,2.479,2.418703372635196,2.458479253251795,2.431760297913315,2.526091391015845,2.4310795718527967,2.4481256518921235
2009-07-20,2.46,1,0,0,2.411,2.446662032486337,2.4476246231254457,2.4372302859820127,2.4600261559967502,2.382547704638726,2.429554866292655
2009-07-27,2.511,1,0,0,2.46,2.513579480504116,2.4719723273519008,2.502098251254841,2.4698202625320143,2.462153603260755,2.4838694781468216
2009-08-03,2.596,1,0,0,2.511,2.5730088366029555,2.5382689618911973,2.5629503028307954,2.5066414271499453,2.5432688914385135,2.5468763532393295
2009-08-10,2.58,1,0,0,2.596,2.5828055018393408,2.592701668924736,2.587668268754197,2.5715260312835753,2.6628936687879956,2.605258210019951
2009-08-17,2.572,1,0,0,2.58,2.567285718159555,2.5902228100007654,2.5735302422923687,2.5890609966999594,2.625164765341251,2.591289859994955
2009-08-24,2.553,1,0,0,2.572,2.5554286801092214,2.5630868888524456,2.5414899426089614,2.585891946108088,2.587504119113312,2.5672688112119006
2009-08-31,2.519,1,0,0,2.553,2.5247086706980344,2.54043069900854,2.5433261630550064,2.591666037462054,2.572799478736985,2.554866678801237
2009-09-07,2.499,1,0,0,2.519,2.504230069101727,2.511997274636477,2.510032323823056,2.5638013872846535,2.506622487107446,2.5168818599016003
2009-09-14,2.477,1,0,0,2.499,2.4676189206212378,2.4733556342833847,2.4597698934053867,2.5192630890420404,2.494006832234048,2.4823261412570874
2009-09-21,2.425,1,0,0,2.477,2.4427140161284524,2.458262377910663,2.4498274535010487,2.4966645912203234,2.473096517923815,2.4635102736397263
2009-09-28,2.396,1,0,0,2.425,2.407525974386123,2.455499918883783,2.419702744891275,2.46784900176905,2.417595600264986,2.42977676094586
2009-10-05,2.432,1,0,0,2.396,2.4343387874495206,2.451417942312446,2.426395333776187,2.4262056574378494,2.384717004430138,2.4204390881680453
2009-10-12,2.532,1,0,0,2.432,2.522895760858271,2.5042765157864055,2.5098886433083094,2.4403168945433498,2.4275885957955916,2.478137802846068
2009-10-19,2.641,1,0,0,2.532,2.6052981074774095,2.5711885457127654,2.59669861262626,2.4874951946179324,2.53055871163456,2.5590455830773657
2009-10-26,2.66,1,0,0,2.641,2.672291180486052,2.634193018758362,2.661722714346799,2.5806068188086257,2.636708698940976,2.639874748907163
2009-11-02,2.627,1,0,0,2.66,2.625423993543095,2.6273286220686125,2.638465928212391,2.6339157789984995,2.62770416592993,2.6304506756294725
2009-11-09,2.585,1,0,0,2.627,2.5913781496306476,2.6086110932287636,2.6022226962918813,2.6390796186429033,2.6098441756004256,2.6089692732678227
2009-11-16,2.603,1,0,0,2.585,2.5939043751197675,2.603908925425031,2.5863578334149584,2.621974352305856,2.5490161385736387,2.5861503909151056
2009-11-23,2.594,1,0,0,2.603,2.6007975680605617,2.581634552148455,2.594416881424093,2.6164929575639118,2.5795673528006193,2.593333558114944
2009-11-30,2.601,1,0,0,2.594,2.5893922777314953,2.59966531002779,2.5917396952909915,2.609113887598385,2.5890990564114134,2.594534288854094
2009-12-07,2.56,1,0,0,2.601,2.570323318006517,2.5941455011121493,2.586823906780461,2.6124380097800906,2.5854117388844386,2.588279688143136
2009-12-14,2.546,1,0,0,2.56,2.555485305663534,2.5528911050235448,2.554963366330488,2.590066550185526,2.544501288851219,2.5575793783712095
2009-12-21,2.564,1,0,0,2.546,2.5604595703152335,2.556087282430558,2.548835541118566,2.560930341436239,2.5209567725937942,2.5466940736836294
2009-12-28,2.627,1,0,0,2.564,2.6120119844399325,2.5832419026595193,2.586901912712656,2.565353469985652,2.5499170901916073,2.5779918877821775
2010-01-04,2.717,1,0,0,2.627,2.709221093423589,2.682511861764761,2.698425755406741,2.609352191555594,2.6305576293457507,2.665445422889935
2010-01-11,2.703,1,0,0,2.717,2.712360452851579,2.698174141418801,2.715188022553364,2.6718954576115133,2.734248987394658,2.7102421256946347
2010-01-18,2.666,1,0,0,2.703,2.6671107241079963,2.687832663852493,2.686153228515477,2.701332797644019,2.7158001745266995,2.692992370206562
2010-01-25,2.618,1,0,0,2.666,2.636125242776354,2.6491065697341005,2.661339916642792,2.685819879113071,2.654143084446043,2.6563076917042956
2010-02-01,2.611,1,0,0,2.618,2.6076687690351292,2.640841018798891,2.602799202584259,2.6554007586600563,2.6284494682311452,2.6249765521097075
2010-02-08,2.563,1,0,0,2.611,2.579270779892035,2.590467812065452,2.5742226422246017,2.627425933452299,2.603135367408436,2.5941417072184194
2010-02-15,2.621,1,0,0,2.563,2.5922561299740394,2.591615302500237,2.594626481590536,2.593995758199484,2.5640186494300843,2.585268875248925
2010-02-22,2.671,1,0,0,2.621,2.667792600097951,2.633747951683164,2.655126401128543,2.6066531160511017,2.631160647475379,2.640185601557028
2010-03-01,2.721,1,0,0,2.671,2.7164991144797432,2.712566968376736,2.716532408202524,2.6569197502703608,2.702123697428782,2.7023982241753233
2010-03-08,2.76,1,0,0,2.721,2.744018588309351,2.743943150435131,2.7439057646431926,2.6979201525855907,2.741407924351223,2.7358378409504085
2010-03-15,2.792,1,0,0,2.76,2.789577190068969,2.7788462196029102,2.7936785701369216,2.7510440730779377,2.7938949685223946,2.7837853329842503
2010-03-22,2.765,1,0,0,2.792,2.776379552879254,2.782311917803788,2.798002576095193,2.773391734571511,2.8081650669360445,2.7899861104074066
2010-03-29,2.795,1,0,0,2.765,2.7885035067799064,2.8029792028127276,2.792505230518788,2.782116204919867,2.784018372732167,2.7892759826086726
2010-04-05,2.829,1,0,0,2.795,2.8214440174334943,2.819448491308992,2.814511736946075,2.7943329095852616,2.8113177094568944,2.812557172703699
2010-04-12,2.831,1,0,0,2.829,2.83355151588105,2.825644802833018,2.8441898362625606,2.8243243398396283,2.8610220334688954,2.84058080094124
2010-04-19,2.815,1,0,0,2.831,2.81912782471651,2.821343179368216,2.835647085181305,2.8286353293842756,2.858725979575103,2.8352369802570796
2010-04-26,2.864,1,0,0,2.815,2.8259034186835006,2.8305823119334605,2.829721193660997,2.823327659354329,2.8335677894804396,2.8290791608493513
2010-05-03,2.87,1,0,0,2.864,2.8676593362467244,2.856391147540169,2.868876448073267,2.8516788478959043,2.9023844463967263,2.873077337987766
2010-05-10,2.823,1,0,0,2.87,2.8433589877243595,2.8519702071287143,2.8554784684730055,2.875388804171735,2.900864910272843,2.8680004084706043
2010-05-17,2.741,1,0,0,2.823,2.7710150137867076,2.7882891847122564,2.784057548918849,2.8306403243853695,2.817849579665205,2.798706512885459
2010-05-24,2.679,1,0,0,2.741,2.6819305652711725,2.7075703043616866,2.6843682392111385,2.7741268959907375,2.7174942035847396,2.71083560491911
2010-05-31,2.674,1,0,0,2.679,2.6675121241732285,2.6788349390242736,2.6682442197856933,2.7159787505925586,2.6374705690063576,2.6690263767031257
2010-06-07,2.652,1,0,0,2.674,2.6754667866457167,2.6670146111565147,2.678012986507917,2.6929508562670805,2.6608459849366524,2.6735808663129514
2010-06-14,2.696,1,0,0,2.652,2.6904529869239138,2.687858105220531,2.6731633600112987,2.667704317055296,2.631346189697875,2.6666882203817126
2010-06-21,2.712,1,0,0,2.696,2.704379339891809,2.6976057553811508,2.700196336025418,2.686301895045481,2.6918219190030306,2.696150511220322
2010-06-28,2.676,1,0,0,2.712,2.6874039610035334,2.7011596771169177,2.7056791940109313,2.7083076658538037,2.7031429751393765,2.7009756731933328
2010-07-05,2.666,1,0,0,2.676,2.6887079016066857,2.694804137024457,2.683892253842616,2.701802546102468,2.6757569902666085,2.687202978217845
2010-07-12,2.672,1,0,0,2.666,2.665590938840038,2.6823362433878537,2.6707600100965587,2.673497597129275,2.662504447627558,2.669636811037528
2010-07-19,2.703,1,0,0,2.672,2.690132501525974,2.696970199641401,2.6854011338056103,2.676205109170575,2.6711835696686688,2.682768308599798
2010-07-26,2.687,1,0,0,2.703,2.6891819403674275,2.6979017784711976,2.703763769429525,2.6906123206508203,2.7132435451704806,2.700336897659527
2010-08-02,2.74,1,0,0,2.687,2.7156888347696024,2.709739485472721,2.6959749196126794,2.697864048501523,2.7113803842794835,2.7065899073473787
2010-08-09,2.696,1,0,0,2.74,2.7173862388434675,2.7104464663755166,2.720832699816147,2.727062899933074,2.771309446215989,2.7332800493780085
2010-08-16,2.653,1,0,0,2.696,2.671221416708988,2.704959995738961,2.6963657888443078,2.7157793037599687,2.7073347601968103,2.6985986116584386
2010-08-23,2.64,1,0,0,2.653,2.6353628467611574,2.6602131877110113,2.6471940241635323,2.6699892874720574,2.6390494373701294,2.6481833829682615
2010-08-30,2.647,1,0,0,2.64,2.6534146327308656,2.6500972052953946,2.657262272795766,2.6463906577302336,2.622405338651949,2.6441696587418813
2010-09-06,2.695,1,0,0,2.647,2.6805741091886452,2.6724723557702106,2.6606061269292915,2.6450010734637757,2.625792482548755,2.65452241431146
2010-09-13,2.703,1,0,0,2.695,2.6982472469250802,2.6684690485118625,2.6984943625762647,2.6598159889605895,2.6922739500596844,2.68599813183114
2010-09-20,2.668,1,0,0,2.703,2.6931450758646407,2.6856188103417735,2.709387787744154,2.6822312278856937,2.7000259769044135,2.695547894833561
2010-09-27,2.705,1,0,0,2.668,2.699638294867844,2.691650136582148,2.6873088334197734,2.6727966214221746,2.6526399781009933,2.678737892237211
2010-10-04,2.793,1,0,0,2.705,2.7586991967998027,2.7363001145391976,2.7347661189751067,2.682651265201862,2.6840453486088967,2.71773270114101
2010-10-11,2.795,1,0,0,2.793,2.799795467536431,2.753904905519636,2.8060124321174644,2.74008420654101,2.7875380680621444,2.78124208790602
2010-10-18,2.772,1,0,0,2.795,2.7773997838460343,2.7780379918397684,2.7937976363705213,2.7734025856876117,2.802423409941638,2.787108049363479
2010-10-25,2.76,1,0,0,2.772,2.7756394569481606,2.77732988067887,2.779686684607044,2.7763136244794127,2.7864720078864016,2.7797990847980816
2010-11-01,2.832,1,0,0,2.76,2.8096717693721196,2.8050091193746374,2.788761584836186,2.761859829320542,2.7476433172884467,2.779995504972841
2010-11-08,2.849,1,0,0,2.832,2.8328590892686747,2.824476137947367,2.823521456751057,2.786430638451006,2.7982463280232084,2.81273559792058
2010-11-15,2.828,1,0,0,2.849,2.83886840627858,2.8266088005857126,2.8213465971133362,2.818261804245473,2.8339451097986768,2.8286669454682345
2010-11-22,2.805,1,0,0,2.828,2.8131020611477955,2.8282101084916293,2.8197875595618735,2.8243309076098733,2.8179183484348385,2.819904447728823
2010-11-29,2.917,1,0,0,2.805,2.874773294883329,2.872970916523104,2.8508705425979253,2.8106414519326184,2.8010881829840284,2.8390965492156206
2010-12-06,2.937,1,0,0,2.917,2.9411164400698917,2.908987821640443,2.939773623910299,2.8640537957413326,2.9078324946147673,2.9145269710052295
2010-12-13,2.934,1,0,0,2.937,2.9526723033808873,2.9500315228458196,2.9444764388968476,2.9016608023559782,2.942497248756341,2.9395531594377653
2010-12-20,3.015,1,0,0,2.934,2.9813071174231234,2.989312151510387,2.967070374861057,2.915291121489277,2.9280438643378672,2.9543885166958836
2010-12-27,3.034,1,0,0,3.015,3.0295709180566903,3.01660229238906,3.0269922483544773,2.9620091469361065,3.0138430863765517,3.0119048285475127
2011-01-03,3.052,1,0,0,3.034,3.037439953124612,3.044878703581374,3.04307082184228,2.9947150263012743,3.0355014115607326,3.032327701626862
2011-01-10,3.068,1,0,0,3.052,3.061933895531477,3.0534982820999725,3.0612981554141214,3.0172262337862303,3.0305485613607797,3.0447923486903274
2011-01-17,3.074,1,0,0,3.068,3.0721266622073684,3.059421463018021,3.086651510899083,3.0374190127257124,3.0404145862371457,3.0590650806857593
2011-01-24,3.061,1,0,0,3.074,3.0744503417832076,3.06949089476161,3.079256648416785,3.051986206273934,3.0526257064703914,3.0651651372177704
2011-01-31,3.094,1,0,0,3.061,3.088315547571492,3.085138737610143,3.0855837522681733,3.0409156500555143,3.0449114832755617,3.0678233532959656
2011-02-07,3.095,1,0,0,3.094,3.11320944508075,3.0938906158121595,3.109243250792776,3.0623206226341892,3.1076521102006502,3.099748236854544
2011-02-14,3.141,1,0,0,3.095,3.142653037487641,3.14791945116122,3.1407699631772514,3.063748363359022,3.116014097503511,3.1230823151196025
2011-02-21,3.341,1,0,0,3.141,3.3101170648450697,3.264954013709994,3.3020367353324565,3.0934594380796927,3.1806791609707123,3.231504489654278
2011-02-28,3.473,1,0,0,3.341,3.467930849329352,3.385497250099114,3.458928077537002,3.188933747157012,3.3785696279736044,3.3843495148607707
2011-03-07,3.517,1,0,0,3.473,3.5078933641265033,3.491183802278955,3.515621121660473,3.3167187017773836,3.4893286213561048,3.4711272270078872
2011-03-14,3.507,1,0,0,3.517,3.5153042853313794,3.5295189880980344,3.5497089057386173,3.4273228440521515,3.5417839051529048,3.517700367832869
2011-03-21,3.538,1,0,0,3.507,3.54620709331648,3.579717933360181,3.554478053171368,3.4551059203452397,3.5201643750367873,3.531220853580531
2011-03-28,3.635,1,0,0,3.538,3.6223984096364577,3.636908170674942,3.612952111201436,3.4820023298073095,3.5660303773893967,3.584626528025281
2011-04-04,3.743,1,0,0,3.635,3.717861373192782,3.7141869368377525,3.7054430688517472,3.532236521506438,3.6747814580655107,3.673041561824392
2011-04-11,3.787,1,0,0,3.743,3.788402265710378,3.7788131005692365,3.796139503011024,3.6186776746369045,3.8007085160487746,3.7645562385071036
2011-04-18,3.817,1,0,0,3.787,3.828604925517585,3.830276241984931,3.846176596250722,3.679351477206919,3.844951056678107,3.8129267549083634
2011-04-25,3.906,1,0,0,3.817,3.9042168752269957,3.89258113825164,3.897381803838009,3.7263370733490104,3.8566829783173544,3.8594166095347315
2011-05-02,3.907,1,0,0,3.906,3.9053275249193677,3.9009573612026385,3.9026953096925827,3.7886430058658904,3.94193493055802,3.89523748144559
2011-05-09,3.905,1,0,0,3.907,3.8944420824151282,3.9063484041606498,3.8798743339275736,3.8192873016907725,3.9100219418182727,3.8852693048057603
2011-05-16,3.788,1,0,0,3.905,3.7928306828395653,3.833666730533026,3.8013149841951495,3.821932516616682,3.8921481169583783,3.832439144029354
2011-05-23,3.741,1,0,0,3.788,3.750777807670915,3.7768363797935915,3.7570519502463404,3.737238175280769,3.7448964104477005,3.7522386604801232
2011-05-30,3.738,1,0,0,3.741,3.724971269562071,3.7301127155412366,3.704447055829073,3.691906638965092,3.6942068431019663,3.7077237049486427
2011-06-06,3.664,1,0,0,3.738,3.654520459576711,3.660414374998759,3.689651124880845,3.6838302728112513,3.705210900210953,3.681316459585086
2011-06-13,3.597,1,0,0,3.664,3.6095852044258088,3.6084296431642056,3.619758138234609,3.624495469541284,3.610057159524974,3.6140906008897775
2011-06-20,3.513,1,0,0,3.597,3.5158321666453203,3.570509378626542,3.5596183494636766,3.583499832721717,3.560348952613152,3.5563017388605727
2011-06-27,3.534,1,0,0,3.513,3.535838643421932,3.557166848874153,3.523488916990854,3.514327684867459,3.464085827026187,3.5134781158910737
2011-07-04,3.608,1,0,0,3.534,3.6015081870770773,3.565493685797033,3.570495671738087,3.4774311566933758,3.522229114225059,3.547996210032746
2011-07-11,3.648,1,0,0,3.608,3.6630420397462333,3.6123084157629446,3.629153479503425,3.51794650091846,3.6369514952220046,3.6177690318931552
2011-07-18,3.667,1,0,0,3.648,3.6487189535139164,3.627067224566305,3.6521081514083713,3.5613994333176726,3.6650946903613892,3.6365402080620663
2011-07-25,3.684,1,0,0,3.667,3.6766132005109973,3.6410649451958816,3.6559792757566165,3.592139498435831,3.683194763224863,3.6550753983656596
2011-08-01,3.646,1,0,0,3.684,3.6430407955599313,3.6378542332106343,3.6504210747295245,3.61609487748249,3.698831854113811,3.654627749847504
2011-08-08,3.576,1,0,0,3.646,3.594647322500134,3.6028085009359794,3.620656524658235,3.600358389075831,3.6410012329103765,3.6148754260184504
2011-08-15,3.552,1,0,0,3.576,3.5541266047712092,3.5612362050173223,3.5504196853088255,3.5213002574632206,3.5172768946986044,3.5391074915049643
2011-08-22,3.601,1,0,0,3.552,3.581580010210541,3.576936580023925,3.570984610261705,3.5145100590310943,3.527658758747688,3.5531782397291094
2011-08-29,3.643,1,0,0,3.601,3.6365218482852533,3.59909798485465,3.6136570649359716,3.512015256370277,3.5693091063921325,3.587725310089351
2011-09-05,3.629,1,0,0,3.643,3.6351255724711318,3.5979903559644604,3.637728667208339,3.5424294787654715,3.621221518627917,3.611358525730275
2011-09-12,3.56,1,0,0,3.629,3.5756566918297663,3.58001247434964,3.5714691086605477,3.5435496376944107,3.5827031575991612,3.572163595584397
2011-09-19,3.461,1,0,0,3.56,3.4689079267965264,3.4986459053029604,3.4864904175271567,3.508814765509912,3.500229566630103,3.4920363172655406
2011-09-26,3.381,1,0,0,3.461,3.3851517056445255,3.4266459437249854,3.4108624962357066,3.448730073133523,3.4028848986634186,3.411889715970887
2011-10-03,3.368,1,0,0,3.381,3.3639705044847896,3.3813380178090817,3.3625508936266972,3.3683877509537794,3.3205328480742162,3.3551948698069833
2011-10-10,3.431,1,0,0,3.368,3.4092824477571657,3.3889064478050854,3.3967175461815335,3.320866385873759,3.3192090920228647,3.3648338126090485
2011-10-17,3.415,1,0,0,3.431,3.41622406971371,3.3863281428514194,3.419372559647069,3.3506156613618856,3.4269170384048255,3.404712991555299
2011-10-24,3.405,1,0,0,3.415,3.41151586017825,3.4074846356728417,3.417484680700602,3.3593123138908143,3.4038663188688725,3.4016691181820233
2011-10-31,3.37,1,0,0,3.405,3.3741450549700374,3.3796954231858676,3.3693280140998643,3.352836507648157,3.410426357706614,3.3803832461926
2011-11-07,3.388,1,0,0,3.37,3.371735983748297,3.3730543278187173,3.362225558367701,3.3325615747918196,3.3431469549280006,3.3558418992786008
2011-11-14,3.312,1,0,0,3.388,3.324387598526485,3.338321943676374,3.346872870084645,3.33996186287041,3.3668427114851975,3.3452726129216517
2011-11-21,3.248,1,0,0,3.312,3.2526152412884493,3.292931641137049,3.2641220479552056,3.2860858326361004,3.2710910039583765,3.271525013965839
2011-11-28,3.24,1,0,0,3.248,3.2380038947622354,3.256762152978108,3.228712636115125,3.237732727388308,3.213810575483374,3.232249030148497
2011-12-05,3.244,1,0,0,3.24,3.2421855001569386,3.2448749176096436,3.2371624903115586,3.214491034783924,3.222288699557838,3.231657510312544
2011-12-12,3.183,1,0,0,3.244,3.1973369461149055,3.2249779808277195,3.211650774159143,3.2141022105412254,3.2347412114222847,3.2173799251620214
2011-12-19,3.213,1,0,0,3.183,3.212443327167487,3.2342675758645747,3.209119825981751,3.1803007098811635,3.175432268963597,3.199784765585259
2011-12-26,3.254,1,0,0,3.213,3.2420665331243588,3.2382644985120668,3.2458243937655014,3.168269247213323,3.203569241412791,3.219923914226403
2012-01-02,3.333,1,0,0,3.254,3.3188621270704672,3.2918127879256973,3.3040686316930232,3.208743906373374,3.2682285442021692,3.2801536856967535
2012-01-09,3.342,1,0,0,3.333,3.3388889372306934,3.3258469468158123,3.3409197061779805,3.249862585650622,3.343519888773876,3.3242525250179487
2012-01-16,3.333,1,0,0,3.342,3.3476821578227702,3.3480016966079504,3.3672847294408412,3.287928042465053,3.3546447687302745,3.344117295850696
2012-01-23,3.386,1,0,0,3.333,3.3849265920422864,3.3762483956942346,3.3706575920704522,3.295360813337697,3.3348086238586516,3.352547456042906
2012-01-30,3.436,1,0,0,3.386,3.4190729244594946,3.3967963810446653,3.4185200902712713,3.3247186974251335,3.393092440844554,3.393326722908995
2012-02-06,3.466,1,0,0,3.436,3.4565270819536233,3.4632713280679104,3.454876276540144,3.367428198302685,3.4612980044524084,3.444116484957094
2012-02-13,3.523,1,0,0,3.466,3.523050662157355,3.5269098452441465,3.524545601282739,3.4040502357739744,3.509440693066988,3.501052433468594
2012-02-20,3.641,1,0,0,3.523,3.652729251875375,3.5979661574646533,3.6213602848332944,3.45335929552144,3.5631149279263368,3.5813684413251736
2012-02-27,3.717,1,0,0,3.641,3.710581867131308,3.6658458232630413,3.707043620269742,3.520132762828434,3.684133212057113,3.6651991590901885
2012-03-05,3.747,1,0,0,3.717,3.740344943373493,3.727452682980589,3.7377345048173534,3.600911743337262,3.739418390518524,3.7151108972043745
2012-03-12,3.787,1,0,0,3.747,3.779415191670677,3.770735479555927,3.782959232515814,3.664206270566136,3.7636538446013104,3.7559903541474897
2012-03-19,3.843,1,0,0,3.787,3.842735056506165,3.823879386669902,3.8321429307363415,3.7106522341067896,3.8119871349834993,3.8080044603808183
2012-03-26,3.874,1,0,0,3.843,3.886602462340982,3.8539591170161693,3.880549842670808,3.7554718036532355,3.8724149904094434,3.8554082626519257
2012-04-02,3.877,1,0,0,3.874,3.880506841358635,3.8616237832806504,3.873679328371075,3.793328452115606,3.9148641473233843,3.871497493507454
2012-04-09,3.867,1,0,0,3.877,3.8645750379583665,3.852583598056675,3.851234466653248,3.806595057893494,3.897011463187245,3.8594167439529894
2012-04-16,3.805,1,0,0,3.867,3.7951921982515033,3.8006228381508578,3.8048833665159147,3.7994615614287888,3.8729524442924355,3.819867499149791
2012-04-23,3.764,1,0,0,3.805,3.7664384705106553,3.7697437387022177,3.7527678680476693,3.7711719773743466,3.801750863086789,3.77440925773515
2012-04-30,3.718,1,0,0,3.764,3.7096630888825115,3.705928514948421,3.7010387788463923,3.729621424801117,3.754990741259866,3.722816315443966
2012-05-07,3.658,1,0,0,3.718,3.650378915741809,3.659627826374051,3.659865826508428,3.6933450986243876,3.7281410700107895,3.681828313145946
2012-05-14,3.622,1,0,0,3.658,3.6191083095142793,3.614605683761366,3.6214752687285405,3.624076116989646,3.6291303898708986,3.6224544733417545
2012-05-21,3.575,1,0,0,3.622,3.5620432827516035,3.566601758112625,3.568097714543336,3.5856613888731594,3.605289218445682,3.5795648164983596
2012-05-28,3.518,1,0,0,3.575,3.5353468043638543,3.53851068066864,3.534655900949407,3.546183608707576,3.5541142172893285,3.5425237532039233
2012-06-04,3.489,1,0,0,3.518,3.495138819440276,3.5096233250978504,3.5020025719927874,3.4990998752083193,3.503547207416663,3.501688508175823
2012-06-11,3.473,1,0,0,3.489,3.4507068704018975,3.466600269708691,3.4713300004794134,3.4385414415040114,3.4449089399394675,3.4539097260742975
2012-06-18,3.378,1,0,0,3.473,3.4071466673802964,3.4062583592902853,3.4074579393993965,3.4138954824863417,3.438197185556799,3.416603097747265
2012-06-25,3.291,1,0,0,3.378,3.3113492222654646,3.359663360478159,3.327749764940495,3.366786981966217,3.3253062913579,3.334810146067633
2012-07-02,3.357,1,0,0,3.291,3.330860356548563,3.3591931680795377,3.3212917796018973,3.30444137896033,3.2728159451222503,3.313072523761038
2012-07-09,3.364,1,0,0,3.357,3.369194444902179,3.3569568368503964,3.360379939810598,3.29475395615616,3.3648984879881545,3.352319140883864
2012-07-16,3.435,1,0,0,3.364,3.421606764005161,3.4066038739326387,3.4157066576297206,3.313902236578402,3.3705298447183574,3.3868549902493004
2012-07-23,3.45,1,0,0,3.435,3.4627956275157405,3.444222831655634,3.4586095627392495,3.359207709161166,3.4468082985770514,3.4380655375283293
2012-07-30,3.606,1,0,0,3.45,3.5689896214550503,3.567471619143827,3.5576186527223626,3.389555882016684,3.4560005577771085,3.5067210970793536
2012-08-06,3.662,1,0,0,3.606,3.6504116092029477,3.6186338856586464,3.64205904556627,3.470466509351706,3.6405989188341223,3.6121765361024454
2012-08-13,3.682,1,0,0,3.662,3.6796285775896744,3.672344494658903,3.675933600051384,3.533262538550913,3.6923710391601223,3.6576044797822993
2012-08-20,3.722,1,0,0,3.682,3.710758034632801,3.707344337262054,3.7065455856542022,3.583328082012363,3.688926977425739,3.68286877537487
2012-08-27,3.797,1,0,0,3.722,3.7819418758114463,3.7516385241826953,3.7663213327182854,3.6241822175450547,3.7402306530511087,3.7373082970480156
2012-09-03,3.799,1,0,0,3.797,3.815755150881615,3.7717765326781016,3.8155020886672806,3.68360687961435,3.812884568627904,3.7869896830824676
2012-09-10,3.832,1,0,0,3.799,3.822767956900613,3.7966906191292407,3.805831904440444,3.7022666312400165,3.8048344123246784,3.7909626845239157
2012-09-17,3.775,1,0,0,3.832,3.7932757589031527,3.7575091110041936,3.8113838494558037,3.717308429627736,3.8190665276252096,3.7864677243462035
2012-09-24,3.75,1,0,0,3.775,3.7308388098451744,3.741156503997537,3.7314151320685265,3.6969870726945366,3.75686091449714,3.7341210702786967
2012-10-01,3.742,1,0,0,3.75,3.7296574370292057,3.705283306600386,3.7132865453660298,3.674396152247187,3.723354018184341,3.711911349751797
2012-10-08,3.713,1,0,0,3.742,3.6923472976561396,3.671290205723658,3.6853290511217316,3.6602021934236233,3.708961026756855,3.687027875443608
2012-10-15,3.582,1,0,0,3.713,3.5986701135424997,3.6065164256000246,3.6138792323725157,3.637171438905244,3.684083428602361,3.6324739089312796
2012-10-22,3.48,1,0,0,3.582,3.5007078190567538,3.525553876673054,3.5216211859939084,3.571635579962866,3.5547461461979095,3.5349787100931223
2012-10-29,3.406,1,0,0,3.48,3.4150388214447385,3.437652432423751,3.42050886119843,3.471490103618909,3.447755599073535,3.437588689469143
2012-11-05,3.372,1,0,0,3.406,3.3724819456200046,3.379232264706569,3.3702582893316873,3.4063286823702223,3.3750722054934665,3.3791919102059125
2012-11-12,3.36,1,0,0,3.372,3.3539953357511854,3.364841689086931,3.343188611055607,3.3460873020689013,3.322432337189745,3.343496688715011
2012-11-19,3.382,1,0,0,3.36,3.3677536094157428,3.355297368603115,3.3383396052006686,3.325540284528338,3.3510280970809943,3.3483223277756835
2012-11-26,3.337,1,0,0,3.382,3.33272242707954,3.344028195057287,3.3402409292506086,3.3331552058177927,3.3693885591584167,3.3460399174157147
2012-12-03,3.297,1,0,0,3.337,3.295300101994904,3.3172588372521403,3.307398719834573,3.313778990604617,3.3142781503091876,3.3092916230226086
2012-12-10,3.198,1,0,0,3.297,3.2303665521159477,3.2603408210312415,3.2534916293950085,3.2898112932821877,3.2836535407792167,3.263818782554781
2012-12-17,3.205,1,0,0,3.198,3.204088387262074,3.241662186005206,3.1932168621603614,3.220871712275043,3.1809115370957084,3.2038575197405343
2012-12-24,3.245,1,0,0,3.205,3.2389844455085157,3.231420072940016,3.2200274102949655,3.199964375342091,3.207862454689675,3.2190985285791616
2012-12-31,3.233,1,0,0,3.245,3.2393360475058968,3.2411510209511154,3.2459133790389365,3.2145679750591394,3.2670695496646727,3.2445354672022826
2013-01-07,3.236,1,0,0,3.233,3.242667093344425,3.272283206682768,3.2579845608685822,3.2228931894872206,3.2782872247169577,3.256839830719409
2013-01-14,3.254,1,0,0,3.236,3.2473717822577455,3.2748264113477297,3.2467363474103057,3.2225944169807788,3.270535400068766,3.2536632460485886
2013-01-21,3.296,1,0,0,3.254,3.3229714349043955,3.2923570316322768,3.2968084641285653,3.2281653036458,3.2887617625919106,3.288260707088345
2013-01-28,3.471,1,0,0,3.296,3.4288033708761994,3.3999518324784,3.4252283120147857,3.2540256991893695,3.326192512640462,3.3676386055785157
2013-02-04,3.537,1,0,0,3.471,3.535359001939279,3.484893485973085,3.522924790958634,3.3520310342800634,3.5415013895999365,3.497241103722268
2013-02-11,3.69,1,0,0,3.537,3.664912151797235,3.6400260675020277,3.6493406232062737,3.4347983473219488,3.6103577030627463,3.605942738736932
2013-02-18,3.722,1,0,0,3.69,3.711725033676317,3.690760432783418,3.7103149316262574,3.5360765888352104,3.754944671022325,3.691681463810578
2013-02-25,3.698,1,0,0,3.722,3.707084088412006,3.7058294622164736,3.7148949605069777,3.615879454958707,3.767217533028075,3.7101671270929746
2013-03-04,3.644,1,0,0,3.698,3.650338289187782,3.6607015162350156,3.6595961200531013,3.6275735036257535,3.703564153186414,3.664637673117613
2013-03-11,3.633,1,0,0,3.644,3.6227955038187187,3.6286128661694277,3.6206916805934686,3.6169490868887135,3.607572925528843,3.6181480041264757
2013-03-18,3.616,1,0,0,3.633,3.6059158942235614,3.621366422930163,3.6172552298438863,3.605340509394974,3.611286633740847,3.611997849001534
2013-03-25,3.572,1,0,0,3.616,3.576423762127066,3.58837951030161,3.5779549888838917,3.5852782484651047,3.6220198316726027,3.5923607396361144
2013-04-01,3.539,1,0,0,3.572,3.5358554953368326,3.5489637321610146,3.5478419707892566,3.5518075331103773,3.5859690885250073,3.556543351464853
2013-04-08,3.469,1,0,0,3.539,3.506366848647226,3.518906940773202,3.5138337833150484,3.530754688286865,3.563828189445405,3.5293729885462986
2013-04-15,3.472,1,0,0,3.469,3.4596765118071895,3.486687048362012,3.460301380288165,3.4651287840079132,3.467981875634991,3.4670068491583557
2013-04-22,3.455,1,0,0,3.472,3.455147774845099,3.456831224596571,3.4483057364908247,3.424290420481062,3.45990180581674,3.4502716337690025
2013-04-29,3.478,1,0,0,3.455,3.473218984058832,3.4623625350861276,3.469222222209444,3.4091771801311914,3.45198875396556,3.4546444201899473
2013-05-06,3.543,1,0,0,3.478,3.5487462893117727,3.5093521393534837,3.5258459148546377,3.418665256207669,3.5013161816804725,3.5041211376619383
2013-05-13,3.636,1,0,0,3.543,3.624990151312434,3.5670578308333853,3.5991005186818668,3.4524447953591246,3.5801339488817687,3.570795334041353
2013-05-20,3.601,1,0,0,3.636,3.6180705892450145,3.583383545053872,3.6281383660962088,3.500732290927518,3.657105729083537,3.606653470593848
2013-05-27,3.61,1,0,0,3.601,3.602469434741353,3.5914537407888862,3.5919575695541215,3.5288674331529037,3.6157753410587254,3.590337175875326
2013-06-03,3.619,1,0,0,3.61,3.6072489313273963,3.58528721304358,3.5904938975476917,3.530908267830646,3.5890995826792147,3.5831659941326963
2013-06-10,3.577,1,0,0,3.619,3.572848179051722,3.5654372984963434,3.5666164057125975,3.5302694038567286,3.6052388985735386,3.572350298093764
2013-06-17,3.498,1,0,0,3.577,3.535303842056261,3.5381512771009085,3.52991273286388,3.523186010755125,3.5650804759656376,3.5407298300212986
2013-06-24,3.41,1,0,0,3.498,3.449497208012073,3.492671542983868,3.4613745569965992,3.485077897460565,3.490236658350996,3.475303912348475
2013-07-01,3.413,1,0,0,3.41,3.41761922328678,3.446289406888632,3.4177468163948723,3.412282593251804,3.4116165964381615,3.419466743764569
2013-07-08,3.57,1,0,0,3.413,3.512210622465557,3.484138506300489,3.5096196058965514,3.3808490384941625,3.4329957801610727,3.4647304477644227
2013-07-15,3.612,1,0,0,3.57,3.6222106358365553,3.5489412462141816,3.6064783492847385,3.446296460376551,3.6018604236781995,3.573965704836393
2013-07-22,3.57,1,0,0,3.612,3.5739893506530858,3.568802740044505,3.58834896319856,3.522755902642119,3.6497557559248746,3.588557329992142
2013-07-29,3.566,1,0,0,3.57,3.5586989596596013,3.567484913925019,3.5538458777006103,3.5304683887904145,3.5960394915416463,3.5645873555888437
2013-08-05,3.493,1,0,0,3.566,3.5081652877712233,3.536658970129648,3.5344363020171397,3.527007317886418,3.587431878925311,3.542566632574473
2013-08-12,3.496,1,0,0,3.493,3.481650429543474,3.5171603107128258,3.498048147484842,3.486893818051126,3.496205347398577,3.495250221360905
2013-08-19,3.504,1,0,0,3.496,3.505207029622039,3.504151384827049,3.5047845343205695,3.462447137014546,3.512543321131898,3.50005444381541
2013-08-26,3.575,1,0,0,3.504,3.5492366693101567,3.535585440846117,3.533616622704456,3.460496555548887,3.5449631220433817,3.5284126254529045
2013-09-02,3.54,1,0,0,3.575,3.5472653710456834,3.531146536677764,3.546410646137326,3.488975413274591,3.6100069710230898,3.552303082308878
2013-09-09,3.475,1,0,0,3.54,3.5015353112975984,3.5217737436221137,3.5155986894157043,3.5014712157642047,3.553812167734176,3.5217377614213903
2013-09-16,3.425,1,0,0,3.475,3.422730838097934,3.4711796856360904,3.4322161515698477,3.4509190444252673,3.448744991317093,3.4436332983439857
2013-09-23,3.354,1,0,0,3.425,3.361917139337707,3.4010603980712246,3.3713528665650787,3.4044049958669507,3.399198209067147,3.3867771949000844
2013-09-30,3.298,1,0,0,3.354,3.29830255803052,3.3473953226957502,3.312066362291343,3.3429201282420467,3.3092365955608614,3.3187576952951856
2013-10-07,3.296,1,0,0,3.298,3.29439058731328,3.3085243415620376,3.2824113927999443,3.2957904541913536,3.282167735775035,3.2908948573421286
2013-10-14,3.31,1,0,0,3.296,3.3106423500115194,3.2929961706653685,3.2915570474586047,3.2692254853951166,3.2951462467557544,3.293071534273789
2013-10-21,3.235,1,0,0,3.31,3.2461339146760175,3.256139828067858,3.261337745477952,3.2683754307950954,3.3229956338874973,3.275315205802918
2013-10-28,3.209,1,0,0,3.235,3.197936966660282,3.244488438254338,3.2093259588213128,3.237153938058106,3.2342852624483363,3.223542226386465
2013-11-04,3.133,1,0,0,3.209,3.1569122879271165,3.192496350607695,3.162767563055088,3.208088835154218,3.1858651135682914,3.1796208173452234
2013-11-11,3.161,1,0,0,3.133,3.1633022778646063,3.183851715696801,3.148633414306877,3.150341933403645,3.114432056453014,3.147931455217273
2013-11-18,3.241,1,0,0,3.161,3.2191132570451124,3.210225179954817,3.2040065983298445,3.1446461581713936,3.1612533812793187,3.1868582087702624
2013-11-25,3.209,1,0,0,3.241,3.2083858012888435,3.2148837867183433,3.218401588404404,3.178805965412959,3.2618213474118525,3.22122128991552
2013-12-02,3.208,1,0,0,3.209,3.195322826322163,3.22462864384709,3.191995210088536,3.187750652380821,3.2177194279738233,3.2038919398013532
2013-12-09,3.165,1,0,0,3.208,3.177918139595633,3.203201217863315,3.1843638272284585,3.1911139586270076,3.212458136750504,3.194592902263102
2013-12-16,3.198,1,0,0,3.165,3.194635961279804,3.2199831696311936,3.199842074893492,3.1740257525983933,3.157043781305155,3.186008875056445
2013-12-23,3.264,1,0,0,3.198,3.244220245954351,3.24141945856031,3.224346865639408,3.171257467873921,3.2047093989215107,3.2171030259538016
2013-12-30,3.261,1,0,0,3.264,3.269701909924163,3.2632531939919445,3.2816596717947775,3.216293253900347,3.284529598246136,3.2666669201419456
2014-01-06,3.267,1,0,0,3.261,3.2502189749177006,3.280477773922526,3.266448665431449,3.2335759606126935,3.264654867537696,3.259430583768812
2014-01-13,3.24,1,0,0,3.267,3.254751036442889,3.2622179799105075,3.254387374764161,3.2273586414135855,3.2770741722405603,3.2574433122859183
2014-01-20,3.241,1,0,0,3.24,3.2460965537705437,3.262490967595578,3.254399305127182,3.219586336929784,3.2439890697996363,3.245464657222315
2014-01-27,3.243,1,0,0,3.241,3.250703217103867,3.2590589571321362,3.265183828710325,3.212816617125246,3.242192903827672,3.2465906301695924
2014-02-03,3.257,1,0,0,3.243,3.277234456397665,3.269747060695364,3.2731832357582804,3.2110218135315183,3.276924938420773,3.264488624543863
2014-02-10,3.326,1,0,0,3.257,3.3106285205562305,3.302451093016511,3.304310089379884,3.2139801445425036,3.2644512154377234,3.2799297516374004
2014-02-17,3.394,1,0,0,3.326,3.38743391572625,3.3638678339356445,3.3727799495871795,3.2594759541430087,3.368010334758109,3.354880040056813
2014-02-24,3.421,1,0,0,3.394,3.423513970136445,3.423475092749245,3.4370713182304766,3.314183009260304,3.4357447748476635,3.4120538816930113
2014-03-03,3.452,1,0,0,3.421,3.462923775247233,3.46794865228167,3.4703568567183773,3.3540187692999694,3.4705135612758258,3.4497414071699555
2014-03-10,3.489,1,0,0,3.452,3.494653733633862,3.510439250823942,3.4964324022895856,3.4078215436158423,3.4974614777483577,3.484158694339145
2014-03-17,3.487,1,0,0,3.489,3.503450325917049,3.5207125172272837,3.5090803824078556,3.427526653216797,3.523538352091079,3.5004441042915455
2014-03-24,3.521,1,0,0,3.487,3.5184314239759464,3.528381257183878,3.5326251300662537,3.4321190426504735,3.5020231736525194,3.5045406203260363
2014-03-31,3.533,1,0,0,3.521,3.5383700032389998,3.5446899320113165,3.535507354850184,3.4526557808474423,3.541160111142081,3.5256478289401407
2014-04-07,3.581,1,0,0,3.533,3.5885234449873877,3.5732588171833957,3.5715642872273095,3.4697096224769925,3.5577544693951273,3.555124760499474
2014-04-14,3.612,1,0,0,3.581,3.607964319118262,3.5892456732953715,3.587237869136698,3.4973061099152547,3.6069113021263344,3.582640249419025
2014-04-21,3.635,1,0,0,3.612,3.6323413562495843,3.604783510786491,3.6125718769337,3.538203354788041,3.634194712927253,3.6093441840331963
2014-04-28,3.606,1,0,0,3.635,3.6124454685646015,3.604473786157517,3.6342671812519187,3.5672197947472584,3.6545500237480883,3.6199925033250984
2014-05-05,3.597,1,0,0,3.606,3.6017487713070615,3.5986599541021573,3.6026094128301605,3.5616066165476843,3.623870830550966,3.601000253306694
2014-05-12,3.593,1,0,0,3.597,3.5892991796794087,3.587837120228878,3.587478315668701,3.539582674684117,3.5914996081592614,3.5812730153605425
2014-05-19,3.607,1,0,0,3.593,3.598220421125789,3.5942006091939818,3.5890732473874025,3.534179528524471,3.5946217758288252,3.5843780291636422
2014-05-26,3.624,1,0,0,3.607,3.6133770672687997,3.5962009486943853,3.586016590027051,3.54241702504134,3.6006346130429745,3.590113857728831
2014-06-02,3.61,1,0,0,3.624,3.6095622366390416,3.5977146171273233,3.5966780976058237,3.5588045082349,3.6301999742299724,3.6024814735855344
2014-06-09,3.621,1,0,0,3.61,3.618173689041339,3.6003461738854883,3.6078172670043305,3.549682641083036,3.6050919593855375,3.5987052219772417
2014-06-16,3.639,1,0,0,3.621,3.6054652226047152,3.599603223144748,3.6111661989262425,3.5580589461320224,3.6165163025585327,3.601141012396657
2014-06-23,3.635,1,0,0,3.639,3.6394814469651005,3.608476107415649,3.6360769167070366,3.577726772563011,3.6448884587991106,3.625606888752281
2014-06-30,3.605,1,0,0,3.635,3.610057779414011,3.606579644605603,3.6172936448032584,3.5853728875509865,3.632437699865696,3.6131589443345833
2014-07-07,3.56,1,0,0,3.605,3.5796315147052393,3.582703918377021,3.5710576789527617,3.5716817422688742,3.626008311965364,3.589602264567898
2014-07-14,3.523,1,0,0,3.56,3.521876898486575,3.545653838102791,3.524526856712984,3.5364131243380177,3.5586051728041443,3.538335234962263
2014-07-21,3.468,1,0,0,3.523,3.4962366905766915,3.513753914474096,3.4905382163694205,3.499175475746256,3.518122646802868,3.5040894547254595
2014-07-28,3.449,1,0,0,3.468,3.4560165227029613,3.4762644670508225,3.4552952432344375,3.4578647021314617,3.45839033711999,3.4598529097348045
2014-08-04,3.447,1,0,0,3.449,3.445150961076253,3.4606956627403718,3.4510947421052545,3.4249458628697065,3.46058888696885,3.4496774769176213
2014-08-11,3.408,1,0,0,3.447,3.4081892606127204,3.4248745678100265,3.406610227999721,3.3952196985973515,3.441250026294731,3.417255484792264
2014-08-18,3.397,1,0,0,3.408,3.3891810227408534,3.4092306277509565,3.3932141303933325,3.377533012598155,3.4012271300497146,3.3944410097824007
2014-08-25,3.41,1,0,0,3.397,3.3870842968840837,3.3897461058909517,3.391878613439951,3.3508033934791417,3.3831343968375718,3.381570173919172
2014-09-01,3.406,1,0,0,3.41,3.404689516328265,3.3883513787956434,3.4054946209205137,3.3594011605277863,3.4023104821214427,3.3944499319117614
2014-09-08,3.352,1,0,0,3.406,3.3582668497638113,3.385415745665369,3.3686233243518937,3.3617897268119092,3.3964242735904833,3.3754695219937516
2014-09-15,3.296,1,0,0,3.352,3.3018228000523995,3.3353839915309367,3.3077728502981376,3.313369206288339,3.3122107845372057,3.3128105098758764
2014-09-22,3.304,1,0,0,3.296,3.284570947846809,3.298172524107155,3.282658387343202,3.2750507964584123,3.2654979902022507,3.2794959223360185
2014-09-29,3.246,1,0,0,3.304,3.249648573853106,3.2731706216194487,3.256965905446796,3.264378537446967,3.282771724535915,3.26610486991446
2014-10-06,3.147,1,0,0,3.246,3.1673366634654316,3.2180759030318975,3.1742058042463532,3.247566088135385,3.245167410054248,3.210504164709078
2014-10-13,3.07,1,0,0,3.147,3.0932040249192267,3.1419799265348947,3.0974997229085486,3.1580697147694794,3.108145908983615,3.1159695819978332
2014-10-20,3.016,1,0,0,3.07,3.017223209196555,3.0527187286226223,3.0285898185425935,3.0777635758401383,3.020082552054278,3.03550243612658
2014-10-27,2.956,1,0,0,3.016,2.9589090635755557,3.0036069139452493,2.9712614079416064,3.0157877879645305,2.956241397557278,2.97668808721584
2014-11-03,2.907,1,0,0,2.956,2.9055285381166893,2.94170817991359,2.9255929068191002,2.960755446361602,2.898754398548072,2.9222709211012816
2014-11-10,2.856,1,0,0,2.907,2.869512856710053,2.8928104948203326,2.8831736338204976,2.9098677907439416,2.850693550202005,2.8772955244257847
2014-11-17,2.781,1,0,0,2.856,2.7750939689245193,2.8222182113939858,2.7779890702052246,2.865722847858498,2.809020075011914,2.8066292256171432
2014-11-24,2.738,1,0,0,2.781,2.7159908086587032,2.7641855732304923,2.742276763670619,2.805598732936836,2.742038429954371,2.7503157386387573
2014-12-01,2.634,1,0,0,2.738,2.6509742253163266,2.6815648564022583,2.634795115379646,2.762915844515287,2.7025694370601094,2.6842377566511715
2014-12-08,2.499,1,0,0,2.634,2.507038525775017,2.5606765074353355,2.5105062953969437,2.6804368358845747,2.5862860746017327,2.5653389902931987
2014-12-15,2.341,1,0,0,2.499,2.3539560595555145,2.3765583703528352,2.3483209242129734,2.5716288767789783,2.444684934858402,2.415929760702513
2014-12-22,2.229,1,0,0,2.341,2.2212340499366814,2.2677998713221124,2.228518625969168,2.4456844585237194,2.3027224924272196,2.2881201058687872
2014-12-29,2.136,1,0,0,2.229,2.1365316004443238,2.171044746893463,2.141999319363931,2.3368271426388105,2.1989927683557497,2.1921558026423367
2015-01-05,2.066,1,0,0,2.136,2.0761746540684483,2.100305130491254,2.0712890709634464,2.236644685746329,2.158793529764017,2.1271053682595067
2015-01-12,1.999,1,0,0,2.066,2.0179776784778127,2.0333231941446592,2.0315415700550843,2.155734664527916,2.038757769997306,2.051014437405542
2015-01-19,1.982,1,0,0,1.999,1.9764450753806326,2.000580892213439,1.9726429172899396,2.081832581531549,1.991725035469519,2.000425090046633
2015-01-26,2.013,1,0,0,1.982,2.0153856559737173,2.0317343306302806,2.0091694949898313,2.056254867352428,1.9928304002431396,2.016998551673801
2015-02-02,2.133,1,0,0,2.013,2.1198546239325524,2.0893956100061826,2.106478568182639,2.0467599156492606,2.049793955364836,2.0816268551340986
2015-02-09,2.206,1,0,0,2.133,2.2025347838576232,2.1753700905710054,2.208486023699151,2.123886191412066,2.2393584269067524,2.1970212073330155
2015-02-16,2.256,1,0,0,2.206,2.2703016080843024,2.2378817727897076,2.2595167706234713,2.1883311271784627,2.304996152863186,2.2593532315289346
2015-02-23,2.36,1,0,0,2.256,2.343074658556359,2.3243609837929786,2.340946779367701,2.247864868311133,2.332292458279939,2.321523131019446
2015-03-02,2.367,1,0,0,2.36,2.367896634357722,2.3477162013750914,2.367990941080442,2.3180513750000893,2.3929245016681007,2.363639929637234
2015-03-09,2.339,1,0,0,2.367,2.3360480084952377,2.3498998947984977,2.3578512319709723,2.3861750152054206,2.3963652107890994,2.367203330751259
2015-03-16,2.347,1,0,0,2.339,2.3528231700130773,2.3596352908841416,2.3586232319144895,2.38990596431785,2.353924769488924,2.361352434222406
2015-03-23,2.348,1,0,0,2.347,2.3381716902154093,2.340530218111237,2.3417539116044344,2.3742055433441895,2.3589242728773923,2.3507327969080354
2015-03-30,2.315,1,0,0,2.348,2.3288204952387876,2.3392512703476243,2.3346106416234824,2.3828804003089337,2.3634118941424633,2.3497289995711275
2015-04-06,2.317,1,0,0,2.315,2.339385498432801,2.3348088111944993,2.326113610335252,2.369453529541411,2.3518286112434064,2.3441286427471386
2015-04-13,2.393,1,0,0,2.317,2.3800919715776034,2.3853933028215404,2.386289453077189,2.368493991281357,2.3383090757660048,2.3689741915002114
2015-04-20,2.451,1,0,0,2.393,2.442126965630277,2.424884104237187,2.4358497715585323,2.3899975941823057,2.438967260175159,2.4289418121883632
2015-04-27,2.517,1,0,0,2.451,2.5219858789113188,2.4920073864099925,2.5256155373880445,2.44521456768872,2.493351009589893,2.498078677433724
2015-05-04,2.547,1,0,0,2.517,2.5548226891142765,2.5492483978235545,2.545610775633042,2.5040870898370127,2.5410253795654314,2.540108431276156
2015-05-11,2.604,1,0,0,2.547,2.591358917010014,2.594298380406842,2.588766474619051,2.545968322149051,2.5998144650483144,2.586229237943862
2015-05-18,2.642,1,0,0,2.604,2.633469303056196,2.635850063974864,2.6244434141942623,2.581017697568169,2.648245809007414,2.6274768187817243
2015-05-25,2.656,1,0,0,2.642,2.6605065028082224,2.662827641040745,2.6767775243440712,2.623306034396685,2.6711959938071934,2.6611907243317305
2015-06-01,2.668,1,0,0,2.656,2.6707108024538155,2.6697196322056804,2.6694870981900136,2.648143694411555,2.666955826646889,2.6656430681278547
2015-06-08,2.744,1,0,0,2.668,2.713125061298359,2.7015439335359344,2.7127195076855086,2.662549938643815,2.6716412663204867,2.6918689296024807
2015-06-15,2.72,1,0,0,2.744,2.736995234116149,2.708683496259497,2.7255483692802223,2.6944928781303576,2.7603432447962053,2.7298093060566195
2015-06-22,2.713,1,0,0,2.72,2.714572923653995,2.724525892697916,2.7111058813707487,2.7165843661836426,2.7194273210167514,2.7169819513450375
2015-06-29,2.702,1,0,0,2.713,2.7111875844910664,2.7089561576352206,2.709879208637851,2.709976559371039,2.6939364197540048,2.7056938906485883
2015-07-06,2.694,1,0,0,2.702,2.689594316155124,2.7055296915965923,2.688233893782316,2.7048319617868497,2.6845835672085174,2.692800942540284
2015-07-13,2.661,1,0,0,2.694,2.6534982185928953,2.666216843474079,2.650289563567405,2.6833140048232638,2.661029187542937,2.6615901332507614
2015-07-20,2.605,1,0,0,2.661,2.6100283704718437,2.6219518171022713,2.6322031081024337,2.6686271893286637,2.6450472641688223,2.6354656649684003
2015-07-27,2.555,1,0,0,2.605,2.563425649713127,2.5779214685000764,2.581047115357843,2.635930216854896,2.5853685060950555,2.586980190621501
2015-08-03,2.505,1,0,0,2.555,2.51943207160036,2.519595856287213,2.5089133130632395,2.5847666190513623,2.542985610527664,2.5341763793104186
2015-08-10,2.608,1,0,0,2.505,2.558326101139635,2.537517920251412,2.5332883994616977,2.5264539443512732,2.4754395193838605,2.5222554486742
2015-08-17,2.534,1,0,0,2.608,2.5499056924665644,2.5113310238489195,2.561949952574493,2.548214172468372,2.5834146044797333,2.5554748887496985
2015-08-24,2.406,1,0,0,2.534,2.4366978107517463,2.4405166028396055,2.438697042235732,2.529308054166684,2.4949372339607834,2.468455554273129
2015-08-31,2.337,1,0,0,2.406,2.340568620519081,2.361594599124752,2.3401720346081136,2.4493152402912055,2.354073975042624,2.3648589675538476
2015-09-07,2.28,1,0,0,2.337,2.286899196138022,2.297830570289012,2.2967910624644636,2.4098902812155556,2.316501534197132,2.3185123449590455
2015-09-14,2.237,1,0,0,2.28,2.235137906683197,2.2611827729960696,2.237797005695987,2.3236542508270963,2.1942531891784256,2.242787712479245
2015-09-21,2.246,1,0,0,2.237,2.239988492873174,2.2334653497901393,2.2353481676395144,2.263799507302904,2.194747061432582,2.2295786035656153
2015-09-28,2.252,1,0,0,2.246,2.248139453856116,2.2254215641442348,2.241459708446782,2.2587574524610927,2.2300165448883926,2.240102804891545
2015-10-05,2.283,1,0,0,2.252,2.2538659109161925,2.2385387830300907,2.2376278396890843,2.2479404617630667,2.2168017884316225,2.237110210318545
2015-10-12,2.22,1,0,0,2.283,2.238509494482194,2.217268078507738,2.2531117458744157,2.2650951966381934,2.284815212566765,2.2552634391312463
2015-10-19,2.166,1,0,0,2.22,2.1808188391697674,2.195663167262466,2.195467000961988,2.2435809745485042,2.19923719837781,2.201269530832894
2015-10-26,2.17,1,0,0,2.166,2.1619429239279087,2.1735616005589327,2.1575266634951427,2.2006825823238665,2.1304089849608427,2.1604412046415407
2015-11-02,2.172,1,0,0,2.17,2.1720390227161235,2.1475156364407075,2.162441477210426,2.18740011058773,2.127607893076724,2.1567331672689036
2015-11-09,2.11,1,0,0,2.172,2.1130494094465693,2.130606306936609,2.1334122843760785,2.18992881201728,2.1601877371626137,2.14519334785186
2015-11-16,2.015,1,0,0,2.11,2.0506844584307746,2.0772493063204807,2.0605839116398696,2.162947522616336,2.1205668885065654,2.093863202234189
2015-11-23,1.974,1,0,0,2.015,1.9742424003670136,2.0166427790412635,1.9820108952259816,2.09514650053563,2.005004063884745,2.0101192002216237
2015-11-30,1.969,1,0,0,1.974,1.9572329257298713,2.000177990708177,1.9577013612119885,2.058051123486977,1.9843393769571396,1.9874186912526046
2015-12-07,1.953,1,0,0,1.969,1.95159477254199,1.986849025693828,1.9527500555737576,2.036685385845287,1.9803554716363483,1.978680977109744
2015-12-14,1.929,1,0,0,1.953,1.942260120049021,1.9471868899323885,1.9464022583422056,2.000411054866296,1.945673767316023,1.954182836468196
2015-12-21,1.933,1,0,0,1.929,1.9278183159927322,1.9300615898749334,1.9101451496287891,1.9899967424099516,1.9323407280586546,1.9356869010641848
2015-12-28,1.922,1,0,0,1.933,1.9214026782693756,1.9160202892433855,1.9074765819687864,1.9777782521405465,1.9298752945626347,1.9290517447932087
2016-01-04,1.888,1,0,0,1.922,1.8859912075381922,1.8889172420232843,1.8904020826366543,1.9735838487464865,1.919828685718204,1.9106844996594128
2016-01-11,1.81,1,0,0,1.888,1.8226714161268915,1.85587373638142,1.856307962719291,1.9640135081335073,1.868546826526124,1.870024001231636
2016-01-18,1.752,1,0,0,1.81,1.7489852716887668,1.793600703556095,1.7701045922868026,1.9018907394411415,1.7912963939187216,1.7963112836837387
2016-01-25,1.729,1,0,0,1.752,1.734222297429366,1.744179697388688,1.7236528425325395,1.8444156546527393,1.7287035809454916,1.7497670834407084
2016-02-01,1.663,1,0,0,1.729,1.6673704268168308,1.6850893256568513,1.6882923292739334,1.811229086396188,1.7320977510895734,1.715239892423404
2016-02-08,1.638,1,0,0,1.663,1.6409655717563107,1.6786444995291412,1.6482107925007976,1.7751173365373876,1.6756016553831383,1.6792114801295845
2016-02-15,1.661,1,0,0,1.638,1.6633879124285718,1.6838237246223984,1.6610598116609585,1.7280959614978222,1.6710545953270413,1.678491793546207
2016-02-22,1.715,1,0,0,1.661,1.7100644504467006,1.7173573825445934,1.6895978413328034,1.732292129664267,1.7011701938056976,1.7080137071775003
2016-02-29,1.782,1,0,0,1.715,1.777310540147785,1.7706347303314112,1.7540673351826814,1.7473170378229725,1.7421277103503408,1.75700708509143
2016-03-07,1.888,1,0,0,1.782,1.8744305805034378,1.8561244262823875,1.8575054880618518,1.7942120488850806,1.8233576118127637,1.8412914664265685
2016-03-14,1.935,1,0,0,1.888,1.9445517020630316,1.9168964453323045,1.9301173780489138,1.9020581416623474,1.9798161949817317,1.9400732297917729
2016-03-21,1.976,1,0,0,1.935,1.963682377273486,1.9626041738003073,1.983282718584241,1.9603728150658477,2.0069813820632514,1.978883889249765
2016-03-28,1.994,1,0,0,1.976,1.996994868079697,1.9842768465004004,1.9992650420717217,2.009199280137453,2.0394138225111904,2.009053792299381
2016-04-04,1.981,1,0,0,1.994,1.9838306765700657,1.9967347755064448,1.9931937877783221,2.038444751764806,2.0319616388894812,2.0096326043669666
2016-04-11,2.053,1,0,0,1.981,2.0346886902395065,2.034451187806505,2.0223343517361063,2.0337019633386753,1.9999367873240277,2.022446653360736
2016-04-18,2.08,1,0,0,2.053,2.084759293227953,2.075933176148573,2.0892596592621224,2.0797908910968856,2.105715980220054,2.089272979812389
2016-04-25,2.168,1,0,0,2.08,2.1484388428365193,2.135459057334029,2.1194576182359866,2.097866463407938,2.1154401857246343,2.123250628749946
2016-05-02,2.143,1,0,0,2.168,2.150909293088265,2.1478619934186556,2.1715146308462074,2.156910478600684,2.2261422273472418,2.1762042791308773
2016-05-09,2.17,1,0,0,2.143,2.176227668393999,2.185879601060312,2.1848363478158137,2.1813006666793853,2.162824724612814,2.1766722870440978
2016-05-16,2.235,1,0,0,2.17,2.2009444026059746,2.2033424726951862,2.187675246665966,2.183742250049109,2.1654312635496127,2.1860832269784884
2016-05-23,2.281,1,0,0,2.235,2.28016373541269,2.2445830462828913,2.2851986359608802,2.2374720624871673,2.2495127520029206,2.2606601242934756
2016-05-30,2.328,1,0,0,2.281,2.322108816350408,2.310479274978897,2.311837026205562,2.277824200864403,2.275149507261157,2.2982915317771386
2016-06-06,2.343,1,0,0,2.328,2.336286615053153,2.324881246047019,2.3391415186338604,2.315219069006262,2.335174755643368,2.3314727511668334
2016-06-13,2.29,1,0,0,2.343,2.311051913963136,2.3064080486833842,2.321324601203539,2.336143197251795,2.3423148146042525,2.325061207092965
2016-06-20,2.25,1,0,0,2.29,2.2480135999927304,2.2743389835575036,2.2583500203745115,2.3207164863169214,2.273044668023555,2.2726817928109346
2016-06-27,2.205,1,0,0,2.25,2.2260797624938626,2.2372356391093486,2.2415704934881973,2.302606410386242,2.2285392804461597,2.244038167725023
2016-07-04,2.171,1,0,0,2.205,2.175074077008829,2.1970801084053098,2.17875551116008,2.256276509686426,2.1938017458410064,2.1973474997829756
2016-07-11,2.148,1,0,0,2.171,2.1501679720844655,2.1806982401167763,2.1470637479111763,2.229284434945486,2.1671332153890708,2.171476935077646
2016-07-18,2.105,1,0,0,2.148,2.1154882251425744,2.131244596648847,2.127338918455341,2.1881076715961605,2.141617744497858,2.1391711059881056
2016-07-25,2.091,1,0,0,2.105,2.085832582165813,2.1228350327816825,2.0890315738645544,2.1596644477843685,2.1079036007508147,2.109979174268545
2016-08-01,2.087,1,0,0,2.091,2.09693511540615,2.1043908623072376,2.0919852134503376,2.1325739404085007,2.094343539990339,2.102057450997086
2016-08-08,2.096,1,0,0,2.087,2.0999600272957113,2.103615364347421,2.0958227209413614,2.1170601758223206,2.101377941003917,2.102780871788899
2016-08-15,2.136,1,0,0,2.096,2.1264115641612786,2.1232630042659233,2.1169988965531217,2.123101594800815,2.117955874706305,2.121121450272506
2016-08-22,2.187,1,0,0,2.136,2.1707866537036278,2.161784946232628,2.1623658298006205,2.1447112251864926,2.153991974940964,2.1588874710043298
2016-08-29,2.17,1,0,0,2.187,2.1829592611271513,2.1757457526822632,2.1861680470355975,2.1854454036945423,2.1968992984411257,2.186739336150084
2016-09-05,2.138,1,0,0,2.17,2.1407987415788163,2.179765249683619,2.1540019458269417,2.194211759391702,2.169405686829583,2.16583270271161
2016-09-12,2.17,1,0,0,2.138,2.151774544220848,2.1674102824007955,2.1456417169889903,2.165700249925316,2.1242176570636504,2.1475925797944657
2016-09-19,2.166,1,0,0,2.17,2.1646164852768845,2.162409361086261,2.1650793268839528,2.182202454464596,2.1547854757138096,2.164548154941751
2016-09-26,2.184,1,0,0,2.166,2.1798338622980147,2.1754539729036395,2.1667635218948487,2.186696087380432,2.1678106119831266,2.174258744207462
2016-10-03,2.216,1,0,0,2.184,2.2065815250893,2.18402158837259,2.195371745405606,2.1932485552492054,2.1722788478856394,2.189353824061759
2016-10-10,2.198,1,0,0,2.216,2.211927056744166,2.199744150533691,2.2075936411041366,2.2198366484069476,2.2283826105496463,2.21492712651976
2016-10-17,2.175,1,0,0,2.198,2.1839869283666444,2.1941602726883613,2.1905864606280643,2.223878258312413,2.187491291542611,2.194296213327445
2016-10-24,2.159,1,0,0,2.175,2.166118992067205,2.1852275342657657,2.183220545499675,2.2169142331178886,2.1685603985006514,2.1814575462611665
2016-10-31,2.157,1,0,0,2.159,2.175529214961334,2.1783142431858096,2.1697904022739998,2.2060427521394637,2.172461392456305,2.178826461010388
2016-11-07,2.105,1,0,0,2.157,2.1246288085071536,2.1445276788247583,2.135340455389081,2.1906055333666887,2.1334589635627177,2.142923102056858
2016-11-14,2.078,1,0,0,2.105,2.082836226063495,2.1216872491915706,2.085935490191905,2.1566885324508553,2.0816860303071674,2.100934459415855
2016-11-21,2.079,1,0,0,2.078,2.075698898204436,2.1042754574802034,2.072668386175409,2.1211848253828416,2.046151404702296,2.0786680325619526
2016-11-28,2.137,1,0,0,2.079,2.1194422311309804,2.134859026496775,2.1133817910732926,2.12347152954678,2.075339139544644,2.1091509515621443
2016-12-05,2.174,1,0,0,2.137,2.1641562610665828,2.1613785633387237,2.1505832206764133,2.1422897106404486,2.130613194231204,2.1482352930477746
2016-12-12,2.203,1,0,0,2.174,2.218239002502009,2.1995229959267673,2.214817500263969,2.1874212660099266,2.188080024113047,2.20153741820219
2016-12-19,2.254,1,0,0,2.203,2.2423429173087137,2.246513809266025,2.2368821384763544,2.2132739882320793,2.2205260117565753,2.231202048908225
2016-12-26,2.319,1,0,0,2.254,2.2988524202347937,2.283325534138144,2.2860046797385905,2.250311394344794,2.2562865942287655,2.2744125892977527
2017-01-02,2.328,1,0,0,2.319,2.325573425138884,2.3118894798388414,2.334717210273432,2.301159610464935,2.3147852605351824,2.318574706336599
2017-01-09,2.298,1,0,0,2.328,2.318196026587073,2.317413369998825,2.329778903542178,2.332820594237958,2.3122534830618555,2.321266148759681
2017-01-16,2.258,1,0,0,2.298,2.259757389994225,2.285971944636795,2.2710251792442477,2.322325411364996,2.281315285113731,2.282026882576736
2017-01-23,2.224,1,0,0,2.258,2.223635124515055,2.2590369828801826,2.245209340488514,2.309125274079748,2.243435476408902,2.2526805591510435
2017-01-30,2.221,1,0,0,2.224,2.2251408059838926,2.242705392901477,2.228602370671677,2.2775454301583706,2.2168732127794155,2.2347203301688636
2017-02-06,2.228,1,0,0,2.221,2.2206001323454703,2.2262247910664184,2.2232458851711123,2.254222353982687,2.2380654914993885,2.232172875612179
2017-02-13,2.224,1,0,0,2.228,2.222385263652647,2.225916465865855,2.229217698666717,2.250501242876037,2.2587592041400644,2.238774998840664
2017-02-20,2.233,1,0,0,2.224,2.232432189892387,2.233836526796594,2.239108148300652,2.2526263217759896,2.2463759619802617,2.241097356711158
2017-02-27,2.264,1,0,0,2.233,2.2610339527685968,2.2409697732561424,2.2511411009065614,2.2525731692295423,2.270761838295195,2.257207444324118
2017-03-06,2.242,1,0,0,2.264,2.2571261542333043,2.2464634814884668,2.2416445161518452,2.268755278812063,2.2933596922046826,2.2639766569810833
2017-03-13,2.238,1,0,0,2.242,2.2494697794729,2.269585326083884,2.2577223592900633,2.285351372662154,2.278095915108059,2.267801305915854
2017-03-20,2.228,1,0,0,2.238,2.2348189391821984,2.2582863841820155,2.2426327677038507,2.271285825502334,2.255173688796206,2.251409350778784
2017-03-27,2.281,1,0,0,2.228,2.272240427046958,2.26968286551353,2.264340856121628,2.2689564963101803,2.2611317618905855,2.2666418057033297
2017-04-03,2.351,1,0,0,2.281,2.336375850551444,2.3094733431855907,2.3256659970516624,2.2866335651574192,2.3216350038681,2.3180415777220227
2017-04-10,2.356,1,0,0,2.351,2.3724960960178585,2.335183623399516,2.3620663865349147,2.3345390002522044,2.393998024289693,2.3644025991694946
2017-04-17,2.372,1,0,0,2.356,2.3765498282244164,2.3614746798454784,2.3700689558655146,2.3673864797640842,2.395749561895637,2.376653339412235
2017-04-24,2.331,1,0,0,2.372,2.3503379219471965,2.3506729209582593,2.3565674622945814,2.3817220874260068,2.3949602359449917,2.368887849333529
2017-05-01,2.288,1,0,0,2.331,2.2981494682379164,2.316957803434432,2.310696759544556,2.361286766370079,2.3392490206271104,2.3249757245291187
2017-05-08,2.283,1,0,0,2.288,2.2756306068315095,2.286712024456738,2.267707798164839,2.325470313801426,2.2603702174146614,2.279520198028907
2017-05-15,2.306,1,0,0,2.283,2.285849683762945,2.2858336320859043,2.2801738376682392,2.3075945772852977,2.2677188925693788,2.2832321358635435
2017-05-22,2.308,1,0,0,2.306,2.307597360869251,2.294742021744906,2.3073260404810805,2.317609903003641,2.3100738961244485,2.3078945570715064
2017-05-29,2.325,1,0,0,2.308,2.3117052772047755,2.309401782763655,2.3134044977687016,2.329372118911338,2.3327579977607726,2.3202866732160934
2017-06-05,2.276,1,0,0,2.325,2.3053349281937714,2.304483456269843,2.3204890470605886,2.3366319895378833,2.3377053172145374,2.3222462164359974
2017-06-12,2.224,1,0,0,2.276,2.2402292712796648,2.259689465509998,2.2423488916115732,2.3098124705835277,2.2696142568584325,2.2628113426427054
2017-06-19,2.201,1,0,0,2.224,2.2007570251623525,2.223402122142389,2.2121370997860974,2.273847307897156,2.21086205525188,2.2210992394402647
2017-06-26,2.163,1,0,0,2.201,2.179987094372644,2.198776514075161,2.181426324435775,2.2424515813595653,2.187725705288404,2.195295595246203
2017-07-03,2.21,1,0,0,2.163,2.191833382361166,2.19851228544673,2.1831211232146726,2.21143300513691,2.1733663998973096,2.189144957967355
2017-07-10,2.188,1,0,0,2.21,2.192569076757479,2.1998922536899417,2.2080899567370893,2.22745799964514,2.252328599229806,2.218807675613127
2017-07-17,2.224,1,0,0,2.188,2.2107885750394662,2.2242496547151616,2.202809540027767,2.2194296311235453,2.2130482153705353,2.213138073273765
2017-07-24,2.269,1,0,0,2.224,2.2766538849724958,2.2512467072251106,2.2632681815895626,2.239395252092047,2.2516461337252385,2.2572046309900298
2017-07-31,2.29,1,0,0,2.269,2.2855048009808634,2.280237910500064,2.2953465080455784,2.265230776501903,2.288825698352212,2.2844202061812955
2017-08-07,2.301,1,0,0,2.29,2.3158629858980837,2.3100042047735645,2.3186646726770292,2.306142028819904,2.3236594459723396,2.3161227070675023
2017-08-14,2.273,1,0,0,2.301,2.309018797018484,2.3054366996908957,2.299994492692305,2.3136182624126334,2.336676193109151,2.3148323821993415
2017-08-21,2.322,1,0,0,2.273,2.3337947878958745,2.3211297232635797,2.301972775605503,2.303519366284073,2.2988131442896953,2.3107901757056415
2017-08-28,2.604,1,0,0,2.322,2.505602999455178,2.440762146935361,2.5454818135929655,2.3195208726610654,2.3529725219091286,2.432777950771689
2017-09-04,2.61,1,0,0,2.604,2.6139058393631016,2.519150208228834,2.5963316660495077,2.4543737997656723,2.6223952433659483,2.572518406850035
2017-09-11,2.559,1,0,0,2.61,2.55049638865538,2.5488486364161855,2.561738543229261,2.5323867990132944,2.5851132437976623,2.559103074528762
2017-09-18,2.508,1,0,0,2.559,2.5103254530851378,2.509928914554802,2.513807547651251,2.538328958046496,2.5230749303754423,2.5189813841647677
2017-09-25,2.493,1,0,0,2.508,2.496752851322976,2.4927090476171427,2.489193289006829,2.5260324511629437,2.453275531879109,2.487461562967492
2017-10-02,2.426,1,0,0,2.493,2.4293346823602704,2.4584145002123536,2.4509192539579794,2.508739203270785,2.4350774738737777,2.452630596639731
2017-10-09,2.413,1,0,0,2.426,2.402314009081635,2.4257064491745686,2.3993753871105974,2.4492201731929186,2.3673526796921083,2.403281078316691
2017-10-16,2.406,1,0,0,2.413,2.4149877343201114,2.41132809411315,2.4088839980748458,2.424177431988161,2.3766968180820873,2.404229532249683
2017-10-23,2.41,1,0,0,2.406,2.4217079378363136,2.4245512389431516,2.415450995017402,2.416359616663922,2.403172003681561,2.4149172973331128
2017-10-30,2.468,1,0,0,2.41,2.4525256593859575,2.4503623713427234,2.4311992503699416,2.4186733034626653,2.4207125884661274,2.4335982279445143
2017-11-06,2.504,1,0,0,2.468,2.4840402385654277,2.4720578806354325,2.4870668545310743,2.45155404660578,2.4624332796110364,2.471765774437989
2017-11-13,2.48,1,0,0,2.504,2.491421888439738,2.4860970268162466,2.5056230981529,2.4878978938554006,2.506962525019798,2.4972699506785823
2017-11-20,2.444,1,0,0,2.48,2.4424455091785444,2.4705220116702375,2.456099327134617,2.4899304044734842,2.4771434175191214,2.4666350410227817
2017-11-27,2.41,1,0,0,2.444,2.4097079121029443,2.447092844697308,2.4076635301527483,2.4716417222222438,2.4437847547614764,2.43414843992284
2017-12-04,2.401,1,0,0,2.41,2.3934010610569074,2.4386147054878737,2.415031497060365,2.4544107203003285,2.4038913678447438,2.417455755431921
2017-12-11,2.358,1,0,0,2.401,2.3817549862113077,2.4079277222156903,2.386083025357881,2.4251041403931737,2.3957554445738154,2.3974009494173556
2017-12-18,2.384,1,0,0,2.358,2.3762991933987254,2.411320888219762,2.3635366159065434,2.4041869376037206,2.3658021316877584,2.3805217001332686
2017-12-25,2.436,1,0,0,2.384,2.4318858217155914,2.4229815826945384,2.424305751670144,2.3946478784329375,2.3928188195378075,2.41232708928538
2018-01-01,2.429,1,0,0,2.436,2.4337622246404433,2.4330823299339146,2.4379269727060664,2.4263856483278143,2.4572778028218845,2.43973710442887
2018-01-08,2.473,1,0,0,2.429,2.4588034671468306,2.4687959364108583,2.4404582878605763,2.4416850305535864,2.4358106825600694,2.4474288836380524
2018-01-15,2.482,1,0,0,2.473,2.4784904697846244,2.4701073280569648,2.486572475222177,2.464487204074784,2.495976932115629,2.48142601299402
2018-01-22,2.516,1,0,0,2.482,2.508979237826074,2.5030098014594917,2.5048316046126806,2.4875251378944605,2.500788018454171,2.501520312788973
2018-01-29,2.544,1,0,0,2.516,2.5371754905776607,2.508917653213062,2.531320355295168,2.511873245682599,2.540436442018698,2.528494555351923
2018-02-05,2.511,1,0,0,2.544,2.5207322661107,2.525489428983404,2.532123737924203,2.5412215054877034,2.592854953823412,2.5467498172377123
2018-02-12,2.455,1,0,0,2.511,2.4717584841369655,2.4860203730948567,2.497232439144892,2.52869773662847,2.551692338781782,2.5101780310644193
2018-02-19,2.442,1,0,0,2.455,2.451122300836263,2.4554506506581197,2.4497326544992384,2.4831776729638686,2.481397578934007,2.4648762955687467
2018-02-26,2.462,1,0,0,2.442,2.454784881665022,2.459132793384226,2.445058079520781,2.4712493110281737,2.468418800480667,2.4597471758838205
2018-03-05,2.455,1,0,0,2.462,2.483025458478514,2.468955084696242,2.504626657147209,2.4767257615724536,2.5118867161944616,2.4922901115891745
2018-03-12,2.494,1,0,0,2.455,2.503960064985825,2.5011155653555295,2.5229683720352907,2.487236425481118,2.5072560829686728,2.505739268893167
2018-03-19,2.541,1,0,0,2.494,2.532521802994501,2.5208418141782807,2.5300388332029002,2.497628639432518,2.5387841581252726,2.52631386403865
2018-03-26,2.592,1,0,0,2.541,2.5807907849783844,2.5470078363147493,2.5684802880165876,2.5292697070500556,2.5727796941994976,2.5626253855884564
2018-04-02,2.587,1,0,0,2.592,2.605211612481942,2.601945227034095,2.609727483649828,2.5757807895958087,2.6280388024470422,2.607126832538883
2018-04-09,2.644,1,0,0,2.587,2.6225304543686376,2.62936712869026,2.61759069543372,2.5881369719340754,2.630953161026703,2.619256911585483
2018-04-16,2.696,1,0,0,2.644,2.683773946355745,2.6720197008213518,2.6832615271520965,2.6204995712033226,2.6810311678628675,2.67094569358395
2018-04-23,2.741,1,0,0,2.696,2.7382477730106554,2.7188822313340615,2.725756094960633,2.663460839438498,2.727698170197366,2.7177698926463276
2018-04-30,2.733,1,0,0,2.741,2.7507808778710063,2.7430996135270522,2.7461211278801514,2.710863187926519,2.757774657265231,2.7441034247251563
2018-05-07,2.786,1,0,0,2.733,2.757570111627857,2.7682308525413513,2.7464819477831575,2.7285484875867563,2.756807155594744,2.7519459095026315
2018-05-14,2.834,1,0,0,2.786,2.8270707100020265,2.79811704648567,2.813468898020076,2.7566884632596675,2.8176150718413093,2.8059242764155554
2018-05-21,2.877,1,0,0,2.834,2.86354933129442,2.8319340480754494,2.8376185993773526,2.797459318967133,2.847706226721434,2.838359142795188
2018-05-28,2.849,1,0,0,2.877,2.8443338522924586,2.834445931091023,2.8601352241779407,2.838986074187574,2.885579329444374,2.856522309209328
2018-06-04,2.822,1,0,0,2.849,2.8348988592481668,2.818492792025517,2.8230473090409225,2.8373215313681674,2.838874134327826,2.831402231838709
2018-06-11,2.79,1,0,0,2.822,2.8033628821318812,2.799812487460046,2.8092544034410274,2.820522968442183,2.7880527410814726,2.802680310942695
2018-06-18,2.745,1,0,0,2.79,2.7732844019399288,2.7783099293351747,2.780432072176752,2.798274266713767,2.7710239764390003,2.7789650436539164
2018-06-25,2.762,1,0,0,2.745,2.7390538062209075,2.769387457613938,2.748277284350256,2.762010846673034,2.6991838939865254,2.73843331827507
2018-07-02,2.774,1,0,0,2.762,2.7742053312636386,2.771261241728169,2.7735250685879933,2.7524728280187243,2.766135740459418,2.767920939764635
2018-07-09,2.79,1,0,0,2.774,2.7895225797545953,2.7882412534156136,2.7774362720879786,2.760956649605206,2.779161559882747,2.779357586197903
2018-07-16,2.754,1,0,0,2.79,2.7755477377470856,2.781175161014899,2.772808630475133,2.775228338711265,2.796877211333255,2.7815596006314376
2018-07-23,2.772,1,0,0,2.754,2.7574125238941245,2.771306684297639,2.755566576256797,2.7487632136834943,2.7529280979903055,2.7564993997779403
2018-07-30,2.781,1,0,0,2.772,2.7629488594820297,2.778516053968645,2.7751536254614355,2.7608933731481518,2.775087719387999,2.77083088295303
2018-08-06,2.774,1,0,0,2.781,2.7688772352114133,2.7805692716064496,2.7765370448639337,2.773592672432494,2.7980812357046645,2.7809461969491096
2018-08-13,2.755,1,0,0,2.774,2.7573110562156944,2.76791121583277,2.7684177783222603,2.7616199564074626,2.784145457046981,2.7692334897792708
2018-08-20,2.761,1,0,0,2.755,2.7701547028059403,2.7679477164600317,2.766685093374513,2.7482307871309493,2.770742265938899,2.7657139005126545
2018-08-27,2.759,1,0,0,2.761,2.761546197905958,2.7690471635595277,2.769518701777908,2.745653877692924,2.7662487977940753,2.763069949555101
2018-09-03,2.765,1,0,0,2.759,2.767199167150675,2.7733949456885525,2.7736553911182398,2.7528800913986573,2.7650411464598106,2.7665966993403277
2018-09-10,2.771,1,0,0,2.765,2.7729315270960755,2.7819269592318974,2.7826671516732,2.761258038908797,2.7599675605981493,2.770932913345277
2018-09-17,2.779,1,0,0,2.771,2.7740841776016665,2.773265002453343,2.7646731604581465,2.7422725337620815,2.760455569912858,2.7631416774337385
2018-09-24,2.796,1,0,0,2.779,2.787368075528982,2.788193966553555,2.7820765573002877,2.7497822952259527,2.770312180075837,2.7756793538508036
2018-10-01,2.829,1,0,0,2.796,2.8076495476107532,2.79724780941722,2.8229901161228828,2.7692778157499993,2.779044212584311,2.7953594441473237
2018-10-08,2.806,1,0,0,2.829,2.8025132206343337,2.790878402509826,2.814535818661833,2.7968097297299535,2.8331873143000843,2.8107125041419954
2018-10-15,2.763,1,0,0,2.806,2.7816502742995493,2.79171508076058,2.796092544290523,2.793889651272815,2.804461003025087,2.7943819045390375
2018-10-22,2.732,1,0,0,2.763,2.755853492622197,2.75638258503529,2.759678599159082,2.758118136974058,2.7442295766714664,2.7539472623136088
2018-10-29,2.67,1,0,0,2.732,2.685767457902882,2.6942978942678493,2.6984004759330076,2.729731699022477,2.7047211539469704,2.701956500602819
2018-11-05,2.604,1,0,0,2.67,2.6171109525599374,2.6275210243705334,2.635313354711588,2.6812071038696117,2.6114611668789296,2.6313208169989983
2018-11-12,2.525,1,0,0,2.604,2.5177371175003085,2.544014206431007,2.5341703380226157,2.617838997716249,2.5301157407827515,2.5446665043047094
2018-11-19,2.445,1,0,0,2.525,2.4583376288295247,2.46630574687345,2.4691297899707108,2.55471189539616,2.4600444355452824,2.4778227276414615
2018-11-26,2.35,1,0,0,2.445,2.3697051310470916,2.3727485631040794,2.366335243072313,2.486185773174024,2.382786429357999,2.3917959942594047
2018-12-03,2.325,1,0,0,2.35,2.306016601543694,2.3112248684207386,2.2661740374547925,2.398888975007431,2.2849627888739077,2.3076579480503083
2018-12-10,2.268,1,0,0,2.325,2.265688169948331,2.251724819356738,2.264781513815671,2.3512072179769854,2.2831882349215995,2.2819465402788666
2018-12-17,2.216,1,0,0,2.268,2.212103764357697,2.2240720354976955,2.2114888400593835,2.305001969740945,2.240352022753424,2.2364344204736533
2018-12-24,2.156,1,0,0,2.216,2.160408890534621,2.181753562260569,2.170907743159097,2.2619040403455988,2.199212317506619,2.1927484392153263
2018-12-31,2.128,1,0,0,2.156,2.1170551368395163,2.135984008184914,2.1264497684942514,2.1970214242684207,2.1282076803053713,2.13781339849206
2019-01-07,2.143,1,0,0,2.128,2.1479177098770217,2.1364638546822037,2.143843915386186,2.1718035268285094,2.119627172345901,2.1415029226571303
2019-01-14,2.147,1,0,0,2.143,2.1531157968490278,2.154310598331353,2.1565640498766525,2.1632008344427174,2.1305812953477887,2.149527597774397
2019-01-21,2.162,1,0,0,2.147,2.153407963594966,2.165213098177493,2.1511666682676265,2.1646657199113473,2.1452736232383756,2.1543169435667533
2019-01-28,2.162,1,0,0,2.162,2.16334775690789,2.1807003169163197,2.16738125983791,2.1831849932343546,2.1805195386812595,2.174673720699911
2019-02-04,2.187,1,0,0,2.162,2.179799211218254,2.1868956782326645,2.177813967590172,2.1731690866746467,2.186344927184104,2.1811566273165512
2019-02-11,2.23,1,0,0,2.187,2.2382814168277623,2.210566978681296,2.231451577275348,2.197501215292269,2.24578555131704,2.2281325777545535
2019-02-18,2.311,1,0,0,2.23,2.3040718676384415,2.2541005422701628,2.2836500535548847,2.2192189850799053,2.2808547744091654,2.272252675633143
2019-02-25,2.352,1,0,0,2.311,2.3579076253918814,2.322005467372905,2.3571825805755746,2.283459942733137,2.3851542764917855,2.3477474705569614
2019-03-04,2.399,1,0,0,2.352,2.4040892639183737,2.362560017590437,2.394477988668465,2.321995280321822,2.4003979687103825,2.38156982265505
2019-03-11,2.477,1,0,0,2.399,2.4813464129412584,2.427435482406818,2.472251897792494,2.3876685603429357,2.4562942052016328,2.4494017430642634
2019-03-18,2.544,1,0,0,2.477,2.5380090340654964,2.5101062404508068,2.531872514151628,2.4482050764324677,2.5280871545483734,2.5153356186346745
2019-03-25,2.611,1,0,0,2.544,2.6104547882489784,2.570832645384198,2.5959800707866263,2.5081680661360015,2.5998270919307194,2.5820545231469536
2019-04-01,2.65,1,0,0,2.611,2.6545939826053675,2.631578341966909,2.638581537177258,2.569306487462421,2.657572155726596,2.634805759316295
2019-04-08,2.725,1,0,0,2.65,2.7142418067105667,2.688657938060932,2.7050870842776917,2.6084714208359667,2.6814043249155626,2.6824793076067044
2019-04-15,2.723,1,0,0,2.725,2.7366638760344246,2.725928532139109,2.7560670259780227,2.6702755723953926,2.764956495377146,2.7361188710858366
2019-04-22,2.761,1,0,0,2.723,2.7553101200054146,2.744851327060648,2.7520465555957703,2.69839475778927,2.7355171392367357,2.738490083702215
2019-04-29,2.771,1,0,0,2.761,2.7751744795345714,2.771320599226809,2.7830247584175605,2.7390606108314013,2.789111944203553,2.7742114465797387
2019-05-06,2.735,1,0,0,2.771,2.7492570115347017,2.756614013844048,2.760451539235265,2.7495913074996934,2.7708578385065223,2.7586471636699432
2019-05-13,2.723,1,0,0,2.735,2.7071016005435085,2.734629205660919,2.703132728691453,2.7318596555890666,2.7242951138355522,2.7190697739931564
2019-05-20,2.696,1,0,0,2.723,2.7087546389056922,2.7111804455711246,2.703898073543627,2.717751511703952,2.6969932644293277,2.7063511583142716
2019-05-27,2.691,1,0,0,2.696,2.684018976593252,2.712332082333761,2.6875620886985665,2.7061432002979986,2.678675465547935,2.6911421136770084
2019-06-03,2.62,1,0,0,2.691,2.637247255981699,2.6514080781929334,2.6522914930882107,2.6847329648399074,2.6686160906624674,2.658732718205383
2019-06-10,2.553,1,0,0,2.62,2.559728591759727,2.574869512718772,2.5569429537791355,2.6274321239262917,2.566571036333231,2.5741988546536567
2019-06-17,2.541,1,0,0,2.553,2.5384923974956277,2.548101553939669,2.5325411478011,2.581022977998598,2.4926670038770706,2.533093533349534
2019-06-24,2.608,1,0,0,2.541,2.5746196303187507,2.543465444802147,2.56064000446466,2.546278051305407,2.481456843367278,2.5371030140988915
2019-07-01,2.644,1,0,0,2.608,2.634273581037244,2.593168850438387,2.6229617598803414,2.578270125659151,2.601603037008734,2.607795094339186
2019-07-08,2.682,1,0,0,2.644,2.6672053669013778,2.6436924127635737,2.65802991845923,2.612569757910098,2.676094021400364,2.6553347816924835
2019-07-15,2.653,1,0,0,2.682,2.67150980550523,2.631696658232814,2.673896880551864,2.6401296990241176,2.6971818235969742,2.6679374648989755
2019-07-22,2.615,1,0,0,2.653,2.6340778565848555,2.627804236499667,2.6435024570260652,2.6494943377068174,2.6543873266441302,2.6431266576679247
2019-07-29,2.588,1,0,0,2.615,2.57488315363327,2.5826686294039183,2.5782030157479037,2.621551673303249,2.601867669409316,2.5916137814604663
2019-08-05,2.524,1,0,0,2.588,2.5499540874718347,2.5307661825310817,2.5784897129206232,2.604698076515468,2.581245240447849,2.570419050449829
2019-08-12,2.501,1,0,0,2.524,2.490712954867318,2.5035659956038674,2.4955488383015596,2.5488682010792982,2.4907879473126537,2.5030678448382213
2019-08-19,2.471,1,0,0,2.501,2.4860514250807473,2.475759862030213,2.469922598000824,2.5129263994278404,2.483932788705017,2.4848612209989835
2019-08-26,2.461,1,0,0,2.471,2.4648590441513814,2.470597513520613,2.470657748915708,2.4862437819494883,2.454704810720185,2.467636263107231
2019-09-02,2.45,1,0,0,2.461,2.457036043717296,2.4499532428173643,2.45337192795429,2.462881336420162,2.4383199815940078,2.451056078726748
2019-09-09,2.454,1,0,0,2.45,2.461467064568874,2.462761383822189,2.4517449967670086,2.4509811919748827,2.4365789459971956,2.451158053931392
2019-09-16,2.561,1,0,0,2.454,2.529040372721552,2.4918279588598446,2.507308809663054,2.4439007838383637,2.4494506169346106,2.4835025872375613
2019-09-23,2.518,1,0,0,2.561,2.525185146042766,2.4987195373916107,2.527599284752872,2.5059899508506756,2.57112941619812,2.5310992074081082
2019-09-30,2.513,1,0,0,2.518,2.5067130198542498,2.5030955564735056,2.5005104094929775,2.505423722212013,2.5107288527636973,2.5057436508256075
2019-10-07,2.495,1,0,0,2.513,2.4968572030416873,2.472045789853265,2.488047292135279,2.4969838508675566,2.489760526243548,2.489359523864875
2019-10-14,2.512,1,0,0,2.495,2.488224781807027,2.474004245608876,2.4779180399789884,2.4843436562764873,2.463585825888885,2.4765920051494232
2019-10-21,2.469,1,0,0,2.512,2.4870229484442086,2.4554852270967022,2.495827617037072,2.4893589038155852,2.475116567350452,2.4812786627006203
2019-10-28,2.485,1,0,0,2.469,2.4803524416330474,2.4750533722614487,2.476742835167223,2.4731793067669057,2.4624453218374747,2.4727719731051785
2019-11-04,2.493,1,0,0,2.485,2.4742549940133634,2.473452514187844,2.488630641326799,2.478840850704301,2.4561538837964623,2.4729886148923406
2019-11-11,2.473,1,0,0,2.493,2.4707682713176053,2.476493538976608,2.4736213831389118,2.480137156719983,2.4804996874859704,2.4763863372939015
2019-11-18,2.469,1,0,0,2.473,2.4684418648043884,2.4667114945653097,2.461726062811918,2.4674264033849234,2.456338991290775,2.4633131826782737
2019-11-25,2.485,1,0,0,2.469,2.476244169859295,2.470842710682011,2.4736574718099105,2.4643658920216005,2.4523485203812694,2.4664781076413274
2019-12-02,2.478,1,0,0,2.485,2.4794664484801006,2.471519498882043,2.484547516479406,2.474262563669753,2.466561557213658,2.4749974663728467
2019-12-09,2.448,1,0,0,2.478,2.453262928089938,2.458948236447096,2.452341941321503,2.461106975016908,2.461176938777927,2.4573392008197654
2019-12-16,2.447,1,0,0,2.448,2.4495941627720166,2.458079212710724,2.4538611571012225,2.4597995908837635,2.4402118723496224,2.4508677481408445
2019-12-23,2.488,1,0,0,2.447,2.481662915899051,2.46659063622417,2.474176965669646,2.4533695296419182,2.442704501458074,2.4626686938033693
2019-12-30,2.494,1,0,0,2.488,2.4941065042995936,2.467698159638575,2.4995323205769657,2.470276031889324,2.5000853577942506,2.489059011079033
2020-01-06,2.482,1,0,0,2.494,2.4775597223464847,2.4752048594359137,2.47935651551982,2.4835724277646474,2.4961357316149364,2.4836011266308473
2020-01-13,2.448,1,0,0,2.482,2.4491579679798527,2.47357759382191,2.4666245106966302,2.488790101454499,2.4824295599329513,2.4719474157482986
2020-01-20,2.412,1,0,0,2.448,2.4203163390183358,2.433512751331929,2.4118404240486186,2.4630762299848548,2.4497221975410106,2.43540008218496
2020-01-27,2.358,1,0,0,2.412,2.37762721756487,2.4084961210225266,2.396123937508733,2.437725903177583,2.406190462186225,2.4036263909208677
2020-02-03,2.324,1,0,0,2.358,2.323969212870104,2.352760910271577,2.3188565647335726,2.3833795310155153,2.3599145357507445,2.3465706074339083
2020-02-10,2.337,1,0,0,2.324,2.3349186154398693,2.324988703638043,2.32655350760444,2.3493970106104287,2.3134049013885747,2.3281514426595633
2020-02-17,2.373,1,0,0,2.337,2.353463855644552,2.3346130698403815,2.33747791766132,2.3435334331448763,2.342730457821485,2.3427387306627443
2020-02-24,2.324,1,0,0,2.373,2.34024566488224,2.335173721982421,2.3423481145459233,2.361459923344248,2.396084394406561,2.358518511004157
2020-03-02,2.272,1,0,0,2.324,2.2906028353102554,2.312136109814098,2.304587310337323,2.3536904330247643,2.3333379070972207,2.3185784027332854
2020-03-09,2.139,1,0,0,2.272,2.171499574007241,2.2167172132849666,2.185105917402649,2.3179799145825575,2.2430904955770457,2.22424965028539
2020-03-16,2.007,1,0,0,2.139,2.00821721456281,2.0564350762542105,2.017152779887859,2.198250841497858,2.0480699899114927,2.058836622478963
2020-03-23,1.886,1,0,0,2.007,1.8958219007398636,1.9184442001906514,1.8964757266895262,2.0510089433768974,1.8845104526781986,1.9213232756749035
2020-03-30,1.8,1,0,0,1.886,1.8004276568632616,1.8183753780400937,1.809060934454393,1.9182405630773185,1.7486579365323247,1.8098884499584378
2020-04-06,1.735,1,0,0,1.8,1.726434226672643,1.7598830395968623,1.7412304141860184,1.8532278976099237,1.7302486164448845,1.7560760829382576
2020-04-13,1.694,1,0,0,1.735,1.6861994921973242,1.704482508230119,1.6931588534327044,1.8000821653980905,1.6702291290938125,1.7044494912667174
2020-04-20,1.655,1,0,0,1.694,1.6709049302063848,1.6770025588595068,1.6655220091845742,1.7513048587592888,1.708580358840533,1.6938918800233034
2020-04-27,1.68,1,0,0,1.655,1.690658162441595,1.693667189608395,1.6868407503756921,1.7030221553336693,1.6730870600960865,1.6875263861629863
2020-05-04,1.75,1,0,0,1.68,1.7377648719369214,1.7289125337734874,1.733502364466666,1.6979321084757517,1.7519352876037837,1.7329584924088113
2020-05-11,1.776,1,0,0,1.75,1.7723119111221088,1.7658526363618958,1.7754845157800931,1.7462164539891039,1.8131327304151459,1.7788900537979226
2020-05-18,1.87,1,0,0,1.776,1.8598826613130108,1.8383966679352859,1.8513749230091496,1.7870312319956114,1.8263763800240378,1.8340015944234342
2020-05-25,1.883,1,0,0,1.87,1.9004829675737736,1.8732786613396861,1.9006502164849723,1.8534761719797381,1.8913745377929843,1.8863690420812496
2020-06-01,1.947,1,0,0,1.883,1.929105258885074,1.9251144920220922,1.9292514344503664,1.889326858773525,1.9593818735601434,1.9303444612649578
2020-06-08,2.017,1,0,0,1.947,2.0201484720739495,1.9888233790506096,2.007818400923067,1.9345094660187327,1.9919223246985973,1.9913529508574312
2020-06-15,2.048,1,0,0,2.017,2.042658675613873,2.0294890095678735,2.048284571798771,1.9995762866817979,2.088180907597207,2.0472820042282143
2020-06-22,2.094,1,0,0,2.048,2.089939333917589,2.070307452085419,2.0976055095727486,2.0333414510158274,2.0827335193527876,2.0775158078121594
2020-06-29,2.1,1,0,0,2.094,2.1002905077103358,2.0884937852959915,2.110506051978858,2.086624388497984,2.1365902685108216,2.1083281589142855
2020-07-06,2.113,1,0,0,2.1,2.1047887329364947,2.100099621980846,2.110710885932584,2.094186718376741,2.0667260008279698,2.09328157056608
2020-07-13,2.099,1,0,0,2.113,2.106916370627992,2.0946023251116075,2.104761175496731,2.115184609284741,2.1010464379242664,2.1043487006589445
2020-07-20,2.085,1,0,0,2.099,2.08934431024722,2.0832216822607443,2.0975146359616277,2.119831189505642,2.037996460504256,2.081114711017431
2020-07-27,2.085,1,0,0,2.085,2.09569727933068,2.08846941381996,2.097839357486949,2.1075792113753278,2.0911519605319477,2.095743834360258
2020-08-03,2.078,1,0,0,2.085,2.0897986801727377,2.0871091568582556,2.0945844091288883,2.108912064520091,2.112721887072118,2.099714556453522
2020-08-10,2.077,1,0,0,2.078,2.0853311999212685,2.087005221834387,2.0761322440791528,2.0960628005880455,2.0809380317339277,2.084180325324526
2020-08-17,2.09,1,0,0,2.077,2.0858288466006027,2.0921959531518297,2.086299886129616,2.095375193978903,2.0959096555824193,2.091164557745689
2020-08-24,2.135,1,0,0,2.09,2.1187311429228535,2.1117839299682064,2.1087992852765516,2.104433254449133,2.111900733282917,2.1114292057949755
2020-08-31,2.122,1,0,0,2.135,2.1257444313159093,2.120828332995737,2.1444222492708516,2.136522102531166,2.1761833390194263,2.1443863246999375
2020-09-07,2.091,1,0,0,2.122,2.09756099194365,2.1075100999038163,2.0947717193238504,2.132487833159361,2.123219410571234,2.111074098107071
2020-09-14,2.078,1,0,0,2.091,2.092513029914039,2.0892990989318316,2.0884478246281803,2.111243142966066,2.0884903159507364,2.0931007268818176
2020-09-21,2.088,1,0,0,2.078,2.0872825791637997,2.0817273480131178,2.076490312684738,2.0906386736015596,2.0598149196768167,2.0772497092179716
2020-09-28,2.091,1,0,0,2.088,2.0934283311438975,2.079991384326395,2.0910373878965514,2.0957082149120825,2.0847405272877726,2.088910482500814
2020-10-05,2.084,1,0,0,2.091,2.0854767332088513,2.0850664087143644,2.089560305458419,2.104624846990492,2.0876513124749407,2.0899560017498713
2020-10-12,2.064,1,0,0,2.084,2.0592498139546254,2.0749653412053335,2.081555597045202,2.0966113811401597,2.0657702051429583,2.0741168566422523
2020-10-19,2.053,1,0,0,2.064,2.0449833965556086,2.0673428789841215,2.0642421378970446,2.085781356438155,2.044414480680514,2.058835389102316
2020-10-26,2.021,1,0,0,2.053,2.035895817449078,2.044943638754695,2.062109318221969,2.0745251920663073,2.02492595336241,2.046037038467197
2020-11-02,2.004,1,0,0,2.021,2.0078434932266225,2.034308259755517,2.0060342332050674,2.050028558673045,1.97666791252679,2.0097777988885266
2020-11-09,2.018,1,0,0,2.004,1.9984765729765184,2.018601966806957,1.9864374690776991,2.025905452070928,1.9727997660816552,1.9964131349323084
2020-11-16,2.009,1,0,0,2.018,2.0250966168343316,2.023956782816866,2.020715732863653,2.036427906221442,2.015599330540043,2.023248840466411
2020-11-23,2.022,1,0,0,2.009,2.0255730505070297,2.0376874530675284,2.017496270312564,2.0307881196195554,1.994846911537647,2.018185249693257
2020-11-30,2.063,1,0,0,2.022,2.045950345372745,2.052944955151349,2.041596108302588,2.041845749554511,2.0372519047795445,2.0430586796625176
2020-12-07,2.063,1,0,0,2.063,2.0679536115202315,2.083538259938023,2.0746228717870596,2.066318976277792,2.065145083341286,2.070677707125056
2020-12-14,2.137,1,0,0,2.063,2.1276752360317035,2.1240078728369425,2.110006369283619,2.0780535465661583,2.0973540814498612,2.107154547370163
2020-12-21,2.158,1,0,0,2.137,2.157637119930527,2.1500257001617142,2.1693821352171128,2.1208524403738673,2.1732498865003103,2.157277351106205
2020-12-28,2.16,1,0,0,2.158,2.1604580848272303,2.1711622078833184,2.1764048373756757,2.1537908716290364,2.1839510193654306,2.170738641519241
2021-01-04,2.232,1,0,0,2.16,2.2122874778763544,2.2067584997699403,2.1962148832120105,2.16979957436273,2.189765995942715,2.195093254147147
2021-01-11,2.285,1,0,0,2.232,2.2833771186098684,2.2377516036906204,2.267509629572393,2.2056686678393085,2.2370143831163367,2.248036572935648
2021-01-18,2.298,1,0,0,2.285,2.3116670502936754,2.2888496838762227,2.3124759197022073,2.263364846390197,2.3122600189690576,2.3007749712990258
2021-01-25,2.316,1,0,0,2.298,2.3196552830589976,2.3140198180605682,2.313201269024118,2.2911430610598718,2.32868190449567,2.3152992222020155
2021-02-01,2.372,1,0,0,2.316,2.3838381217740268,2.3455515281307338,2.3697445391895804,2.3157752255568433,2.3629814076112448,2.3584609408279444
2021-02-08,2.409,1,0,0,2.372,2.4195771857199824,2.370946131413773,2.4046188751156645,2.3500249755296547,2.414126367465171,2.396406884456108
2021-02-15,2.549,1,0,0,2.409,2.526756077369559,2.4860372709148866,2.5189996668901182,2.3915323146077485,2.4585484208551525,2.4786515766361505
2021-02-22,2.625,1,0,0,2.549,2.612426846450022,2.569477523279623,2.605038458280918,2.4655692363317585,2.5974079739960425,2.5766379268132233
2021-03-01,2.684,1,0,0,2.625,2.691905583422427,2.6563576809852063,2.677320454851094,2.5544593982379054,2.6626913141198973,2.6533735619796097
2021-03-08,2.766,1,0,0,2.684,2.7575253594912312,2.7146905969446093,2.741558653605896,2.627510605121173,2.7537383313627264,2.725712703255421
2021-03-15,2.78,1,0,0,2.766,2.79329613592043,2.756666818799359,2.7918585533656017,2.7039126717546162,2.821084760205366,2.780614199744031
2021-03-22,2.771,1,0,0,2.78,2.769833628053291,2.7756210057585364,2.7865532331101948,2.7470355969458264,2.8167703354327958,2.7833046685312373
2021-03-29,2.777,1,0,0,2.771,2.7795528949322494,2.75891112235309,2.7822768257238475,2.742148733901143,2.794793103704273,2.775129308952545
2021-04-05,2.763,1,0,0,2.777,2.7662875511218887,2.7784199807822914,2.77392442650016,2.7527415476985277,2.79134135377894,2.7743445670797433
2021-04-12,2.767,1,0,0,2.763,2.761344742508359,2.770073461978487,2.7708050409398295,2.74376467901987,2.765312066405173,2.7628949601068955
2021-04-19,2.776,1,0,0,2.767,2.771637324767899,2.770828412211219,2.7803616742144373,2.743530270677831,2.790068491622278,2.773829097115158
2021-04-26,2.79,1,0,0,2.776,2.8012812957124202,2.79132995107344,2.7888464629949903,2.756041775038961,2.8010183365405936,2.7897924547990334
2021-05-03,2.86,1,0,0,2.79,2.8375512606623707,2.818605068257575,2.8293460161062303,2.7552225863935536,2.8127138647874332,2.812942324132695
2021-05-10,2.928,1,0,0,2.86,2.911407506534258,2.8793829596539973,2.8971551824593207,2.8026561838291997,2.907536687897082,2.8849897503518127
2021-05-17,2.92,1,0,0,2.928,2.9381676591072905,2.9069475871988333,2.9430475493865123,2.8520354222408173,2.964692184583547,2.9278128896588433
2021-05-24,2.927,1,0,0,2.92,2.9326943244841632,2.926046717317029,2.945680887976326,2.8777209379038733,2.9563382130922244,2.9319891637944964
2021-05-31,2.935,1,0,0,2.927,2.946976475474459,2.9405710146821207,2.9394556848177005,2.8858525360893306,2.9432909685087387,2.933565256137636
2021-06-07,2.97,1,0,0,2.935,2.9512647574903386,2.961540811930794,2.9432969655993704,2.8959316634497063,2.9259071090785427,2.935314637265945
2021-06-14,2.961,1,0,0,2.97,2.9713974741303195,2.9792097565715947,2.973467690525448,2.918807806576583,2.9738661686514196,2.9651963866201028
2021-06-21,2.99,1,0,0,2.961,2.972925320381797,2.9922407245083256,2.9830294726740756,2.9223959731177334,2.9792251692068135,2.9715221729799453
2021-06-28,3.032,1,0,0,2.99,3.021747242047308,3.0192089442371333,3.017152070622808,2.939952803831712,3.0052750856878223,3.0027264838820074
2021-07-05,3.039,1,0,0,3.032,3.0469112109275645,3.02769755533947,3.0450482441332514,2.966275060681012,3.055822908330769,3.0330416717594697
2021-07-12,3.061,1,0,0,3.039,3.0568097984483766,3.0428775748196677,3.0548519951964215,2.992552102537748,3.0626805138254367,3.0455305497488077
2021-07-19,3.044,1,0,0,3.061,3.072054837048445,3.045282617147487,3.0682403523315496,3.0067949377179524,3.0682759240224486,3.0556694629017964
2021-07-26,3.059,1,0,0,3.044,3.0386263962967863,3.0465284072690944,3.0342454231447116,2.9871550946451086,3.0279173217967794,3.02767839317599
2021-08-02,3.081,1,0,0,3.059,3.080467717453477,3.0619425544444616,3.0796332086514386,3.0169833673704054,3.0750738521602132,3.065799009044248
2021-08-09,3.079,1,0,0,3.081,3.085807651570725,3.0620489930839803,3.0779095542203074,3.0239560713644713,3.0936049850692386,3.072709010089979
2021-08-16,3.048,1,0,0,3.079,3.072018097467904,3.053156895452157,3.0647895354627517,3.0239938563584414,3.088091897550852,3.064276374664108
2021-08-23,3.041,1,0,0,3.048,3.045262052038462,3.0537199703892686,3.041199654362637,3.0108623737791143,3.0578822065798548,3.043556767329585
2021-08-30,3.08,1,0,0,3.041,3.06116580285468,3.057932751293413,3.042832585114362,2.992014978317591,3.0408450658375146,3.0401368569927616
2021-09-06,3.068,1,0,0,3.08,3.070511170560234,3.0654950697773606,3.0807907703269812,3.025195628678161,3.0703145121818194,3.0645614618686485
2021-09-13,3.094,1,0,0,3.068,3.089017597073265,3.0712997982374928,3.090455554937578,3.0077727095004905,3.0686078661044607,3.0680051537616655
2021-09-20,3.08,1,0,0,3.094,3.090887640086121,3.07555575939032,3.0784099535085585,3.020704781304584,3.1002724953852385,3.077177842450926
2021-09-27,3.093,1,0,0,3.08,3.106057178799864,3.0798658520297697,3.0853685025163675,3.016226093727843,3.0771088813038867,3.0753983364283792
2021-10-04,3.173,1,0,0,3.093,3.1480327555015717,3.133972256979116,3.141081425473654,3.0345266948827496,3.100700989945124,3.113282594586862
2021-10-11,3.225,1,0,0,3.173,3.22381310673441,3.1867700033497983,3.220597911318007,3.0791652384334736,3.197429466026692,3.187061694313259
2021-10-18,3.279,1,0,0,3.225,3.266274474525837,3.2449041981873012,3.2485032832405376,3.1281503028445705,3.2570734780781945,3.2345306433460106
2021-10-25,3.28,1,0,0,3.279,3.283920874667421,3.2851557868866763,3.290046394122579,3.18593174583802,3.3230698118066684,3.280227437466829
2021-11-01,3.294,1,0,0,3.28,3.2974638350336885,3.319775870404694,3.285012377554964,3.2135574832352445,3.2829500658326256,3.280715060344006
2021-11-08,3.277,1,0,0,3.294,3.293942134042408,3.2766883662638473,3.2920748340983836,3.2157894757208823,3.290061286666294,3.2772916527249096
2021-11-15,3.271,1,0,0,3.277,3.2727400963509674,3.262630346105257,3.268769115154956,3.20446123665231,3.2606493178049076,3.256082758165483
2021-11-22,3.253,1,0,0,3.271,3.2582910924242436,3.255434279692343,3.251110141176818,3.2006259319840975,3.2527903926173445,3.245550108952031
2021-11-29,3.204,1,0,0,3.253,3.2116362558884877,3.2135302730554454,3.2108981824766403,3.1818859296278657,3.2384186832792996,3.2142424564729017
2021-12-06,3.178,1,0,0,3.204,3.1671414984633555,3.179591248525429,3.168341626950567,3.1336498380659434,3.138399263907724,3.1560559069436884
2021-12-13,3.154,1,0,0,3.178,3.158055882117143,3.150782167518154,3.1572838146513713,3.1051171169532,3.128772900168743,3.140303704111369
2021-12-20,3.136,1,0,0,3.154,3.141343839544475,3.1500381647404923,3.142498854060661,3.0915618784055736,3.104140711209666,3.1247573923618432
2021-12-27,3.141,1,0,0,3.136,3.1469067427608315,3.133555226643744,3.135875064210817,3.06943642770074,3.0911430716383324,3.114924901715412
2022-01-03,3.164,1,0,0,3.141,3.1623391346830227,3.154853809228524,3.1619021976761847,3.0811421118683167,3.1379379336996447,3.1413936155181132
2022-01-10,3.182,1,0,0,3.164,3.178583041781852,3.1754912085327853,3.1719961501100498,3.0906383212762822,3.1535424448240974,3.155738944550683
2022-01-17,3.199,1,0,0,3.182,3.205575091973013,3.198650961401225,3.205767530565927,3.105364621128713,3.1974325039141362,3.1861966750609243
2022-01-24,3.249,1,0,0,3.199,3.2566945351234833,3.2475758538211195,3.2378471898592016,3.137616324335396,3.232694140965311,3.225618204484748
2022-01-31,3.33,1,0,0,3.249,3.3285928257520174,3.2968774226404585,3.3147047999599524,3.1621021647654572,3.2808889933514287,3.2810758055557847
2022-02-07,3.372,1,0,0,3.33,3.3814066066807023,3.3607991240790818,3.3839657665434615,3.2284028074641076,3.3831068224620955,3.3546270235648787
2022-02-14,3.41,1,0,0,3.372,3.424351792871018,3.4098645915832173,3.4324677715589194,3.287567129862737,3.446675716372081,3.4078841998640477
2022-02-21,3.486,1,0,0,3.41,3.500941236916378,3.4769937466990406,3.4900821291748056,3.3372034122778125,3.4790493468185204,3.4626880371252624
2022-02-28,3.963,1,0,0,3.486,3.869693913979226,3.827151066172627,3.9237374549567963,3.371622523831428,3.545233670680015,3.70619986448674
2022-03-07,4.18,1,0,0,3.963,4.174815811632439,4.000357702141486,4.1636151668378965,3.599839611044914,4.015918979749654,4.010292630345976
2022-03-14,4.091,1,0,0,4.18,4.094536044171964,4.040337033492571,4.099699257441037,3.906370611759285,4.240449193149804,4.096760466112967
2022-03-21,4.078,1,0,0,4.091,4.0906142151285945,4.06603658475782,4.072895689695091,3.9360111634414743,4.08564948054714,4.056891688422077
2022-03-28,4.021,1,0,0,4.078,4.024700137592556,4.034404985458972,4.016099595119325,3.9879597348976286,4.118340286864723,4.043858840019497
2022-04-04,3.943,1,0,0,4.021,3.951902122885931,3.988034615067845,3.9619332111336147,3.9431253008411105,4.023388261998465,3.977457893214403
2022-04-11,3.915,1,0,0,3.943,3.921915356884177,3.948143424069272,3.9233076066338066,3.889999369857236,3.9173646418535277,3.919769125037563
2022-04-18,3.959,1,0,0,3.915,3.953436690400441,3.9646287116194388,3.9416587450038447,3.8279125954569295,3.8941918117666203,3.9162914789451557
2022-04-25,4.031,1,0,0,3.959,4.040283327934882,4.01494940126046,4.03282158597072,3.8730760526209593,4.020491344030114,4.002549013020446
2022-05-02,4.161,1,0,0,4.031,4.14959331452316,4.099154015632507,4.121206875065387,3.8861705034494785,4.056185738863646,4.068148743426164
2022-05-09,4.32,1,0,0,4.161,4.323250882526637,4.227699795650429,4.294176621889891,3.992069265579715,4.236624898716933,4.225787928490155
2022-05-16,4.41,1,0,0,4.32,4.413614402391061,4.352133543290052,4.396685970398213,4.112442273702159,4.388567727447806,4.345408429921173
2022-05-23,4.439,1,0,0,4.41,4.443733867567084,4.408731602564105,4.462354413935864,4.2532585561954885,4.5122212030229445,4.430276757193419
2022-05-30,4.702,1,0,0,4.439,4.696027994903686,4.596946166666668,4.695331381111945,4.284807449157855,4.49890041438396,4.561087433743739
2022-06-06,4.844,1,0,0,4.702,4.790983548198005,4.657445101643013,4.810462612243051,4.441725420269955,4.730842413823053,4.7023274478992905
2022-06-13,4.798,1,0,0,4.844,4.77468364267116,4.709805874269009,4.784738688432087,4.589828518555647,4.876207715216032,4.764808221849778
2022-06-20,4.71,1,0,0,4.798,4.694225397348706,4.670062222222235,4.694149316554309,4.621088561034394,4.807478752457134,4.709545253541249
2022-06-27,4.619,1,0,0,4.71,4.629088984594641,4.561400499999997,4.631994395921397,4.5765193030277445,4.646067418609086,4.6156532392147405
2022-07-04,4.501,1,0,0,4.619,4.505864681073898,4.459848444444433,4.48940624293504,4.526989762053623,4.590033143980917,4.521746290128885
2022-07-11,4.35,1,0,0,4.501,4.350120317560038,4.333337074074069,4.3443362112143165,4.427273444063041,4.382239360921479,4.367547857793209
2022-07-18,4.183,1,0,0,4.35,4.192982568185168,4.159627669552666,4.180038367946404,4.296023986002933,4.207469725379687,4.205793310304893
2022-07-25,4.034,1,0,0,4.183,4.012339471537104,3.994062458464197,4.01652283061462,4.150823579733377,4.072528800315187,4.049164358767774
2022-08-01,3.879,1,0,0,4.034,3.9035245585271636,3.8910128592769637,3.9096719633613257,4.041478731244721,3.9733647374875662,3.9441672960131786
2022-08-08,3.78,1,0,0,3.879,3.7740083272741094,3.7874575536088164,3.792900756099893,3.869234022850751,3.7917682212619357,3.800202365327637
2022-08-15,3.724,1,0,0,3.78,3.734734751259487,3.7157309717521714,3.719215951486408,3.75225766604079,3.7385761651080336,3.7324734051210235
2022-08-22,3.691,1,0,0,3.724,3.6874599482373975,3.6866143983624275,3.688942431381516,3.6874199438717534,3.6886136740072377,3.687952452040162
2022-08-29,3.617,1,0,0,3.691,3.6228585507535,3.6335251823624004,3.628617320512364,3.6333541487163385,3.6817263062052628,3.643363677614828
2022-09-05,3.551,1,0,0,3.617,3.5588051622673134,3.576465816761992,3.5670913474274926,3.583341965174325,3.6430756578539363,3.5900617361551768
2022-09-12,3.513,1,0,0,3.551,3.5276988526961324,3.5433459444896704,3.5155261544384775,3.481185090591949,3.5435472384348463,3.524287065129905
2022-09-19,3.569,1,0,0,3.513,3.5558525337074336,3.531911380646475,3.5557592843023387,3.437407199304967,3.5011525526896303,3.5182642344547546
2022-09-26,3.592,1,0,0,3.569,3.6002742352873294,3.540103015033523,3.5777388619956425,3.4403650670994543,3.5549346007274987,3.548357232691706
2022-10-03,3.723,1,0,0,3.592,3.689166485621266,3.5873055066825943,3.698662679101476,3.4436203303624833,3.5731808907783185,3.604727920129172
2022-10-10,3.692,1,0,0,3.723,3.692110024003408,3.6051402690982455,3.6748755380618996,3.522075095124858,3.72192545878377,3.6560648249202625
2022-10-17,3.609,1,0,0,3.692,3.6129453483048,3.5927785738501523,3.622734101646982,3.560836671636466,3.6322737800669858,3.6088219883914423
2022-10-24,3.57,1,0,0,3.609,3.5846306068073615,3.56778078107926,3.577882086759804,3.534543787637993,3.568577109787295,3.568231704786811
2022-10-31,3.628,1,0,0,3.57,3.618561441073721,3.573660603611792,3.6088111785281263,3.5192101502385427,3.5656271939934734,3.5793435482720612
2022-11-07,3.606,1,0,0,3.628,3.6036643787693747,3.5653011960481473,3.6063925291934593,3.530696475914982,3.6122721580449446,3.5890373965414124
2022-11-14,3.498,1,0,0,3.606,3.5106525293213457,3.4989837539552613,3.5137370191090733,3.507749088120634,3.5948694387752593,3.5319594455564247
2022-11-21,3.389,1,0,0,3.498,3.395876898444114,3.4144387840325106,3.4086819303068,3.4496469052049306,3.4673363993435915,3.4294574617101232
2022-11-28,3.26,1,0,0,3.389,3.277409006623338,3.32066047997459,3.2779439441373217,3.3697945630052497,3.3495078785082018,3.31851797124151
2022-12-05,3.109,1,0,0,3.26,3.123558942332822,3.1832079266781066,3.141907568899986,3.265330017028111,3.2189230583830106,3.185178848625006
2022-12-12,2.994,1,0,0,3.109,2.9988849848154158,3.030335678730311,3.018961742293883,3.140446899629909,3.051974727696287,3.0451094161966332
2022-12-19,2.971,1,0,0,2.994,2.976107376286904,2.988225482927517,2.972225432966882,3.022509976163753,2.961886807187531,2.980733260569726
2022-12-26,3.123,1,0,0,2.971,3.0966608497730186,3.05913351927594,3.0904473595979756,2.9725587157218545,2.9774726179464404,3.037305664156925
2023-01-02,3.167,1,0,0,3.123,3.157331080790656,3.1269744673911855,3.152473386786765,3.0300411328897865,3.1664629931177886,3.133687764056845
2023-01-09,3.225,1,0,0,3.167,3.212662739085448,3.203250494788439,3.2204221235896697,3.083613564535723,3.2382771153648564,3.199025036718726
2023-01-16,3.34,1,0,0,3.225,3.3171481851520315,3.2864194594565066,3.3001213144442243,3.113876590608251,3.2741816119748517,3.2644712090723758
2023-01-23,3.417,1,0,0,3.34,3.4119590485395683,3.3560403069534472,3.413146794090962,3.216048893444456,3.3865035505474355,3.3652800689016797
2023-01-30,3.362,1,0,0,3.417,3.373907875604851,3.3806063745903,3.38939844548744,3.3032308298628505,3.433638203458994,3.383008869675223
2023-02-06,3.311,1,0,0,3.362,3.3262371656539385,3.3617740820190676,3.3299211679689837,3.2928250834470165,3.3605220326219127,3.336283842594396
2023-02-13,3.293,1,0,0,3.311,3.2973028549133994,3.309170473355164,3.294120712827866,3.2598256459043196,3.272966357463963,3.2857593774992306
2023-02-20,3.25,1,0,0,3.293,3.2731290962368056,3.296745952234443,3.2952977840570306,3.2576790432202665,3.292267782414572,3.284064469996812
2023-02-27,3.288,1,0,0,3.25,3.2814638677839425,3.299085160665335,3.273560437986984,3.2117975844056597,3.256261511165411,3.264362151897262
2023-03-06,3.35,1,0,0,3.288,3.3328062291187948,3.3087097177909763,3.309304657763164,3.206700502643451,3.3105816540562154,3.2978442044924714
2023-03-13,3.321,1,0,0,3.35,3.345759641864341,3.353974563301396,3.3596276561187324,3.2864937075345755,3.4034494674437408,3.356032900556917
2023-03-20,3.304,1,0,0,3.321,3.30901843725252,3.350850191167183,3.320958536977155,3.266627700823047,3.3355558798950167,3.31820016360193
2023-03-27,3.384,1,0,0,3.304,3.383116191728917,3.3640739317837753,3.3664101058146607,3.2554285844594477,3.3224861115041655,3.3396586594759308
2023-04-03,3.493,1,0,0,3.384,3.463903661216001,3.437028427739567,3.442740167194513,3.301031397421638,3.403855192815597,3.4128100070343286
2023-04-10,3.553,1,0,0,3.493,3.5353783107527894,3.5069042546371225,3.5334775054591248,3.36877713502109,3.5249366325314337,3.500982673958422
2023-04-17,3.542,1,0,0,3.553,3.547963138797272,3.5336684590947947,3.549408460875423,3.433385063829823,3.582169654423348,3.5369279525365425
2023-04-24,3.48,1,0,0,3.542,3.4999130072534133,3.5189663204805672,3.5308028598909065,3.4571572295200497,3.560207989340694,3.5187779053358685
2023-05-01,3.407,1,0,0,3.48,3.435999587987327,3.456162669832926,3.4419541865163965,3.4258781009957806,3.4919102033087297,3.453845152076468
2023-05-08,3.415,1,0,0,3.407,3.3928277523939223,3.423707714127031,3.395483727062389,3.3740404597937514,3.3719767218615013,3.3893371939878043
2023-05-15,3.416,1,0,0,3.415,3.4198954095147207,3.41361667842536,3.4097929108896796,3.3404084072109184,3.408583485757197,3.4009245522854794
2023-05-22,3.443,1,0,0,3.416,3.4406365760822086,3.4263341214271623,3.425896893587505,3.3312627218549586,3.4034871676894545,3.4076401464242556
2023-05-29,3.414,1,0,0,3.443,3.4221600638048177,3.429506013400134,3.426309024497326,3.3610655215073084,3.4641969421441976,3.4257050923026955
2023-06-05,3.475,1,0,0,3.414,3.462368076427922,3.453210974601137,3.4394663767880034,3.3633266775932906,3.443068491639629,3.434940124906251
2023-06-12,3.449,1,0,0,3.475,3.4608737778980347,3.443294109903336,3.454681844671465,3.3619598299485087,3.4901462295317622,3.448919980044092
2023-06-19,3.445,1,0,0,3.449,3.4541680215174235,3.4503573679525843,3.449971856405417,3.3582035701746893,3.435564263684038,3.4321751152149407
2023-06-26,3.397,1,0,0,3.445,3.419487761501457,3.4380198837154428,3.4287580301288605,3.3814512511998887,3.433367017080389,3.421865337330056
2023-07-03,3.42,1,0,0,3.397,3.418406972164603,3.4297156582511676,3.4117126131316513,3.343778326961021,3.401912770713355,3.402176109682432
2023-07-10,3.438,1,0,0,3.42,3.4374727517188517,3.427737430072688,3.4387634738187134,3.330494988083156,3.4317231263964363,3.417461612872939
2023-07-17,3.479,1,0,0,3.438,3.470981963519974,3.455535365162447,3.468422978734497,3.3501325653720806,3.4440166500864753,3.441298286672096
2023-07-24,3.65,1,0,0,3.479,3.581944703952584,3.5308216706666014,3.600036496359802,3.3786201831988683,3.4909383333790194,3.520547865070278
2023-07-31,3.731,1,0,0,3.65,3.711674608356696,3.6562378600713004,3.7120443511919916,3.491589563160439,3.686298978938482,3.6610175242133014
2023-08-07,3.746,1,0,0,3.731,3.7602668593866957,3.71616485057563,3.757870387207786,3.5742890182929146,3.7470245283174393,3.719529476948943
2023-08-14,3.746,1,0,0,3.746,3.7486528312285614,3.72282066957613,3.7537541458028842,3.6078681842776192,3.7580517672262257,3.725686306226133
2023-08-21,3.684,1,0,0,3.746,3.7068759950144363,3.697587132124292,3.7230915439480956,3.6430623039650634,3.7431117745778257,3.7084494982837874
2023-08-28,3.68,1,0,0,3.684,3.6740510060228795,3.6851977898325154,3.6725598680340874,3.6082935182810685,3.68644685030354,3.6681730885971313
2023-09-04,3.692,1,0,0,3.68,3.692775928034721,3.6668796442187332,3.6753888295719106,3.5956506888500708,3.685588923211977,3.6675932368191217
2023-09-11,3.724,1,0,0,3.692,3.7064898330396825,3.6694356415004314,3.688899792808454,3.567100612918045,3.6753655023779115,3.666265077314937
2023-09-18,3.663,1,0,0,3.724,3.6536097790424114,3.631998175350135,3.672688509028786,3.594551302380038,3.7107092555011802,3.660369016150139
2023-09-25,3.598,1,0,0,3.663,3.6097785117801204,3.604674067983127,3.626777291389953,3.5773615890591817,3.6562850421745727,3.620001672262602
2023-10-02,3.506,1,0,0,3.598,3.5054277687727433,3.5001018562660637,3.521805892510934,3.523125473919299,3.5847970583302393,3.5324989686346244
2023-10-09,3.404,1,0,0,3.506,3.3979709900718738,3.4278389654001074,3.4149671868270186,3.4494063260098846,3.4403208520798163,3.4258510933153428
2023-10-16,3.369,1,0,0,3.404,3.3613236952015026,3.356025055996258,3.3516288923443347,3.3547181879353083,3.34618031336883,3.3533021715617055
2023-10-23,3.32,1,0,0,3.369,3.329113764729175,3.319476388849328,3.331113106018873,3.3061945663800514,3.333853014539076,3.3256762740558354
2023-10-30,3.245,1,0,0,3.32,3.2474367332615928,3.266845026898666,3.2529858959137314,3.2676642794011164,3.2909320230834886,3.26660603780872
2023-11-06,3.212,1,0,0,3.245,3.205013524116448,3.2135034114666934,3.2064205424101058,3.203339659297863,3.228760726348355,3.212768801382183
2023-11-13,3.144,1,0,0,3.212,3.1390842602532967,3.1515822721154216,3.1542336092734784,3.1664662951987195,3.1936640000226846,3.163404639497682
2023-11-20,3.088,1,0,0,3.144,3.108732237615133,3.1097277685367475,3.12355378852412,3.1196685975902865,3.115366381472842,3.115574769470537
2023-11-27,3.104,1,0,0,3.088,3.079788276575454,3.0887652703021446,3.059768721488271,3.0723062695632417,3.0732060063833884,3.0739206364424265
2023-12-04,3.014,1,0,0,3.104,3.026656464947427,3.0205410928584246,3.0327628672673264,3.049117945009671,3.0847036979278823,3.046418103702134
2023-12-11,2.931,1,0,0,3.014,2.955548947944568,2.9850189883159053,2.976465355134469,3.001146412130174,3.005097851429033,2.9852101531622326
2023-12-18,3.005,1,0,0,2.931,2.9876444127888737,2.978466768490399,2.9790574483928274,2.9351602226016085,2.909671815357013,2.9548029918774668
2023-12-25,2.966,1,0,0,3.005,2.975129068558059,2.9702168084285345,2.9843943972940203,2.9483514145217984,2.9947479899565295,2.9773549036272224
2024-01-01,2.945,1,0,0,2.966,2.9424685162459823,2.9801770195399624,2.957364903622197,2.931860779311005,2.9568718920077126,2.953484143364347
2024-01-08,2.944,1,0,0,2.945,2.9367283226459318,2.9710094571837695,2.9505892510924046,2.9159546736395,2.9260145243840565,2.9385463760080084
2024-01-15,2.95,1,0,0,2.944,2.961858354771685,2.966966318152117,2.9495191751024663,2.900252361187227,2.93479340394027,2.9427331205594376
2024-01-22,2.979,1,0,0,2.95,2.9856164597427854,2.985326743060381,2.970931075175299,2.909203430344854,2.9467437975976276,2.9595880182400176
2024-01-29,3.021,1,0,0,2.979,3.0346136331933713,3.030252231380674,3.022289358239439,2.935425602172492,3.006691994008899,3.0077719934218026
2024-02-05,3.083,1,0,0,3.021,3.07617237260616,3.0624819362360682,3.0758010625847207,2.958484851579864,3.0755174198111375,3.054872246217536
2024-02-12,3.159,1,0,0,3.083,3.143078043484265,3.1143229044029908,3.1401616671864017,2.9939284404581143,3.1456333241886463,3.11477208133869
2024-02-19,3.145,1,0,0,3.159,3.1646773631653073,3.14190368483064,3.1843444832502845,3.0649847285426817,3.1901810671248327,3.1562472057822504
2024-02-26,3.243,1,0,0,3.145,3.245086079446285,3.22351433476151,3.226551655497869,3.08385658246528,3.188730131884754,3.196612833209522
2024-03-04,3.27,1,0,0,3.243,3.272902767894795,3.246602775356664,3.263303526665965,3.1279956108463276,3.277767791616846,3.244868359908635
2024-03-11,3.348,1,0,0,3.27,3.344871360185151,3.3447391795638612,3.335726010337721,3.198241834861955,3.319777486783474,3.3124515902519747
2024-03-18,3.409,1,0,0,3.348,3.408051632418986,3.392956018383174,3.3958986458583476,3.2462148454726085,3.3833054808804626,3.3703881508442888
2024-03-25,3.401,1,0,0,3.409,3.4213025618258937,3.4215197427058888,3.420144464838408,3.3191816678893478,3.459580843415916,3.415016689766082
2024-04-01,3.448,1,0,0,3.401,3.433362556648401,3.466892027233705,3.4353390184271717,3.340548126720422,3.449456979434591,3.428222748893867
2024-04-08,3.479,1,0,0,3.448,3.4758637364511986,3.4643932287566455,3.444468322784162,3.36438384245773,3.4921915777517727,3.4539689097170836
2024-04-15,3.506,1,0,0,3.479,3.496565008759294,3.501913151955293,3.479035507919953,3.394782405241141,3.487060446574545,3.474670801495921
2024-04-22,3.498,1,0,0,3.506,3.505458449379637,3.506591333053849,3.5232620596505653,3.422449446743697,3.536945909162414,3.504547952623047
2024-04-29,3.487,1,0,0,3.498,3.4798034731902723,3.497886370717449,3.490709283583076,3.419722067834251,3.5060692386401238,3.4822674254975543
2024-05-06,3.463,1,0,0,3.487,3.465626137973168,3.4718868392353466,3.4920857965263417,3.426274717410208,3.510395870067962,3.4779637880694065
2024-05-13,3.451,1,0,0,3.463,3.4408020442086897,3.4465714448299467,3.4321069272651212,3.394571426723679,3.4424825406910076,3.4328346657545503
2024-05-20,3.434,1,0,0,3.451,3.42955806841004,3.4192574241556577,3.4281735434607072,3.3729551232334423,3.4132270434047474,3.414149088627215
2024-05-27,3.376,1,0,0,3.434,3.395001062835087,3.4069880157600765,3.3909240142254813,3.363506359540553,3.400165631957825,3.392266592585992
2024-06-03,3.297,1,0,0,3.376,3.328051047106698,3.36691879882479,3.3392779024431563,3.326933298036394,3.330979607356149,3.3368804665897693
2024-06-10,3.31,1,0,0,3.297,3.2946032682841344,3.3350037938110555,3.2860309915428987,3.2609264892625767,3.242584646592591,3.279306954133538
2024-06-17,3.322,1,0,0,3.31,3.3072972796339877,3.321600960115321,3.288956886540288,3.248751508735471,3.275095399363135,3.2873874241237075
2024-06-24,3.371,1,0,0,3.322,3.366892184439852,3.348797199015898,3.3576435789906256,3.2481681177692683,3.2817268089764884,3.31993039259768
2024-07-01,3.384,1,0,0,3.371,3.3831393880465646,3.3663331240339596,3.3757964504146694,3.2758266198256827,3.3614600985075063,3.355861886733765
2024-07-08,3.388,1,0,0,3.384,3.3816120095105493,3.3893179205214996,3.3740405439349583,3.303031087422261,3.4034970670612235,3.3744434429094796
2024-07-15,3.364,1,0,0,3.388,3.3744319890915846,3.3807527876417542,3.3715049232410648,3.309453575624258,3.3883064467964448,3.3680527048766216
2024-07-22,3.381,1,0,0,3.364,3.373549853199953,3.3766175178199456,3.380969189444895,3.299456317508,3.365169653087631,3.3613471253227294
2024-07-29,3.357,1,0,0,3.381,3.361972593141001,3.360998850726192,3.370915240470118,3.2988609383314382,3.385097251094652,3.359813980505695
2024-08-05,3.326,1,0,0,3.357,3.3229588924392637,3.34660831018084,3.3286240771243922,3.28342335615994,3.35345036314745,3.3296170855802867
2024-08-12,3.286,1,0,0,3.326,3.3105178679966007,3.3064747877405765,3.303801187069192,3.256215797428715,3.301616664926927,3.2973150636630155
2024-08-19,3.212,1,0,0,3.286,3.2267524160149628,3.2678125592975458,3.2426553642820433,3.245166429533371,3.288019057468367,3.2558977582750184
2024-08-26,3.191,1,0,0,3.212,3.177165670901708,3.2116430099523017,3.1688243680899837,3.179002724996023,3.189013066676844,3.1841069802077038
2024-09-02,3.12,1,0,0,3.191,3.132041145307329,3.1385661760989523,3.157912975974544,3.148927567176947,3.168902483865484,3.15121801827281
2024-09-09,3.057,1,0,0,3.12,3.064296681693321,3.1008775654411838,3.056060953516616,3.0958913552717,3.098245841771833,3.082381522360797
2024-09-16,3.074,1,0,0,3.057,3.0602094434226026,3.036047189968423,3.0510259926056307,3.0117801295913704,3.0168809594257158,3.0350544947843545
2024-09-23,3.087,1,0,0,3.074,3.075909170997088,3.047752156055168,3.053686744983147,2.9994981882582143,3.054647320067244,3.0488842483889984
2024-09-30,3.026,1,0,0,3.087,3.0413507022735744,3.03604135758637,3.0471119296514764,2.999651397033086,3.061785749382257,3.0405923475585843
2024-10-07,3.069,1,0,0,3.026,3.0556263093567115,3.025983664149915,3.0321804840801403,2.973995496732448,2.983461926583412,3.0134488202196774
2024-10-14,3.044,1,0,0,3.069,3.043519031850405,3.024490528734162,3.046957600176356,3.003428514363487,3.0751086012062405,3.0434972246087355
2024-10-21,3.005,1,0,0,3.044,3.0101301694418634,3.008537076786449,3.0126513750873194,2.990800116905718,3.0402565422750794,3.0154887589001946
2024-10-28,2.975,1,0,0,3.005,2.977395257005626,2.9837151834441227,2.9794435595555693,2.9600653548501112,3.0166642568718913,2.986650781113572
2024-11-04,2.962,1,0,0,2.975,2.9643298376432625,2.9654021455115798,2.9763480614822093,2.9319092200337478,2.945293211199045,2.956624361111466
2024-11-11,2.95,1,0,0,2.962,2.9468390536110904,2.9612355078344885,2.949720957148363,2.920380942331454,2.9423244103581814,2.944117681100264
2024-11-18,2.946,1,0,0,2.95,2.934912109610761,2.948849893665824,2.938674708353489,2.8988063814302154,2.9398983290141,2.9333323734362353
2024-11-25,2.936,1,0,0,2.946,2.9389368326338383,2.941630794619517,2.9448190099199496,2.898821479116286,2.932617689227559,2.9323947838106323
2024-12-02,2.912,1,0,0,2.936,2.916561559447573,2.9520136263456576,2.9231623627073335,2.889555641012596,2.9117791247416536,2.917630436240526
2024-12-09,2.933,1,0,0,2.912,2.928066998127126,2.9350596591604248,2.9190304284755113,2.866368827218094,2.895962659202903,2.908537893948112
2024-12-16,2.935,1,0,0,2.933,2.943302935875651,2.933924478993787,2.9291810464641177,2.871826351731687,2.9205788748794848,2.921209840040542
2024-12-23,2.914,1,0,0,2.935,2.926164341066684,2.9411449307805473,2.939074336822594,2.877080253071747,2.9155758242277003,2.9203459905846367
2024-12-30,2.958,1,0,0,2.914,2.943598925267968,2.93646640563116,2.9378694690414013,2.866000372427297,2.900015990528604,2.916959393468988
2025-01-06,2.95,1,0,0,2.958,2.9501493651589885,2.9372416856549064,2.9539159215576007,2.8844977536173646,2.932836081522389,2.9337082253968636
2025-01-13,3.011,1,0,0,2.95,2.998690721523556,2.9841805343293646,2.9819013705066126,2.89667825684178,2.9526905463670774,2.964013669200615
2025-01-20,3.006,1,0,0,3.011,3.024466947985766,2.9991587104108426,3.01612742418516,2.9317160512941745,3.0218970076069738,3.0032410720282154
2025-01-27,2.972,1,0,0,3.006,2.9896702769481447,2.989046318903808,2.9937007695854123,2.946750315400396,3.007821711050598,2.9884342751852
2025-02-03,3.022,1,0,0,2.972,3.005964433602587,3.0006950048745837,3.0056246700935887,2.928782481003329,3.007046213930029,2.9929435236662854
2025-02-10,3.021,1,0,0,3.022,3.0258124244246574,3.0093346893699207,3.0300990584107064,2.9538711829088147,3.0520336371587184,3.0197567140778707
2025-02-17,2.997,1,0,0,3.021,2.994962459022084,3.0010662142672992,3.022887192945704,2.958946225583903,3.0377950437600654,3.007597262595151
2025-02-24,2.951,1,0,0,2.997,2.968933498967027,2.989631980959455,2.9844470835440675,2.9519598767482753,3.0135899535218855,2.9847129940603065
2025-03-03,2.947,1,0,0,2.951,2.9489111812752893,2.9805355398341025,2.9593823590080235,2.92105466208192,2.961695417499653,2.9548559417315743
2025-03-10,2.943,1,0,0,2.947,2.9491999568710208,2.9815698962451593,2.9648901418026474,2.9269317122780496,2.9672596773208886,2.9586923827959724
2025-03-17,2.999,1,0,0,2.943,2.9914248042785543,2.9940471751089444,2.9830896106699396,2.9054293183982662,2.967369654196746,2.969653574999927
2025-03-24,3.04,1,0,0,2.999,3.032940677984211,3.0174072732077706,3.028960794930348,2.934591679895355,3.0400403023448614,3.015828530795044
2025-03-31,3.118,1,0,0,3.04,3.079398983150625,3.061547033788469,3.0614739366547155,2.9664355823595665,3.075974527097551,3.053780037330495
2025-04-07,3.043,1,0,0,3.118,3.0721497490637457,3.0461691315686967,3.088584105049307,3.023225068294162,3.1743736081264937,3.0915880500453774
2025-04-14,3.02,1,0,0,3.043,3.0339900769094594,3.0298368335415455,3.044856548945654,2.986961757612818,3.0387717416200237,3.0293701354005504
2025-04-21,3.013,1,0,0,3.02,3.0199805110317803,3.014374429131213,3.021071209822362,2.97263018126972,3.004302654427976,3.007469758562319
2025-04-28,3.031,1,0,0,3.013,3.024870962628486,3.023803040701831,3.0195807467069153,2.964419523318697,2.999391642927506,3.0069206580333696
2025-05-05,2.986,1,0,0,3.031,3.012000679586371,3.008032754634562,3.0215825896203015,2.967875611759642,3.022059779173885,3.009039756145811
2025-05-12,3.041,1,0,0,2.986,3.0269445910085575,3.0091586163217388,3.0183304177178942,2.9417007935252433,2.9929842018540733,2.9994751513937885
2025-05-19,3.03,1,0,0,3.041,3.0299089424345818,3.0225720736352346,3.0311625992778386,2.9686093850287216,3.0622136368079342,3.027957764765166
2025-05-26,3.008,1,0,0,3.03,3.0156466611965778,3.016635158734386,3.02336751846907,2.97324850001666,3.0316608009267196,3.0149351043151205
2025-06-02,2.99,1,0,0,3.008,2.998961685358246,3.004954279972329,3.002582878906017,2.962927554091632,3.014901979439771,2.9991446106076856
2025-06-09,3.023,1,0,0,2.99,3.0217109433353144,3.0125182455874793,3.000943928430793,2.945298308304757,2.9754735072345535,2.991059860761748
2025-06-16,3.102,1,0,0,3.023,3.0656900446427446,3.030448870397359,3.0560633993654034,2.9561624968550886,3.0240303874278145,3.029372593149383
2025-06-23,3.047,1,0,0,3.102,3.0546995523915146,3.0409004851938586,3.0648548989696054,3.0074622634938537,3.109238177362608,3.0619628931023843
2025-06-30,3.013,1,0,0,3.047,2.998804284827844,3.0384072925289303,3.0156249539465736,3.0071966552940874,3.0375321632771874,3.0201841388283137
2025-07-07,3.018,1,0,0,3.013,3.029382635689798,3.0187810180519907,3.0079258580325132,2.9753374418832346,3.009924182793849,3.0092575683716065
2025-07-14,3.018,1,0,0,3.018,3.0096545380751363,3.020417135371973,3.0138893362193677,2.975554083944997,3.029690332276875,3.012108923001949
2025-07-21,3.023,1,0,0,3.018,3.010468582402708,3.0177786634395805,3.017661899302842,2.9710810831878156,3.0085799388375642,3.0062184713233453
2025-07-28,3.036,1,0,0,3.023,3.0309565090684067,3.0214902810850606,3.0354742600299263,2.9678409943288013,3.038341389732957,3.0223104672128143
2025-08-04,3.016,1,0,0,3.036,3.0271458858173825,3.0233930369200315,3.0250120114669685,2.9747332386889327,3.0613328964917277,3.02696422623694
2025-08-11,3.018,1,0,0,3.016,3.007553028273618,3.0171884363873547,3.0074199441653713,2.9664995332500226,3.0342961097708105,3.009617158562556
2025-08-18,3.038,1,0,0,3.018,3.021842443074988,3.018541915156627,3.0205994557006686,2.9611032371365464,3.024911643106606,3.0121195492080126
2025-08-25,3.058,1,0,0,3.038,3.0529412608315094,3.0274778407219656,3.0356995421439334,2.9702065824212722,3.05056426535725,3.0314825145515214
2025-09-01,3.069,1,0,0,3.058,3.0633245754012335,3.0350511789893373,3.0638038014675733,2.988201507323447,3.058898811450535,3.0458522617030765
2025-09-08,3.036,1,0,0,3.069,3.0489593680253475,3.027514188705075,3.056662517304175,3.0046002095969486,3.0679352820352728,3.0453581539214207
2025-09-15,3.05,0,1,0,3.036,3.018884209157931,2.9948665946506,3.0147184842094794,2.9644006232090088,2.991577463968051,2.9968894750390143
2025-09-22,2.994,0,1,0,3.05,3.0415397777321234,3.006571750250708,3.0303713313852008,2.971134738483416,3.0218035768420233,3.0142842349386947
2025-09-29,3.0,0,1,0,2.994,2.987804912261153,2.9890699555200366,3.0000579046397795,2.945023450656642,2.9548854564750173,2.975368335910526
2025-10-06,2.932,0,1,0,3.0,2.9907697888292706,2.968868761725786,2.9924299556047544,2.936344472150622,2.9474449573289356,2.967171587127874
2025-10-13,2.898,0,1,0,2.932,2.9243237864990475,2.927010562157124,2.9219158857094505,2.893734659960366,2.9025015654940187,2.913897291964001
2025-10-20,2.92,0,1,0,2.898,2.8292009275189796,2.833042710221084,2.8314596770372367,2.855073961982536,2.849711112494948,2.839697677850957
2025-10-27,2.898,0,1,0,2.92,2.9097603889616113,2.812871201107453,2.893371762344325,2.84489116111137,2.8860558261134095,2.869390067927634
2025-11-03,2.927,0,1,0,2.898,2.8465317557399117,2.807036310452887,2.8698706511456513,2.8449459307484384,2.837562626751131,2.841189454967604
2025-11-10,2.939,0,1,0,2.927,2.9202624020392367,2.8105640035796724,2.9369918475922785,2.8512586588378745,2.8934757054101676,2.8825105234918458
2025-11-17,2.936,0,1,0,2.939,2.9389244206393697,2.8769519454504615,2.9440181142002375,2.867202901778816,2.910853088481138,2.9075900941100046
2025-11-24,2.854,0,1,0,2.936,2.9635290407155783,2.936014003701369,2.949798145157881,2.87364428415312,2.9191856915067698,2.9284342330469437
2025-12-01,2.819,0,1,0,2.854,2.7910588202131654,2.839489114906933,2.8134099182125922,2.833338063951638,2.8387468715747106,2.823208557771808
2025-12-08,2.773,0,1,0,2.819,2.7758667480835864,2.7339923269707365,2.7956967618295376,2.7977719232086034,2.786779505336245,2.778021453085742
2025-12-15,2.72,0,1,0,2.773,2.7199491763005947,2.739837160194338,2.7176448801990976,2.7532685836841306,2.763959289405004,2.7389426591285893
2025-12-22,2.69,0,1,0,2.72,2.678752137810352,2.682109984428764,2.6715321783953083,2.7048595491847447,2.7019006003877886,2.68796915737884
2025-12-29,2.681,0,1,0,2.69,2.664637928929971,2.6470020156744867,2.6355311092156244,2.6742736599358343,2.6804684175870257,2.6608779695280362
2026-01-05,2.665,0,1,0,2.681,2.6532026568309353,2.6440119295409596,2.636166509049886,2.6511674049413565,2.6701954922140914,2.6514639420167976
2026-01-12,2.7,0,1,0,2.665,2.6379836398555447,2.633812733661303,2.6369542068770886,2.6366349789324337,2.658914862072249,2.6416676623035684
2026-01-19,2.747,0,1,0,2.7,2.6856712913908947,2.6288843518251324,2.6559010145738746,2.6523360815491137,2.7055881806257016,2.66852912004033
2026-01-26,2.747,0,1,0,2.747,2.7631812570285113,2.6499956945872305,2.7383063040286872,2.674985133500683,2.7344071661725975,2.716922168143728
2026-02-02,2.77,0,1,0,2.747,2.7661872126889797,2.681548312347154,2.763607320743917,2.694012516769916,2.7810499484591573,2.742379952306282
2026-02-09,2.79,0,1,0,2.77,2.7980930183323793,2.7144075208377125,2.7762096362290207,2.7148346094075237,2.8029022286731857,2.7656010247924634
2026-02-16,2.796,0,1,0,2.79,2.824349316457001,2.7660199546689843,2.8145777009472464,2.7468149577443364,2.844289214822692,2.802989146604966
2026-02-23,2.884,0,1,0,2.796,2.830039211513415,2.7654490674700187,2.810884064968058,2.7478141743417988,2.8473382118062007,2.8040982517230844
2026-03-02,3.364,0,1,0,2.884,2.895745093003616,2.7956501733369103,2.8559206075710226,2.796854683823474,2.891381301942176,2.851595998304476
2026-03-09,3.566,0,1,0,3.364,3.413490033271615,2.9662383641120487,3.3870625182992025,3.0498439630743865,3.4564010417109094,3.280030471289348
2026-03-16,3.788,0,1,0,3.566,3.648650595634745,3.304125993795574,3.6924011058142083,3.3128058036846557,3.578643415925041,3.5398137309488957
2026-03-23,3.814,0,1,0,3.788,3.7597656681691456,3.525067990055264,3.8393788696804645,3.5349772826254755,3.8259650420845612,3.7251035339192136
2026-03-30,3.947,0,1,0,3.814,3.7563804469202378,3.567958931965205,3.8228552570319336,3.644785994122154,3.800960129789737,3.7377078303905105
2026-04-06,3.962,0,1,0,3.947,3.8159408653550266,3.7364250110802337,3.96194446252846,3.789491232427536,3.923260361539323,3.858861770576814
2026-04-13,3.885,0,1,0,3.962,3.928498332405874,3.7194712561867376,4.011978124570685,3.8386872433383856,3.9710482221821986,3.913505202479099
2026-04-20,3.948,0,1,0,3.885,3.829223199071911,3.7808381141173597,3.8637689487221456,3.805631224330002,3.8715090349288537,3.836612283839515
2026-04-27,4.305,0,1,0,3.948,3.988495473465365,3.7969138146945616,3.9652125176974575,3.8195766943037817,3.9498224754293205,3.920353568119691
2026-05-04,4.353,0,1,0,4.305,4.1579577727535995,4.036853256007878,4.360506322591701,4.009920091493435,4.348034212561262,4.208773774282784
2026-05-11,4.334,0,1,0,4.353,4.297196857391331,4.183996597915973,4.391102657933525,4.1470225875036695,4.383122767219551,4.299420512089933
2026-05-18,4.327,0,1,0,4.334,4.338768760070728,4.237359012057386,4.354675792398322,4.181884143531974,4.341170605806555,4.304029019352658
2026-05-25,4.138,0,1,0,4.327,4.392625936351828,4.325421277403152,4.5659228067189215,4.221059645581915,4.342295041074559,4.382108483016273
2026-06-01,3.986,0,1,0,4.138,4.409443643276887,4.277790698953821,4.487655332389385,4.1078683208030675,4.102922841212481,4.285859838009158
2026-06-08,3.908,0,1,0,3.986,4.05576184584835,3.9874502180966043,4.047784022029374,3.9582909818773606,3.8601340987295845,3.9811693858283586
2026-06-15,3.771,0,1,0,3.908,3.973199852146391,3.861236195669657,3.827995116207381,3.867527123283521,3.8164591594301744,3.868375310193713
2026-06-22,3.7,0,1,0,3.771,3.917640362611524,3.8181823109115243,3.7788993219142935,3.7496582991261675,3.678405262289424,3.783697108554202
2026-06-29,3.645,0,1,0,3.7,3.722658863306662,3.7351695511189176,3.657238062840733,3.675430446555112,3.615652243390049,3.674746407266995
2026-07-06,3.728,0,1,0,3.645,3.7535627201186084,3.685922663753017,3.61732732941587,3.6238618896865953,3.621276239447382,3.65975945232882
2026-07-13,3.863,0,1,0,3.728,3.734826896796356,3.632515115518322,3.6604851042979054,3.6203068369272002,3.6755920018991817,3.6707309448705794
2026-07-20,3.952,0,1,0,3.863,3.9993391954058026,3.732478247655468,3.8271743405730385,3.7037959680388637,3.8182813330437013,3.8298768971622685
2026-07-27,3.935,0,1,0,3.952,4.128845308290813,3.8337226397324686,3.9995413408849507,3.8058959353200934,3.9123712902067913,3.9500341550093014
2026-08-03,3.864,0,1,0,3.935,4.1650160912155725,3.8775695881326775,3.9382269496809044,3.833958975917835,3.9122312358289477,3.956453750770999
2026-08-10,3.919,0,1,0,3.864,4.054261793497811,3.795666404686326,3.7973157560788247,3.7766487684976746,3.8174328367748394,3.856581704059136
2026-08-17,3.949,0,1,0,3.919,4.104124356764196,3.8309363955175333,3.908677294415855,3.8043843202346,3.8880536833465804,3.9188887287046197
2026-08-24,3.916,0,1,0,3.949,4.184205762440758,3.8867382213728994,3.973656553873941,3.8358636513159907,3.9158634617205985,3.9705242035769155
2026-08-31,3.996,0,1,0,3.916,4.071757094388789,3.8839438489865725,3.940355483179415,3.833469624649233,3.9070118800635347,3.935501798848693
2026-09-07,4.168,0,1,0,3.996,4.179365109243398,3.8778425127006746,4.011483877460558,3.8837135798934823,3.994467402429233,4.004702475631441
2026-09-14,,0,0,1,4.168,4.073033484877452,3.964904006634267,4.0718951810451385,3.9452756924532935,4.135878656258127,4.052994108544226
